{"PREVALENCE_BY_GENDER_AGE_YEAR":{"TRELLIS_NAME":["70-79","50-59","70-79","80-89","60-69","80-89","60-69","50-59","70-79","70-79","70-79","70-79","80-89","60-69","80-89","80-89","50-59","50-59","60-69","80-89","50-59"],"SERIES_NAME":["MALE","MALE","MALE","FEMALE","MALE","FEMALE","MALE","MALE","MALE","MALE","MALE","MALE","FEMALE","MALE","MALE","MALE","MALE","MALE","FEMALE","FEMALE","MALE"],"X_CALENDAR_YEAR":[2107,2124,2127,2130,2136,2137,2138,2138,2143,2152,2153,2166,2168,2168,2173,2182,2184,2187,2187,2187,2198],"Y_PREVALENCE_1000PP":[107.14286,120,103.44828,170.21277,98.36066,153.84615,88.23529,142.85714,130.43478,163.26531,96.77419,109.375,175,125,176.47059,150,96.77419,93.75,187.5,166.66667,120.68966]},"PREVALENCE_BY_MONTH":{"X_CALENDAR_MONTH":[210403,210806,211008,211104,211402,211410,211607,211701,212705,213109,213601,213811,213812,213908,213910,214207,214508,215307,216107,216301,216404,216408,216709,216805,216807,216812,217303,217702,218804,218806,218901,219010,219108,219507,219706,219901],"Y_PREVALENCE_1000PP":[103.44828,82.19178,101.69492,96.77419,95.2381,89.55224,84.50704,109.375,107.14286,86.95652,90.90909,107.14286,125,82.19178,95.2381,74.07407,85.71429,125,80,88.60759,109.09091,78.94737,84.50704,92.30769,97.22222,109.58904,85.71429,142.85714,80,100,115.94203,84.50704,114.7541,111.11111,84.50704,133.33333]},"CONDITIONS_BY_TYPE":{"CONCEPT_NAME":["Claim- Inpatient: Primary diagnosis","Claim- Inpatient: Secondary diagnosis"],"COUNT_VALUE":[120,2393]},"AGE_AT_FIRST_DIAGNOSIS":{"CATEGORY":["MALE","FEMALE"],"MIN_VALUE":[0,0],"P10_VALUE":[40,39],"P25_VALUE":[53,55],"MEDIAN_VALUE":[66,70],"P75_VALUE":[78,81],"P90_VALUE":[85,87],"MAX_VALUE":[307,311]}}
