{"PREVALENCE_BY_GENDER_AGE_YEAR":{"TRELLIS_NAME":["80-89","60-69","60-69","60-69","60-69","60-69","80-89","80-89","70-79","70-79","60-69","60-69","70-79","80-89"],"SERIES_NAME":["MALE","MALE","MALE","MALE","FEMALE","FEMALE","MALE","FEMALE","MALE","MALE","MALE","MALE","MALE","FEMALE"],"X_CALENDAR_YEAR":[2105,2118,2121,2122,2129,2132,2133,2138,2144,2149,2165,2172,2185,2190],"Y_PREVALENCE_1000PP":[216.21622,93.75,126.98413,111.11111,216.21622,155.55556,136.36364,134.61538,130.43478,155.55556,100,133.33333,160,139.53488]},"PREVALENCE_BY_MONTH":{"X_CALENDAR_MONTH":[210701,210902,211708,212308,212903,213507,213610,214207,214406,214911,216005,216509,216812,219009],"Y_PREVALENCE_1000PP":[101.69492,101.69492,86.95652,95.2381,75.94937,76.92308,86.95652,74.07407,101.69492,98.36066,88.23529,88.23529,82.19178,92.10526]},"CONDITIONS_BY_TYPE":{"CONCEPT_NAME":["Claim- Inpatient: Primary diagnosis","Claim- Inpatient: Secondary diagnosis","EHR Chief Complaint"],"COUNT_VALUE":[507,972,874]},"AGE_AT_FIRST_DIAGNOSIS":{"CATEGORY":["MALE","FEMALE"],"MIN_VALUE":[18,22],"P10_VALUE":[46,49],"P25_VALUE":[56,60],"MEDIAN_VALUE":[68,74],"P75_VALUE":[80,84],"P90_VALUE":[86,300],"MAX_VALUE":[306,305]}}
