{"PREVALENCE_BY_GENDER_AGE_YEAR":{"TRELLIS_NAME":["80-89","60-69","70-79","70-79","60-69","80-89","70-79"],"SERIES_NAME":["FEMALE","FEMALE","FEMALE","FEMALE","MALE","MALE","FEMALE"],"X_CALENDAR_YEAR":[2111,2121,2124,2125,2179,2191,2200],"Y_PREVALENCE_1000PP":[111.11111,122.44898,125,125,109.09091,171.42857,146.34146]},"PREVALENCE_BY_MONTH":{"X_CALENDAR_MONTH":[211108,212804,213208,218007],"Y_PREVALENCE_1000PP":[90.90909,112.67606,68.96552,96.77419]},"CONDITIONS_BY_TYPE":{"CONCEPT_NAME":"Claim- Inpatient: Secondary diagnosis","COUNT_VALUE":1766},"AGE_AT_FIRST_DIAGNOSIS":{"CATEGORY":["FEMALE","MALE"],"MIN_VALUE":[18,18],"P10_VALUE":[46,47],"P25_VALUE":[58,56],"MEDIAN_VALUE":[72,67],"P75_VALUE":[81,78],"P90_VALUE":[87,85],"MAX_VALUE":[310,306]}}
