{"PREVALENCE_BY_GENDER_AGE_YEAR":{"TRELLIS_NAME":["0-9","0-9","0-9","0-9","0-9","0-9","0-9","0-9","0-9","0-9","0-9","0-9","0-9","0-9","0-9","0-9","0-9","0-9","0-9","0-9","0-9","0-9","0-9","0-9","0-9","0-9","0-9","0-9","0-9","0-9","0-9","0-9","0-9","0-9","0-9","0-9","0-9","0-9","0-9","0-9","0-9","0-9","0-9","0-9","0-9","0-9","0-9","0-9","0-9","0-9","0-9","0-9","0-9","0-9","0-9","0-9","0-9","0-9","0-9","0-9","0-9","0-9","0-9","0-9","0-9","0-9","0-9","0-9","0-9","0-9","0-9","0-9","0-9","0-9","0-9","0-9","0-9","0-9","0-9","0-9","0-9"],"SERIES_NAME":["FEMALE","MALE","FEMALE","FEMALE","MALE","MALE","FEMALE","MALE","FEMALE","FEMALE","FEMALE","FEMALE","MALE","FEMALE","FEMALE","MALE","MALE","MALE","MALE","FEMALE","FEMALE","MALE","FEMALE","FEMALE","MALE","FEMALE","MALE","FEMALE","FEMALE","MALE","MALE","FEMALE","FEMALE","MALE","FEMALE","MALE","MALE","MALE","MALE","FEMALE","FEMALE","FEMALE","MALE","MALE","FEMALE","FEMALE","MALE","FEMALE","MALE","MALE","MALE","FEMALE","FEMALE","FEMALE","MALE","MALE","FEMALE","FEMALE","MALE","MALE","FEMALE","FEMALE","MALE","FEMALE","FEMALE","MALE","FEMALE","MALE","MALE","FEMALE","MALE","MALE","FEMALE","FEMALE","FEMALE","MALE","MALE","MALE","MALE","MALE","MALE"],"X_CALENDAR_YEAR":[2101,2101,2102,2103,2103,2104,2104,2105,2108,2113,2114,2116,2117,2118,2119,2119,2120,2121,2125,2125,2126,2126,2128,2129,2129,2130,2131,2132,2133,2136,2139,2140,2142,2143,2144,2144,2145,2146,2148,2150,2152,2154,2155,2156,2158,2159,2159,2160,2160,2161,2162,2162,2163,2164,2164,2165,2166,2167,2168,2170,2170,2171,2173,2173,2174,2176,2177,2179,2180,2183,2183,2186,2186,2188,2189,2191,2194,2196,2197,2198,2200],"Y_PREVALENCE_1000PP":[230.76923,208.33333,181.81818,163.26531,145.83333,152.17391,171.42857,162.7907,257.14286,187.5,190.47619,166.66667,229.16667,186.04651,146.34146,173.91304,222.22222,148.93617,166.66667,206.89655,157.89474,146.34146,195.65217,162.16216,181.81818,190.47619,210.52632,146.34146,268.29268,136.36364,200,153.84615,242.42424,133.33333,153.84615,181.81818,200,185.18519,142.85714,225.80645,193.54839,186.44068,137.2549,159.09091,166.66667,142.85714,204.54545,189.18919,139.53488,150,200,184.21053,146.34146,194.44444,190.47619,127.27273,166.66667,153.84615,157.89474,157.89474,166.66667,222.22222,255.81395,176.47059,228.57143,162.7907,200,171.42857,206.89655,181.81818,236.84211,166.66667,166.66667,136.36364,214.28571,210.52632,176.47059,120,155.55556,127.65957,163.26531]},"PREVALENCE_BY_MONTH":{"X_CALENDAR_MONTH":[],"Y_PREVALENCE_1000PP":[]},"CONDITIONS_BY_TYPE":{"CONCEPT_NAME":["Claim- Inpatient: Primary diagnosis","Claim- Inpatient: Secondary diagnosis"],"COUNT_VALUE":[8,1021]},"AGE_AT_FIRST_DIAGNOSIS":{"CATEGORY":["MALE","FEMALE"],"MIN_VALUE":[0,0],"P10_VALUE":[0,0],"P25_VALUE":[0,0],"MEDIAN_VALUE":[0,0],"P75_VALUE":[0,0],"P90_VALUE":[0,0],"MAX_VALUE":[1,1]}}
