{"PREVALENCE_BY_GENDER_AGE_YEAR":{"TRELLIS_NAME":["80-89","70-79","70-79","80-89","80-89","70-79","60-69","50-59"],"SERIES_NAME":["MALE","MALE","MALE","FEMALE","FEMALE","MALE","FEMALE","MALE"],"X_CALENDAR_YEAR":[2123,2130,2135,2140,2149,2167,2188,2192],"Y_PREVALENCE_1000PP":[181.81818,107.14286,122.44898,173.91304,162.16216,100,176.47059,127.27273]},"PREVALENCE_BY_MONTH":{"X_CALENDAR_MONTH":[212807,212911,216912],"Y_PREVALENCE_1000PP":[78.94737,86.95652,103.44828]},"CONDITIONS_BY_TYPE":{"CONCEPT_NAME":["Claim- Inpatient: Primary diagnosis","Claim- Inpatient: Secondary diagnosis"],"COUNT_VALUE":[8,1437]},"AGE_AT_FIRST_DIAGNOSIS":{"CATEGORY":["MALE","FEMALE"],"MIN_VALUE":[18,20],"P10_VALUE":[49,49],"P25_VALUE":[60,62],"MEDIAN_VALUE":[72,76],"P75_VALUE":[82,85],"P90_VALUE":[88,300],"MAX_VALUE":[308,309]}}
