{"PREVALENCE_BY_GENDER_AGE_YEAR":{"TRELLIS_NAME":["50-59","50-59","50-59","40-49","50-59","50-59","50-59","50-59","40-49","50-59"],"SERIES_NAME":["MALE","MALE","MALE","MALE","MALE","MALE","MALE","MALE","FEMALE","MALE"],"X_CALENDAR_YEAR":[2117,2124,2130,2140,2168,2179,2183,2194,2200,2201],"Y_PREVALENCE_1000PP":[142.85714,120,217.3913,187.5,130.43478,146.34146,132.07547,150,222.22222,225.80645]},"PREVALENCE_BY_MONTH":{"X_CALENDAR_MONTH":[213004,213006],"Y_PREVALENCE_1000PP":[90.90909,76.92308]},"CONDITIONS_BY_TYPE":{"CONCEPT_NAME":["Claim- Inpatient: Primary diagnosis","Claim- Inpatient: Secondary diagnosis"],"COUNT_VALUE":[29,1189]},"AGE_AT_FIRST_DIAGNOSIS":{"CATEGORY":["FEMALE","MALE"],"MIN_VALUE":[21,22],"P10_VALUE":[36,40],"P25_VALUE":[44,47],"MEDIAN_VALUE":[51,53],"P75_VALUE":[59,59],"P90_VALUE":[73,65],"MAX_VALUE":[300,85]}}
