{"PREVALENCE_BY_GENDER_AGE_YEAR":{"TRELLIS_NAME":["70-79","80-89","70-79","60-69","70-79","50-59","60-69","80-89","60-69","80-89","70-79","70-79","70-79","60-69","60-69","60-69","60-69","70-79","40-49","70-79","60-69","60-69","60-69","60-69","80-89","70-79","50-59","60-69","70-79","80-89","60-69","60-69","40-49","60-69","80-89","60-69","60-69","60-69","70-79","60-69","70-79","70-79","60-69","60-69","70-79","60-69","70-79","70-79","80-89","60-69","70-79","50-59","70-79","70-79","50-59","60-69","70-79","70-79","60-69","60-69","50-59","80-89","60-69","80-89","70-79","60-69","70-79","70-79","70-79","60-69","70-79","70-79"],"SERIES_NAME":["FEMALE","FEMALE","MALE","MALE","MALE","MALE","MALE","FEMALE","MALE","MALE","FEMALE","MALE","MALE","FEMALE","MALE","MALE","MALE","FEMALE","MALE","FEMALE","FEMALE","MALE","MALE","MALE","MALE","MALE","MALE","MALE","MALE","FEMALE","MALE","MALE","MALE","MALE","FEMALE","MALE","MALE","FEMALE","FEMALE","FEMALE","FEMALE","MALE","FEMALE","MALE","FEMALE","FEMALE","MALE","MALE","FEMALE","MALE","FEMALE","FEMALE","FEMALE","FEMALE","MALE","MALE","FEMALE","MALE","FEMALE","MALE","MALE","MALE","MALE","FEMALE","MALE","MALE","MALE","FEMALE","MALE","MALE","MALE","MALE"],"X_CALENDAR_YEAR":[2101,2102,2102,2102,2103,2105,2107,2109,2110,2113,2113,2114,2115,2118,2119,2121,2124,2125,2130,2130,2131,2131,2132,2133,2133,2133,2135,2136,2137,2138,2140,2142,2142,2143,2144,2147,2150,2152,2153,2154,2156,2159,2159,2161,2164,2164,2165,2167,2168,2170,2173,2174,2174,2175,2177,2178,2179,2179,2182,2185,2187,2188,2188,2188,2189,2189,2192,2194,2196,2199,2199,2200],"Y_PREVALENCE_1000PP":[194.44444,176.47059,122.44898,132.07547,148.14815,133.33333,195.12195,166.66667,148.14815,153.84615,153.84615,140,111.11111,115.38462,89.55224,95.2381,81.08108,125,187.5,156.86275,216.21622,106.06061,118.64407,117.64706,136.36364,111.11111,95.2381,114.7541,160,153.84615,112.90323,115.94203,240,111.11111,181.81818,111.11111,93.75,133.33333,113.20755,177.77778,171.42857,117.64706,142.85714,122.80702,171.42857,214.28571,148.14815,100,150,160.71429,111.11111,214.28571,166.66667,146.34146,109.09091,122.80702,130.43478,95.2381,176.47059,109.375,93.75,136.36364,125,205.12821,132.07547,145.16129,118.64407,162.16216,176.47059,127.27273,118.64407,92.30769]},"PREVALENCE_BY_MONTH":{"X_CALENDAR_MONTH":[210101,210203,210209,210308,210410,210505,210508,210604,210709,210812,210906,211001,212111,212511,212612,212906,213106,213201,213403,213703,213704,213812,214303,214406,215401,215508,215601,215612,215803,215805,215911,216111,216503,216805,216812,216911,217405,217412,217708,217804,217909,218709,218812,218911,219005,219610,219705,219908],"Y_PREVALENCE_1000PP":[90.90909,94.59459,109.09091,88.23529,96.77419,133.33333,120.68966,89.74359,107.69231,101.26582,125,95.2381,90.90909,133.33333,95.2381,78.94737,78.94737,70.58824,83.33333,76.92308,102.5641,125,100,101.69492,87.5,107.69231,78.94737,80.45977,85.71429,116.66667,109.375,92.30769,93.75,107.69231,82.19178,93.75,121.62162,93.75,101.44928,87.5,89.55224,98.36066,113.92405,100,123.28767,83.33333,90.90909,98.59155]},"CONDITIONS_BY_TYPE":{"CONCEPT_NAME":["Claim- Inpatient: Primary diagnosis","Claim- Inpatient: Secondary diagnosis","EHR Chief Complaint"],"COUNT_VALUE":[89,2980,78]},"AGE_AT_FIRST_DIAGNOSIS":{"CATEGORY":["FEMALE","MALE"],"MIN_VALUE":[0,0],"P10_VALUE":[46,44],"P25_VALUE":[58,55],"MEDIAN_VALUE":[71,66],"P75_VALUE":[81,77],"P90_VALUE":[88,84],"MAX_VALUE":[310,308]}}
