{"PREVALENCE_BY_GENDER_AGE_YEAR":{"TRELLIS_NAME":["60-69","60-69","70-79","60-69","60-69","70-79","60-69","60-69","70-79","60-69","70-79","70-79","70-79","50-59","60-69","60-69","60-69","50-59","60-69","60-69","60-69","60-69","50-59","60-69","70-79","60-69","60-69","60-69","70-79","70-79","60-69","80-89","70-79","60-69","70-79","60-69","70-79","60-69","60-69","60-69","70-79","60-69","60-69","60-69","70-79","60-69","70-79","70-79","60-69","60-69"],"SERIES_NAME":["MALE","MALE","MALE","MALE","MALE","MALE","MALE","MALE","MALE","MALE","MALE","FEMALE","MALE","MALE","MALE","MALE","MALE","MALE","MALE","MALE","MALE","MALE","MALE","MALE","MALE","MALE","MALE","MALE","MALE","MALE","MALE","MALE","MALE","MALE","MALE","MALE","MALE","MALE","MALE","MALE","MALE","MALE","MALE","MALE","FEMALE","MALE","MALE","MALE","MALE","MALE"],"X_CALENDAR_YEAR":[2101,2106,2108,2111,2112,2112,2114,2115,2121,2126,2127,2133,2133,2135,2138,2141,2143,2144,2145,2146,2150,2151,2154,2157,2159,2160,2161,2163,2163,2165,2166,2166,2166,2167,2167,2171,2172,2174,2175,2176,2176,2177,2179,2182,2194,2194,2196,2198,2199,2200],"Y_PREVALENCE_1000PP":[140,117.64706,174.60317,125,129.62963,96.77419,105.26316,100,162.16216,82.19178,137.93103,136.36364,111.11111,111.11111,102.94118,118.64407,95.2381,133.33333,189.65517,129.03226,125,83.33333,139.53488,117.64706,156.86275,86.95652,122.80702,105.26316,107.69231,129.62963,122.44898,133.33333,109.375,146.34146,116.66667,111.11111,148.14815,127.65957,106.06061,132.07547,122.44898,109.375,127.27273,98.36066,162.16216,140,117.64706,130.43478,109.09091,101.44928]},"PREVALENCE_BY_MONTH":{"X_CALENDAR_MONTH":218208,"Y_PREVALENCE_1000PP":90.90909},"CONDITIONS_BY_TYPE":{"CONCEPT_NAME":["Claim- Inpatient: Secondary diagnosis","EHR Chief Complaint"],"COUNT_VALUE":[1653,289]},"AGE_AT_FIRST_DIAGNOSIS":{"CATEGORY":["MALE","FEMALE"],"MIN_VALUE":[27,37],"P10_VALUE":[53,55],"P25_VALUE":[60,64],"MEDIAN_VALUE":[67,73],"P75_VALUE":[75,80],"P90_VALUE":[82,85],"MAX_VALUE":[304,306]}}
