{"PREVALENCE_BY_GENDER_AGE_YEAR":{"TRELLIS_NAME":["60-69","60-69","70-79","70-79","60-69","80-89","70-79","70-79","60-69","70-79","60-69","60-69","70-79","50-59","70-79","60-69","70-79","60-69","60-69","60-69","70-79","60-69","70-79","70-79","80-89","60-69"],"SERIES_NAME":["MALE","MALE","MALE","MALE","MALE","MALE","MALE","MALE","MALE","MALE","MALE","MALE","MALE","MALE","MALE","MALE","MALE","MALE","MALE","MALE","MALE","MALE","MALE","MALE","MALE","MALE"],"X_CALENDAR_YEAR":[2103,2110,2114,2116,2127,2132,2133,2137,2144,2145,2156,2158,2165,2165,2172,2174,2175,2177,2178,2182,2187,2191,2192,2194,2195,2195],"Y_PREVALENCE_1000PP":[136.36364,129.62963,120,148.93617,130.43478,195.65217,111.11111,120,105.26316,112.90323,103.44828,125,129.62963,130.43478,111.11111,148.93617,166.66667,125,122.80702,98.36066,133.33333,145.45455,118.64407,109.09091,162.16216,85.71429]},"PREVALENCE_BY_MONTH":{"X_CALENDAR_MONTH":[212304,213504,215306,219306],"Y_PREVALENCE_1000PP":[80,133.33333,75.94937,86.95652]},"CONDITIONS_BY_TYPE":{"CONCEPT_NAME":["Claim- Inpatient: Primary diagnosis","Claim- Inpatient: Secondary diagnosis"],"COUNT_VALUE":[266,1538]},"AGE_AT_FIRST_DIAGNOSIS":{"CATEGORY":["MALE","FEMALE"],"MIN_VALUE":[19,19],"P10_VALUE":[49,51],"P25_VALUE":[59,61],"MEDIAN_VALUE":[69,72],"P75_VALUE":[77,81],"P90_VALUE":[84,87],"MAX_VALUE":[308,309]}}
