{"PREVALENCE_BY_GENDER_AGE_YEAR":{"TRELLIS_NAME":["80-89","70-79","70-79","80-89","80-89","80-89","70-79","80-89","60-69","70-79","80-89","70-79","70-79","70-79","70-79","70-79","70-79","70-79","80-89","60-69","80-89","60-69","60-69","80-89","70-79","70-79","70-79","60-69","70-79","70-79","70-79","70-79","80-89","70-79","80-89","70-79","60-69","70-79","70-79","80-89","70-79","60-69","80-89","80-89","70-79","70-79","70-79","80-89","70-79","70-79","80-89","80-89","60-69","80-89","70-79","80-89","80-89","80-89","60-69","80-89","70-79","70-79","80-89","70-79","80-89"],"SERIES_NAME":["MALE","MALE","MALE","FEMALE","MALE","MALE","MALE","MALE","MALE","MALE","FEMALE","MALE","FEMALE","FEMALE","MALE","MALE","FEMALE","FEMALE","MALE","MALE","MALE","MALE","MALE","FEMALE","MALE","MALE","MALE","MALE","MALE","MALE","MALE","FEMALE","MALE","FEMALE","MALE","FEMALE","MALE","MALE","FEMALE","MALE","MALE","MALE","FEMALE","FEMALE","MALE","FEMALE","MALE","FEMALE","MALE","FEMALE","MALE","FEMALE","MALE","FEMALE","MALE","FEMALE","FEMALE","MALE","MALE","MALE","MALE","FEMALE","MALE","MALE","MALE"],"X_CALENDAR_YEAR":[2101,2104,2105,2106,2106,2107,2108,2108,2108,2109,2111,2114,2115,2116,2117,2118,2126,2129,2130,2132,2132,2133,2134,2135,2141,2144,2145,2145,2146,2147,2149,2150,2155,2158,2163,2163,2165,2170,2174,2174,2176,2178,2179,2180,2180,2181,2181,2185,2186,2186,2188,2188,2189,2189,2190,2190,2192,2192,2193,2195,2195,2195,2196,2197,2197],"Y_PREVALENCE_1000PP":[184.21053,152.17391,148.14815,133.33333,153.84615,130.43478,111.11111,193.54839,125,175,111.11111,120,187.5,150,136.36364,160,130.43478,130.43478,218.75,101.69492,130.43478,102.94118,127.65957,250,183.67347,130.43478,112.90323,120.68966,186.44068,105.26316,133.33333,189.18919,133.33333,181.81818,216.21622,122.80702,100,113.20755,111.11111,200,122.44898,122.80702,152.17391,139.53488,114.7541,222.22222,160,150,133.33333,187.5,136.36364,153.84615,112.90323,166.66667,140.35088,139.53488,170.73171,157.89474,134.61538,216.21622,169.81132,162.7907,146.34146,113.20755,189.18919]},"PREVALENCE_BY_MONTH":{"X_CALENDAR_MONTH":[210203,210606,210810,210812,211605,212108,212309,212802,213009,213207,214102,214103,214301,214304,214702,214807,214906,215306,215403,215810,217408,217705,218010,218707,219211,219510,219602,219705,219706,219903],"Y_PREVALENCE_1000PP":[81.08108,90.90909,101.44928,88.60759,107.69231,98.36066,107.14286,107.14286,95.2381,73.17073,101.44928,78.94737,93.75,93.75,98.36066,90.90909,78.94737,75.94937,103.44828,129.03226,81.08108,95.2381,111.11111,83.33333,84.50704,107.14286,103.44828,90.90909,84.50704,107.14286]},"CONDITIONS_BY_TYPE":{"CONCEPT_NAME":["Claim- Inpatient: Primary diagnosis","Claim- Inpatient: Secondary diagnosis"],"COUNT_VALUE":[1140,1410]},"AGE_AT_FIRST_DIAGNOSIS":{"CATEGORY":["FEMALE","MALE"],"MIN_VALUE":[20,22],"P10_VALUE":[59,53],"P25_VALUE":[70,63],"MEDIAN_VALUE":[78,74],"P75_VALUE":[85,81],"P90_VALUE":[300,86],"MAX_VALUE":[306,310]}}
