{"PREVALENCE_BY_GENDER_AGE_YEAR":{"TRELLIS_NAME":["0-9","0-9","0-9","0-9","0-9","0-9","0-9","0-9","0-9","0-9","0-9","0-9","0-9","0-9","0-9","0-9","0-9","0-9","0-9","0-9","0-9","0-9","0-9","0-9","0-9","0-9","0-9","0-9","0-9","0-9","0-9","0-9","0-9","0-9","0-9","0-9","0-9","0-9","0-9","0-9","0-9","0-9","0-9","0-9","0-9","0-9","0-9","0-9","0-9","0-9","0-9"],"SERIES_NAME":["FEMALE","MALE","MALE","MALE","MALE","MALE","MALE","MALE","FEMALE","FEMALE","FEMALE","MALE","MALE","MALE","MALE","MALE","MALE","FEMALE","FEMALE","FEMALE","FEMALE","MALE","MALE","MALE","MALE","MALE","FEMALE","FEMALE","MALE","MALE","FEMALE","FEMALE","MALE","MALE","MALE","FEMALE","MALE","MALE","FEMALE","MALE","MALE","FEMALE","FEMALE","FEMALE","FEMALE","FEMALE","MALE","MALE","FEMALE","FEMALE","MALE"],"X_CALENDAR_YEAR":[2105,2106,2107,2108,2110,2111,2113,2115,2117,2118,2119,2123,2125,2127,2129,2132,2134,2134,2135,2136,2137,2140,2143,2146,2155,2156,2156,2158,2158,2159,2159,2160,2165,2166,2168,2175,2176,2177,2178,2178,2182,2184,2185,2186,2187,2188,2192,2195,2197,2200,2201],"Y_PREVALENCE_1000PP":[190.47619,173.91304,184.21053,140,175.4386,166.66667,184.21053,155.55556,250,162.7907,195.12195,265.30612,222.22222,185.18519,136.36364,125,187.5,195.12195,194.44444,142.85714,162.16216,181.81818,133.33333,185.18519,117.64706,181.81818,177.77778,166.66667,139.53488,159.09091,244.89796,216.21622,127.27273,117.64706,184.21053,187.5,162.7907,142.85714,181.81818,180,145.83333,179.48718,162.7907,250,166.66667,136.36364,232.55814,212.12121,194.44444,184.21053,193.54839]},"PREVALENCE_BY_MONTH":{"X_CALENDAR_MONTH":[],"Y_PREVALENCE_1000PP":[]},"CONDITIONS_BY_TYPE":{"CONCEPT_NAME":"Claim- Inpatient: Secondary diagnosis","COUNT_VALUE":871},"AGE_AT_FIRST_DIAGNOSIS":{"CATEGORY":["FEMALE","MALE"],"MIN_VALUE":[0,0],"P10_VALUE":[0,0],"P25_VALUE":[0,0],"MEDIAN_VALUE":[0,0],"P75_VALUE":[0,0],"P90_VALUE":[0,0],"MAX_VALUE":[0,0]}}
