{"PREVALENCE_BY_GENDER_AGE_YEAR":{"TRELLIS_NAME":["0-9","0-9","0-9","0-9","0-9","0-9","0-9","0-9","0-9","0-9","0-9","0-9","0-9","0-9","0-9","0-9","0-9","0-9","0-9","0-9","0-9","0-9","0-9","0-9","0-9","0-9","0-9","0-9","0-9","0-9","0-9","0-9","0-9","0-9","0-9","0-9","0-9","0-9","0-9","0-9","0-9","0-9","0-9","0-9","0-9","0-9","0-9","0-9","0-9","0-9","0-9","0-9","0-9","0-9","0-9","0-9","0-9","0-9","0-9","0-9","0-9","0-9","0-9","0-9","0-9","0-9","0-9","0-9","0-9","0-9","0-9","0-9","0-9","0-9","0-9","0-9","0-9","0-9","0-9","0-9","0-9","0-9","0-9","0-9","0-9","0-9","0-9","0-9","0-9","0-9","0-9","0-9","0-9","0-9","0-9","0-9","0-9","0-9","0-9","0-9","0-9","0-9","0-9","0-9","0-9","0-9","0-9","0-9","0-9","0-9","0-9","0-9","0-9","0-9","0-9","0-9","0-9","0-9","0-9","0-9","0-9","0-9","0-9","0-9","0-9","0-9"],"SERIES_NAME":["MALE","FEMALE","MALE","FEMALE","MALE","FEMALE","MALE","MALE","MALE","MALE","FEMALE","MALE","MALE","FEMALE","MALE","FEMALE","FEMALE","MALE","MALE","MALE","MALE","MALE","FEMALE","MALE","MALE","MALE","FEMALE","FEMALE","MALE","FEMALE","MALE","FEMALE","MALE","FEMALE","MALE","FEMALE","MALE","MALE","MALE","FEMALE","FEMALE","MALE","MALE","MALE","MALE","MALE","MALE","FEMALE","MALE","FEMALE","MALE","FEMALE","MALE","FEMALE","MALE","MALE","FEMALE","FEMALE","FEMALE","MALE","MALE","FEMALE","FEMALE","MALE","FEMALE","MALE","FEMALE","MALE","MALE","MALE","FEMALE","FEMALE","MALE","MALE","FEMALE","MALE","MALE","FEMALE","MALE","FEMALE","MALE","FEMALE","MALE","FEMALE","MALE","MALE","MALE","FEMALE","FEMALE","MALE","MALE","FEMALE","MALE","MALE","FEMALE","MALE","MALE","MALE","FEMALE","MALE","MALE","MALE","MALE","FEMALE","MALE","FEMALE","MALE","FEMALE","MALE","MALE","FEMALE","MALE","MALE","FEMALE","FEMALE","MALE","MALE","MALE","MALE","FEMALE","MALE","FEMALE","MALE","MALE","MALE","MALE"],"X_CALENDAR_YEAR":[2101,2102,2103,2103,2104,2104,2107,2108,2109,2110,2111,2111,2112,2112,2113,2113,2114,2116,2117,2119,2120,2121,2121,2122,2123,2124,2124,2125,2125,2126,2126,2127,2128,2128,2129,2130,2130,2131,2132,2132,2133,2133,2134,2135,2136,2137,2138,2138,2139,2140,2141,2141,2143,2143,2145,2146,2146,2147,2148,2148,2149,2151,2152,2152,2153,2154,2154,2155,2157,2158,2158,2159,2159,2160,2160,2161,2162,2162,2163,2163,2164,2165,2165,2166,2166,2168,2169,2169,2171,2172,2173,2174,2174,2175,2175,2176,2177,2178,2179,2179,2180,2182,2183,2183,2184,2185,2185,2188,2188,2189,2190,2190,2191,2191,2192,2192,2193,2194,2196,2197,2197,2198,2198,2199,2200,2201],"Y_PREVALENCE_1000PP":[187.5,181.81818,208.33333,142.85714,173.91304,314.28571,157.89474,160,181.81818,122.80702,200,166.66667,162.7907,162.16216,184.21053,218.75,214.28571,268.29268,187.5,173.91304,194.44444,255.31915,170.73171,137.93103,163.26531,162.16216,218.75,206.89655,277.77778,184.21053,195.12195,218.75,179.48718,239.13043,204.54545,142.85714,159.09091,289.47368,166.66667,170.73171,146.34146,170.73171,187.5,210.52632,159.09091,163.93443,153.84615,153.84615,225,230.76923,166.66667,162.16216,244.44444,162.16216,250,148.14815,321.42857,194.44444,157.89474,244.89796,150,159.09091,225.80645,211.53846,242.42424,160,152.54237,156.86275,187.5,209.30233,190.47619,183.67347,250,139.53488,189.18919,150,225,157.89474,183.67347,170.73171,214.28571,241.37931,127.27273,166.66667,156.86275,184.21053,179.48718,181.81818,177.77778,136.36364,209.30233,171.42857,157.89474,250,250,186.04651,163.26531,200,300,257.14286,275.86207,166.66667,210.52632,181.81818,232.55814,209.30233,170.73171,204.54545,150,205.12821,219.5122,157.89474,263.15789,179.48718,307.69231,162.7907,140,176.47059,180,194.44444,200,181.81818,148.93617,133.33333,224.4898,322.58065]},"PREVALENCE_BY_MONTH":{"X_CALENDAR_MONTH":[],"Y_PREVALENCE_1000PP":[]},"CONDITIONS_BY_TYPE":{"CONCEPT_NAME":["Claim- Inpatient: Primary diagnosis","Claim- Inpatient: Secondary diagnosis"],"COUNT_VALUE":[8,1298]},"AGE_AT_FIRST_DIAGNOSIS":{"CATEGORY":["MALE","FEMALE"],"MIN_VALUE":[0,0],"P10_VALUE":[0,0],"P25_VALUE":[0,0],"MEDIAN_VALUE":[0,0],"P75_VALUE":[0,0],"P90_VALUE":[0,0],"MAX_VALUE":[0,0]}}
