{"PREVALENCE_BY_GENDER_AGE_YEAR":{"TRELLIS_NAME":["80-89","70-79","70-79","60-69","50-59","80-89","60-69","60-69","60-69","60-69","80-89","60-69","70-79","60-69","60-69","80-89","60-69","60-69","60-69","70-79","70-79","60-69","70-79","70-79","70-79","70-79","70-79","70-79","70-79","60-69","60-69","60-69","60-69","60-69","70-79","60-69","70-79","70-79","60-69","70-79","70-79","80-89","70-79","60-69","60-69","70-79","80-89","60-69","50-59","60-69","60-69","60-69","70-79","80-89","60-69","60-69","60-69","70-79","70-79","60-69","60-69","70-79","60-69","70-79","80-89","50-59","70-79","70-79","60-69","80-89","80-89","70-79","60-69","70-79","70-79","60-69","70-79","70-79","60-69","70-79","60-69","70-79","70-79","80-89","60-69","60-69","50-59","70-79"],"SERIES_NAME":["MALE","MALE","MALE","MALE","MALE","MALE","MALE","MALE","FEMALE","MALE","MALE","MALE","MALE","FEMALE","MALE","MALE","MALE","MALE","MALE","FEMALE","MALE","MALE","MALE","MALE","MALE","MALE","MALE","MALE","MALE","MALE","MALE","MALE","MALE","MALE","MALE","MALE","MALE","MALE","MALE","MALE","MALE","FEMALE","MALE","MALE","MALE","FEMALE","MALE","MALE","MALE","MALE","MALE","MALE","MALE","FEMALE","MALE","MALE","MALE","MALE","FEMALE","MALE","FEMALE","MALE","MALE","MALE","MALE","MALE","FEMALE","MALE","MALE","MALE","MALE","MALE","MALE","FEMALE","MALE","MALE","MALE","MALE","MALE","MALE","MALE","MALE","MALE","MALE","MALE","MALE","MALE","MALE"],"X_CALENDAR_YEAR":[2105,2105,2107,2107,2111,2111,2112,2114,2114,2115,2116,2116,2118,2118,2118,2118,2119,2120,2121,2123,2126,2126,2127,2128,2129,2131,2133,2136,2137,2138,2140,2141,2142,2143,2145,2145,2146,2147,2148,2148,2149,2149,2151,2151,2152,2153,2153,2154,2156,2156,2157,2160,2160,2161,2162,2163,2164,2165,2166,2166,2167,2169,2170,2170,2172,2173,2173,2174,2175,2175,2176,2176,2178,2178,2179,2180,2180,2182,2182,2185,2185,2187,2188,2190,2193,2200,2200,2200],"Y_PREVALENCE_1000PP":[189.18919,111.11111,107.14286,170.73171,134.61538,176.47059,129.62963,92.10526,142.85714,133.33333,181.81818,101.69492,160,134.61538,109.375,142.85714,89.55224,134.61538,111.11111,186.04651,109.09091,150.68493,103.44828,140,142.85714,105.26316,111.11111,93.75,120,117.64706,145.16129,101.69492,101.44928,126.98413,112.90323,137.93103,169.49153,192.98246,101.69492,153.84615,133.33333,162.16216,166.66667,83.33333,117.64706,132.07547,153.84615,132.07547,127.65957,120.68966,117.64706,86.95652,125,136.36364,177.41935,122.80702,92.30769,129.62963,120,142.85714,166.66667,145.83333,125,132.07547,127.65957,170.21277,111.11111,127.65957,136.36364,176.47059,136.36364,142.85714,140.35088,130.43478,126.98413,204.08163,98.36066,148.93617,131.14754,140,140.625,100,111.11111,139.53488,115.38462,115.94203,145.83333,123.07692]},"PREVALENCE_BY_MONTH":{"X_CALENDAR_MONTH":[210309,210705,211209,211307,211308,211408,211511,211605,211804,211805,212605,213211,213607,213712,214801,214807,215201,215207,215310,215406,216211,216506,216704,216707,217303,217307,217709,218001,218204,218512,219901,220001],"Y_PREVALENCE_1000PP":[89.55224,95.2381,83.33333,89.55224,82.19178,78.94737,100,92.30769,85.71429,120.68966,86.95652,116.66667,93.75,75.94937,104.47761,106.06061,142.85714,92.30769,85.71429,81.08108,113.20755,86.95652,78.94737,82.19178,100,86.95652,82.19178,122.80702,83.33333,117.64706,100,89.55224]},"CONDITIONS_BY_TYPE":{"CONCEPT_NAME":"Claim- Inpatient: Secondary diagnosis","COUNT_VALUE":2725},"AGE_AT_FIRST_DIAGNOSIS":{"CATEGORY":["MALE","FEMALE"],"MIN_VALUE":[33,35],"P10_VALUE":[53,58],"P25_VALUE":[61,66],"MEDIAN_VALUE":[69,75],"P75_VALUE":[78,83],"P90_VALUE":[85,88],"MAX_VALUE":[311,310]}}
