{"PREVALENCE_BY_GENDER_AGE_YEAR":{"TRELLIS_NAME":["50-59","60-69","60-69","70-79","60-69","60-69","60-69","70-79","60-69","50-59"],"SERIES_NAME":["MALE","MALE","MALE","MALE","MALE","MALE","MALE","FEMALE","MALE","MALE"],"X_CALENDAR_YEAR":[2104,2117,2125,2138,2140,2142,2143,2160,2171,2184],"Y_PREVALENCE_1000PP":[125,109.09091,111.11111,109.09091,96.77419,144.92754,95.2381,153.84615,95.2381,96.77419]},"PREVALENCE_BY_MONTH":{"X_CALENDAR_MONTH":[215310,216001],"Y_PREVALENCE_1000PP":[100,95.2381]},"CONDITIONS_BY_TYPE":{"CONCEPT_NAME":"Claim- Inpatient: Secondary diagnosis","COUNT_VALUE":1580},"AGE_AT_FIRST_DIAGNOSIS":{"CATEGORY":["FEMALE","MALE"],"MIN_VALUE":[21,22],"P10_VALUE":[44,47],"P25_VALUE":[55,55],"MEDIAN_VALUE":[66,64],"P75_VALUE":[76,73],"P90_VALUE":[83,81],"MAX_VALUE":[302,304]}}
