{"PREVALENCE_BY_GENDER_AGE_YEAR":{"TRELLIS_NAME":["60-69","70-79","60-69","60-69","70-79","60-69","50-59","60-69","70-79","80-89","70-79","70-79","60-69","70-79","70-79","70-79"],"SERIES_NAME":["MALE","MALE","FEMALE","MALE","MALE","FEMALE","MALE","MALE","MALE","FEMALE","FEMALE","MALE","MALE","FEMALE","FEMALE","MALE"],"X_CALENDAR_YEAR":[2124,2125,2125,2126,2127,2131,2131,2132,2144,2146,2167,2179,2179,2181,2183,2194],"Y_PREVALENCE_1000PP":[81.08108,125,175,82.19178,120.68966,189.18919,125,101.69492,130.43478,133.33333,136.36364,95.2381,163.63636,166.66667,153.84615,109.09091]},"PREVALENCE_BY_MONTH":{"X_CALENDAR_MONTH":[210906,215107,215301,215611,216704,216805,217501,218001,218202,218707],"Y_PREVALENCE_1000PP":[125,76.92308,102.94118,117.64706,78.94737,92.30769,105.26316,105.26316,127.27273,83.33333]},"CONDITIONS_BY_TYPE":{"CONCEPT_NAME":["Claim- Inpatient: Primary diagnosis","Claim- Inpatient: Secondary diagnosis"],"COUNT_VALUE":[38,2017]},"AGE_AT_FIRST_DIAGNOSIS":{"CATEGORY":["MALE","FEMALE"],"MIN_VALUE":[17,17],"P10_VALUE":[35,42],"P25_VALUE":[53,55],"MEDIAN_VALUE":[66,68],"P75_VALUE":[77,79],"P90_VALUE":[83,86],"MAX_VALUE":[303,307]}}
