{"PREVALENCE_BY_GENDER_AGE_YEAR":{"TRELLIS_NAME":["70-79","50-59","60-69","50-59","70-79","50-59","60-69","60-69","60-69","50-59","60-69","50-59","70-79"],"SERIES_NAME":["FEMALE","FEMALE","FEMALE","FEMALE","FEMALE","FEMALE","FEMALE","MALE","MALE","FEMALE","MALE","FEMALE","FEMALE"],"X_CALENDAR_YEAR":[2107,2107,2117,2129,2130,2131,2132,2142,2160,2160,2162,2177,2195],"Y_PREVALENCE_1000PP":[133.33333,307.69231,146.34146,162.16216,137.2549,157.89474,155.55556,86.95652,86.95652,242.42424,112.90323,206.89655,139.53488]},"PREVALENCE_BY_MONTH":{"X_CALENDAR_MONTH":[211306,211410,212505,213605,214301,215105,215208,215808,216006,216205,216402,217702,219007,219203,219501,220006],"Y_PREVALENCE_1000PP":[112.90323,104.47761,86.95652,94.59459,93.75,103.44828,89.55224,86.95652,122.80702,105.26316,103.44828,125,98.36066,85.71429,102.94118,95.2381]},"CONDITIONS_BY_TYPE":{"CONCEPT_NAME":["Claim- Inpatient: Secondary diagnosis","EHR Chief Complaint"],"COUNT_VALUE":[2190,105]},"AGE_AT_FIRST_DIAGNOSIS":{"CATEGORY":["MALE","FEMALE"],"MIN_VALUE":[16,16],"P10_VALUE":[31,33],"P25_VALUE":[43,46],"MEDIAN_VALUE":[57,59],"P75_VALUE":[68,72],"P90_VALUE":[79,82],"MAX_VALUE":[308,306]}}
