{"PREVALENCE_BY_GENDER_AGE_YEAR":{"TRELLIS_NAME":[],"SERIES_NAME":[],"X_CALENDAR_YEAR":[],"Y_PREVALENCE_1000PP":[]},"PREVALENCE_BY_MONTH":{"X_CALENDAR_MONTH":[213506,213909,214007,214205,216603,217408,218710,218712,218804,220001],"Y_PREVALENCE_1000PP":[109.375,85.71429,88.23529,74.07407,81.08108,94.59459,89.55224,90.90909,106.66667,89.55224]},"CONDITIONS_BY_TYPE":{"CONCEPT_NAME":["Claim- Inpatient: Primary diagnosis","Claim- Inpatient: Secondary diagnosis","EHR Chief Complaint"],"COUNT_VALUE":[24,1887,22]},"AGE_AT_FIRST_DIAGNOSIS":{"CATEGORY":["FEMALE","MALE"],"MIN_VALUE":[20,23],"P10_VALUE":[44,46],"P25_VALUE":[55,54],"MEDIAN_VALUE":[67,65],"P75_VALUE":[76,75],"P90_VALUE":[83,82],"MAX_VALUE":[309,302]}}
