{"PREVALENCE_BY_GENDER_AGE_YEAR":{"TRELLIS_NAME":["70-79","60-69","70-79","70-79","80-89","70-79","70-79","80-89","60-69","70-79","60-69","50-59","70-79","70-79","60-69","60-69","60-69","50-59","60-69","50-59","70-79","60-69","70-79","70-79","70-79","70-79","60-69","60-69","80-89","80-89","60-69","70-79","80-89","70-79","70-79","80-89","50-59","70-79","60-69","70-79","70-79","70-79","50-59","60-69","80-89","70-79","80-89","70-79","70-79","60-69","80-89","70-79","70-79","60-69","50-59","60-69","70-79","60-69","70-79","70-79","80-89","70-79","70-79","70-79","80-89","60-69","70-79","60-69","70-79","80-89","60-69","60-69","60-69","70-79","50-59","70-79","60-69","70-79","60-69","50-59","60-69"],"SERIES_NAME":["MALE","MALE","MALE","FEMALE","FEMALE","MALE","FEMALE","MALE","MALE","FEMALE","MALE","FEMALE","MALE","MALE","MALE","MALE","MALE","MALE","FEMALE","MALE","FEMALE","MALE","MALE","FEMALE","FEMALE","MALE","MALE","MALE","FEMALE","FEMALE","MALE","MALE","FEMALE","MALE","FEMALE","FEMALE","MALE","FEMALE","MALE","MALE","MALE","FEMALE","FEMALE","FEMALE","FEMALE","MALE","MALE","MALE","MALE","MALE","FEMALE","MALE","MALE","MALE","MALE","FEMALE","MALE","MALE","MALE","FEMALE","FEMALE","MALE","FEMALE","FEMALE","FEMALE","MALE","MALE","MALE","MALE","FEMALE","MALE","FEMALE","MALE","FEMALE","FEMALE","MALE","MALE","MALE","FEMALE","MALE","MALE"],"X_CALENDAR_YEAR":[2101,2102,2103,2104,2106,2108,2110,2112,2112,2113,2114,2114,2115,2116,2117,2118,2119,2120,2122,2122,2125,2126,2127,2127,2128,2128,2129,2131,2132,2133,2133,2134,2136,2136,2138,2141,2141,2141,2142,2142,2143,2143,2144,2144,2146,2147,2148,2148,2149,2151,2152,2153,2154,2157,2158,2158,2159,2161,2163,2163,2163,2164,2168,2170,2174,2175,2177,2177,2179,2181,2182,2183,2185,2186,2187,2188,2189,2190,2193,2198,2200],"Y_PREVALENCE_1000PP":[113.20755,132.07547,129.62963,148.93617,133.33333,126.98413,150,162.16216,129.62963,179.48718,78.94737,187.5,111.11111,148.93617,109.09091,93.75,134.32836,127.65957,146.34146,107.14286,125,82.19178,103.44828,137.93103,136.36364,140,135.59322,151.51515,176.47059,150,117.64706,107.69231,218.75,109.375,150,157.89474,117.64706,130.43478,86.95652,113.20755,195.65217,120,187.5,139.53488,200,157.89474,200,134.61538,133.33333,125,142.85714,96.77419,142.85714,117.64706,107.14286,139.53488,117.64706,122.80702,92.30769,122.80702,136.36364,145.83333,109.09091,212.12121,195.12195,90.90909,95.2381,140.625,95.2381,170.73171,131.14754,166.66667,125,218.75,171.42857,111.11111,96.77419,105.26316,142.85714,103.44828,101.44928]},"PREVALENCE_BY_MONTH":{"X_CALENDAR_MONTH":[210008,210204,210301,210812,211108,211204,211403,211502,212012,212407,212502,212612,212703,212707,213102,213106,213204,213304,213305,213504,213509,213606,213908,214107,214112,214209,214310,214407,214710,214805,215103,215308,215506,216007,216104,217403,217610,217909,218509,218510,218712,219205,219306,219707,219805,220010],"Y_PREVALENCE_1000PP":[125,100,86.95652,75.94937,90.90909,96.77419,89.55224,104.47761,89.55224,88.23529,88.23529,95.2381,98.36066,83.33333,111.11111,78.94737,81.08108,101.26582,79.54545,100,101.69492,95.89041,82.19178,80,96.77419,106.06061,92.30769,88.23529,135.59322,72.28916,117.64706,82.19178,117.64706,114.28571,88.23529,78.94737,90.90909,89.55224,107.14286,92.30769,103.8961,116.66667,86.95652,105.26316,85.71429,100]},"CONDITIONS_BY_TYPE":{"CONCEPT_NAME":["Claim- Inpatient: Primary diagnosis","Claim- Inpatient: Secondary diagnosis","EHR Chief Complaint"],"COUNT_VALUE":[569,2361,11]},"AGE_AT_FIRST_DIAGNOSIS":{"CATEGORY":["FEMALE","MALE"],"MIN_VALUE":[19,0],"P10_VALUE":[50,50],"P25_VALUE":[62,59],"MEDIAN_VALUE":[74,69],"P75_VALUE":[82,78],"P90_VALUE":[88,84],"MAX_VALUE":[306,309]}}
