{"PREVALENCE_BY_GENDER_AGE_YEAR":{"TRELLIS_NAME":["70-79","80-89","80-89","80-89","70-79","80-89","70-79","80-89","70-79","80-89","300-309","80-89","70-79","80-89","70-79","80-89","70-79","70-79","80-89","80-89","70-79","70-79","80-89","70-79","80-89","80-89","70-79","80-89","80-89","80-89","80-89","80-89","70-79","80-89","60-69","70-79","80-89","80-89","80-89","80-89","70-79","60-69","80-89","70-79","80-89","300-309","300-309","70-79","80-89","80-89","70-79","80-89","80-89","80-89","300-309"],"SERIES_NAME":["FEMALE","FEMALE","FEMALE","FEMALE","FEMALE","FEMALE","FEMALE","FEMALE","FEMALE","FEMALE","FEMALE","FEMALE","FEMALE","FEMALE","FEMALE","FEMALE","FEMALE","FEMALE","FEMALE","FEMALE","FEMALE","FEMALE","FEMALE","FEMALE","FEMALE","FEMALE","FEMALE","FEMALE","FEMALE","FEMALE","FEMALE","FEMALE","FEMALE","FEMALE","FEMALE","FEMALE","FEMALE","FEMALE","FEMALE","FEMALE","FEMALE","FEMALE","FEMALE","FEMALE","FEMALE","FEMALE","FEMALE","FEMALE","FEMALE","FEMALE","FEMALE","FEMALE","FEMALE","FEMALE","FEMALE"],"X_CALENDAR_YEAR":[2101,2102,2105,2108,2109,2110,2110,2111,2114,2117,2120,2121,2122,2125,2126,2126,2127,2133,2133,2134,2134,2137,2138,2140,2141,2144,2145,2146,2147,2151,2152,2153,2154,2158,2158,2160,2165,2167,2171,2173,2174,2174,2179,2179,2180,2181,2183,2186,2188,2190,2190,2193,2194,2195,2198],"Y_PREVALENCE_1000PP":[222.22222,205.88235,181.81818,209.30233,189.18919,133.33333,150,148.14815,153.84615,285.71429,375,230.76923,117.64706,179.48718,239.13043,212.12121,103.44828,204.54545,150,166.66667,125,142.85714,173.07692,230.76923,157.89474,181.81818,122.44898,222.22222,216.21622,145.83333,190.47619,136.36364,120,191.48936,162.7907,179.48718,214.28571,200,153.84615,145.83333,148.14815,176.47059,195.65217,130.43478,162.7907,285.71429,285.71429,187.5,179.48718,209.30233,146.34146,232.55814,294.11765,204.54545,461.53846]},"PREVALENCE_BY_MONTH":{"X_CALENDAR_MONTH":[212007,213005,215202,218204,219002,220101],"Y_PREVALENCE_1000PP":[101.69492,76.92308,111.11111,97.22222,92.30769,119.40299]},"CONDITIONS_BY_TYPE":{"CONCEPT_NAME":"Claim- Inpatient: Secondary diagnosis","COUNT_VALUE":1985},"AGE_AT_FIRST_DIAGNOSIS":{"CATEGORY":["FEMALE","MALE"],"MIN_VALUE":[20,27],"P10_VALUE":[60,48],"P25_VALUE":[69,59],"MEDIAN_VALUE":[79,72],"P75_VALUE":[86,82],"P90_VALUE":[300,87],"MAX_VALUE":[308,300]}}
