{"PREVALENCE_BY_GENDER_AGE_YEAR":{"TRELLIS_NAME":["70-79","70-79","60-69","70-79","70-79","80-89","70-79","80-89","60-69","70-79","60-69","70-79","60-69","70-79","70-79","60-69","50-59","70-79","60-69","70-79","60-69","70-79","70-79","50-59","50-59","60-69","70-79","70-79","60-69","70-79","50-59","70-79","70-79","80-89","50-59","70-79","70-79","50-59","70-79","70-79","60-69","50-59","70-79","60-69","50-59","50-59"],"SERIES_NAME":["MALE","FEMALE","MALE","FEMALE","MALE","MALE","MALE","MALE","MALE","FEMALE","MALE","MALE","MALE","MALE","FEMALE","MALE","MALE","MALE","FEMALE","MALE","MALE","MALE","FEMALE","MALE","MALE","MALE","MALE","FEMALE","MALE","MALE","MALE","FEMALE","MALE","MALE","MALE","MALE","MALE","MALE","MALE","MALE","MALE","MALE","MALE","MALE","MALE","MALE"],"X_CALENDAR_YEAR":[2103,2104,2105,2114,2114,2116,2118,2121,2125,2129,2129,2133,2133,2136,2139,2141,2141,2143,2144,2146,2149,2150,2155,2157,2158,2160,2162,2164,2165,2167,2168,2174,2176,2176,2178,2178,2187,2189,2190,2192,2193,2194,2194,2196,2199,2200],"Y_PREVALENCE_1000PP":[111.11111,148.93617,85.71429,205.12821,140,159.09091,160,193.54839,111.11111,130.43478,101.69492,111.11111,88.23529,125,152.17391,118.64407,137.2549,152.17391,139.53488,101.69492,112.90323,125,257.14286,117.64706,107.14286,101.44928,122.80702,171.42857,116.66667,150,130.43478,111.11111,122.44898,181.81818,125,96.77419,116.66667,120.68966,157.89474,152.54237,115.38462,200,145.45455,100,156.86275,125]},"PREVALENCE_BY_MONTH":{"X_CALENDAR_MONTH":[210604,210801,210806,211412,211508,211609,212107,212112,212201,212602,213007,213402,213404,213601,214102,214110,215201,215211,215301,215508,215807,216001,216407,217403,217509,217607,217909,218603,219012,219204,219504,220007],"Y_PREVALENCE_1000PP":[76.92308,93.75,82.19178,97.22222,103.44828,103.44828,97.22222,81.08108,86.41975,132.07547,95.89041,105.26316,84.50704,90.90909,86.95652,98.36066,107.14286,125,117.64706,107.69231,118.64407,95.2381,83.33333,78.94737,83.33333,72.28916,89.55224,120,88.23529,106.06061,145.45455,90.90909]},"CONDITIONS_BY_TYPE":{"CONCEPT_NAME":["Claim- Inpatient: Primary diagnosis","Claim- Inpatient: Secondary diagnosis"],"COUNT_VALUE":[285,2464]},"AGE_AT_FIRST_DIAGNOSIS":{"CATEGORY":["FEMALE","MALE"],"MIN_VALUE":[0,0],"P10_VALUE":[45,45],"P25_VALUE":[57,55],"MEDIAN_VALUE":[70,67],"P75_VALUE":[79,77],"P90_VALUE":[85,83],"MAX_VALUE":[310,300]}}
