{"PREVALENCE_BY_GENDER_AGE_YEAR":{"TRELLIS_NAME":["70-79","80-89","70-79","70-79","70-79","80-89","60-69","70-79","80-89","60-69","70-79","60-69","80-89","60-69","70-79","70-79","80-89","60-69","80-89","60-69","70-79","70-79","80-89","60-69","70-79","70-79","70-79","60-69","70-79","60-69","70-79","60-69","70-79","80-89","70-79","80-89","60-69","80-89","70-79","60-69","60-69","60-69","70-79","60-69","80-89","60-69","60-69","60-69","70-79","80-89","70-79","60-69","80-89","60-69","70-79"],"SERIES_NAME":["MALE","MALE","MALE","MALE","MALE","MALE","MALE","MALE","FEMALE","MALE","MALE","MALE","MALE","MALE","MALE","MALE","MALE","MALE","MALE","MALE","MALE","MALE","MALE","MALE","MALE","MALE","MALE","MALE","MALE","MALE","MALE","MALE","MALE","MALE","MALE","MALE","MALE","MALE","MALE","MALE","MALE","MALE","MALE","MALE","MALE","MALE","MALE","MALE","MALE","MALE","MALE","MALE","MALE","MALE","MALE"],"X_CALENDAR_YEAR":[2105,2106,2112,2115,2118,2118,2119,2119,2120,2122,2122,2124,2124,2127,2128,2129,2130,2132,2133,2133,2133,2134,2135,2135,2136,2137,2144,2147,2151,2158,2159,2161,2162,2163,2163,2164,2164,2166,2169,2175,2177,2179,2179,2180,2181,2183,2185,2186,2187,2189,2190,2192,2196,2199,2200],"Y_PREVALENCE_1000PP":[111.11111,179.48718,96.77419,95.2381,160,142.85714,134.32836,98.36066,113.20755,129.62963,234.04255,81.08108,179.48718,130.43478,160,107.14286,187.5,135.59322,159.09091,88.23529,148.14815,92.30769,136.36364,122.44898,93.75,160,152.17391,111.11111,145.83333,125,117.64706,122.80702,122.80702,189.18919,92.30769,153.84615,92.30769,133.33333,125,181.81818,140.625,181.81818,95.2381,122.44898,162.16216,122.44898,93.75,148.93617,116.66667,181.81818,140.35088,100,146.34146,127.27273,92.30769]},"PREVALENCE_BY_MONTH":{"X_CALENDAR_MONTH":[210110,212201,213201,213908,214812,215301,216712,217203,217701,217707,218208],"Y_PREVALENCE_1000PP":[114.7541,86.41975,70.58824,82.19178,84.50704,88.23529,85.71429,96.77419,83.33333,92.30769,90.90909]},"CONDITIONS_BY_TYPE":{"CONCEPT_NAME":"Claim- Inpatient: Secondary diagnosis","COUNT_VALUE":2082},"AGE_AT_FIRST_DIAGNOSIS":{"CATEGORY":["MALE","FEMALE"],"MIN_VALUE":[33,34],"P10_VALUE":[54,59],"P25_VALUE":[62,67],"MEDIAN_VALUE":[72,77],"P75_VALUE":[80,84],"P90_VALUE":[86,300],"MAX_VALUE":[309,308]}}
