{"PREVALENCE_BY_GENDER_AGE_YEAR":{"TRELLIS_NAME":["80-89","80-89","80-89","80-89","70-79","70-79","80-89","70-79","70-79","70-79","60-69","70-79","80-89","70-79","70-79","50-59","80-89","60-69"],"SERIES_NAME":["MALE","MALE","MALE","FEMALE","MALE","FEMALE","MALE","MALE","FEMALE","MALE","FEMALE","MALE","MALE","MALE","MALE","MALE","MALE","FEMALE"],"X_CALENDAR_YEAR":[2101,2107,2115,2121,2134,2144,2146,2150,2161,2165,2167,2180,2181,2184,2185,2187,2188,2196],"Y_PREVALENCE_1000PP":[157.89474,152.17391,162.16216,153.84615,123.07692,136.36364,181.81818,125,148.93617,111.11111,166.66667,98.36066,162.16216,134.61538,140,109.375,136.36364,130.43478]},"PREVALENCE_BY_MONTH":{"X_CALENDAR_MONTH":[211103,211210,211501,212605,212911,215212,215505,215909,216111,216603,217301,217508,218709],"Y_PREVALENCE_1000PP":[88.23529,84.50704,75.94937,101.44928,86.95652,109.375,93.75,67.41573,92.30769,81.08108,101.69492,89.55224,98.36066]},"CONDITIONS_BY_TYPE":{"CONCEPT_NAME":["Claim- Inpatient: Primary diagnosis","Claim- Inpatient: Secondary diagnosis"],"COUNT_VALUE":[10,2262]},"AGE_AT_FIRST_DIAGNOSIS":{"CATEGORY":["MALE","FEMALE"],"MIN_VALUE":[0,0],"P10_VALUE":[46,46],"P25_VALUE":[58,60],"MEDIAN_VALUE":[71,75],"P75_VALUE":[82,84],"P90_VALUE":[88,300],"MAX_VALUE":[309,308]}}
