{"PREVALENCE_BY_GENDER_AGE_YEAR":{"TRELLIS_NAME":["60-69","60-69","60-69","70-79"],"SERIES_NAME":["MALE","MALE","FEMALE","FEMALE"],"X_CALENDAR_YEAR":[2108,2126,2173,2174],"Y_PREVALENCE_1000PP":[107.14286,95.89041,152.17391,111.11111]},"PREVALENCE_BY_MONTH":{"X_CALENDAR_MONTH":[210604,213302,213901,218107,219005],"Y_PREVALENCE_1000PP":[115.38462,84.50704,96.77419,93.75,82.19178]},"CONDITIONS_BY_TYPE":{"CONCEPT_NAME":"Claim- Inpatient: Secondary diagnosis","COUNT_VALUE":1710},"AGE_AT_FIRST_DIAGNOSIS":{"CATEGORY":["FEMALE","MALE"],"MIN_VALUE":[0,0],"P10_VALUE":[42,41],"P25_VALUE":[54,52],"MEDIAN_VALUE":[66,62],"P75_VALUE":[78,73],"P90_VALUE":[85,82],"MAX_VALUE":[310,308]}}
