{"PREVALENCE_BY_GENDER_AGE_YEAR":{"TRELLIS_NAME":["60-69","60-69","60-69","60-69","70-79","60-69","60-69","60-69"],"SERIES_NAME":["MALE","FEMALE","MALE","MALE","MALE","MALE","MALE","MALE"],"X_CALENDAR_YEAR":[2117,2121,2125,2131,2138,2142,2144,2195],"Y_PREVALENCE_1000PP":[109.09091,142.85714,111.11111,90.90909,109.09091,144.92754,105.26316,100]},"PREVALENCE_BY_MONTH":{"X_CALENDAR_MONTH":[213807,215310],"Y_PREVALENCE_1000PP":[78.94737,85.71429]},"CONDITIONS_BY_TYPE":{"CONCEPT_NAME":["Claim- Inpatient: Primary diagnosis","Claim- Inpatient: Secondary diagnosis"],"COUNT_VALUE":[40,1296]},"AGE_AT_FIRST_DIAGNOSIS":{"CATEGORY":["FEMALE","MALE"],"MIN_VALUE":[29,31],"P10_VALUE":[52,52],"P25_VALUE":[60,59],"MEDIAN_VALUE":[69,67],"P75_VALUE":[78,75],"P90_VALUE":[84,82],"MAX_VALUE":[302,304]}}
