{"PREVALENCE_BY_GENDER_AGE_YEAR":{"TRELLIS_NAME":["50-59","60-69","60-69","50-59","50-59","60-69","70-79","60-69","70-79","50-59","60-69","70-79","60-69","60-69","60-69","60-69","60-69"],"SERIES_NAME":["MALE","MALE","MALE","MALE","MALE","MALE","MALE","MALE","MALE","MALE","MALE","FEMALE","FEMALE","MALE","MALE","MALE","MALE"],"X_CALENDAR_YEAR":[2103,2119,2126,2129,2131,2142,2155,2159,2163,2164,2166,2171,2175,2185,2187,2196,2199],"Y_PREVALENCE_1000PP":[125,104.47761,82.19178,136.36364,125,101.44928,157.89474,109.09091,92.30769,117.64706,142.85714,166.66667,133.33333,93.75,109.09091,85.71429,127.27273]},"PREVALENCE_BY_MONTH":{"X_CALENDAR_MONTH":[211908,212509,213003,213807,213908,215406,216303,216612,217103,220004],"Y_PREVALENCE_1000PP":[100,106.06061,86.95652,78.94737,95.89041,81.08108,97.22222,86.41975,95.2381,71.42857]},"CONDITIONS_BY_TYPE":{"CONCEPT_NAME":["Claim- Inpatient: Primary diagnosis","Claim- Inpatient: Secondary diagnosis","EHR Chief Complaint"],"COUNT_VALUE":[39,2130,80]},"AGE_AT_FIRST_DIAGNOSIS":{"CATEGORY":["MALE","FEMALE"],"MIN_VALUE":[0,0],"P10_VALUE":[43,45],"P25_VALUE":[53,58],"MEDIAN_VALUE":[65,70],"P75_VALUE":[77,81],"P90_VALUE":[85,88],"MAX_VALUE":[308,306]}}
