{"PREVALENCE_BY_GENDER_AGE_YEAR":{"TRELLIS_NAME":["0-9","0-9","0-9","0-9","0-9","0-9","0-9","0-9","0-9","0-9","0-9","0-9","0-9","0-9","0-9","0-9","0-9","0-9","0-9","0-9","0-9","0-9","0-9","0-9","0-9","0-9","0-9","0-9","0-9","0-9","0-9","0-9","0-9","0-9","0-9","0-9","0-9","0-9","0-9","0-9","0-9","0-9","0-9","0-9","0-9","0-9","0-9","0-9","0-9","0-9","0-9","0-9","0-9","0-9","0-9","0-9","0-9","0-9","0-9","0-9","0-9","0-9","0-9","0-9","0-9","0-9","0-9","0-9","0-9","0-9","0-9","0-9","0-9","0-9","0-9","0-9","0-9","0-9","0-9","0-9","0-9","0-9","0-9","0-9","0-9","0-9","0-9","0-9","0-9","0-9","0-9","0-9","0-9","0-9","0-9","0-9","0-9","0-9","0-9","0-9","0-9"],"SERIES_NAME":["FEMALE","FEMALE","MALE","FEMALE","FEMALE","FEMALE","MALE","FEMALE","MALE","MALE","FEMALE","MALE","FEMALE","MALE","FEMALE","FEMALE","MALE","MALE","FEMALE","MALE","FEMALE","MALE","MALE","MALE","FEMALE","MALE","FEMALE","MALE","FEMALE","MALE","FEMALE","MALE","FEMALE","MALE","FEMALE","FEMALE","MALE","MALE","FEMALE","MALE","FEMALE","MALE","FEMALE","MALE","MALE","MALE","FEMALE","MALE","FEMALE","FEMALE","MALE","FEMALE","FEMALE","MALE","FEMALE","MALE","MALE","FEMALE","FEMALE","MALE","MALE","FEMALE","MALE","FEMALE","MALE","FEMALE","MALE","MALE","FEMALE","MALE","MALE","MALE","MALE","FEMALE","FEMALE","MALE","FEMALE","MALE","MALE","FEMALE","FEMALE","FEMALE","MALE","MALE","FEMALE","FEMALE","MALE","FEMALE","MALE","MALE","MALE","FEMALE","MALE","MALE","MALE","FEMALE","MALE","MALE","FEMALE","MALE","FEMALE"],"X_CALENDAR_YEAR":[2101,2103,2104,2104,2105,2107,2107,2109,2109,2110,2110,2112,2114,2115,2116,2118,2119,2122,2123,2124,2124,2125,2126,2127,2128,2128,2129,2129,2130,2131,2133,2136,2136,2137,2137,2138,2139,2140,2140,2141,2141,2143,2144,2145,2146,2148,2148,2150,2150,2151,2152,2153,2154,2155,2156,2157,2158,2158,2159,2159,2161,2161,2162,2163,2163,2164,2164,2165,2165,2166,2167,2168,2169,2171,2175,2176,2177,2177,2178,2179,2182,2183,2183,2184,2185,2187,2187,2190,2190,2191,2192,2192,2193,2196,2197,2198,2198,2199,2199,2200,2200],"Y_PREVALENCE_1000PP":[153.84615,224.4898,152.17391,228.57143,142.85714,152.17391,157.89474,136.36364,204.54545,122.80702,200,139.53488,142.85714,177.77778,142.85714,139.53488,130.43478,120.68966,264.70588,189.18919,187.5,305.55556,219.5122,111.11111,173.91304,179.48718,189.18919,159.09091,142.85714,210.52632,170.73171,159.09091,238.09524,163.93443,189.18919,205.12821,175,145.45455,153.84615,166.66667,216.21622,200,179.48718,183.33333,240.74074,244.89796,157.89474,170.73171,193.54839,136.36364,153.84615,212.12121,169.49153,117.64706,155.55556,125,255.81395,309.52381,122.44898,227.27273,150,150,150,195.12195,163.26531,250,190.47619,127.27273,206.89655,176.47059,179.48718,184.21053,205.12821,244.44444,281.25,162.7907,228.57143,204.08163,220,150,342.85714,212.12121,157.89474,139.53488,139.53488,222.22222,277.77778,146.34146,157.89474,184.21053,139.53488,230.76923,200,120,222.22222,242.42424,127.65957,100,193.54839,183.67347,184.21053]},"PREVALENCE_BY_MONTH":{"X_CALENDAR_MONTH":218705,"Y_PREVALENCE_1000PP":89.55224},"CONDITIONS_BY_TYPE":{"CONCEPT_NAME":"Claim- Inpatient: Primary diagnosis","COUNT_VALUE":1171},"AGE_AT_FIRST_DIAGNOSIS":{"CATEGORY":["FEMALE","MALE"],"MIN_VALUE":[0,0],"P10_VALUE":[0,0],"P25_VALUE":[0,0],"MEDIAN_VALUE":[0,0],"P75_VALUE":[0,0],"P90_VALUE":[0,0],"MAX_VALUE":[45,0]}}
