{"PREVALENCE_BY_GENDER_AGE_YEAR":{"TRELLIS_NAME":["60-69","70-79","70-79","60-69","70-79","50-59","50-59","50-59","60-69"],"SERIES_NAME":["MALE","FEMALE","FEMALE","FEMALE","MALE","MALE","MALE","FEMALE","MALE"],"X_CALENDAR_YEAR":[2124,2129,2130,2130,2132,2132,2141,2142,2166],"Y_PREVALENCE_1000PP":[81.08108,130.43478,117.64706,187.5,92.30769,111.11111,117.64706,157.89474,122.44898]},"PREVALENCE_BY_MONTH":{"X_CALENDAR_MONTH":[211304,211905,212805,213005,213108,213206,215208,217607,217712,217904,218004,218008,218011,218304,219710],"Y_PREVALENCE_1000PP":[157.89474,101.44928,83.33333,76.92308,101.44928,82.19178,89.55224,72.28916,92.30769,76.92308,114.28571,75.94937,86.95652,95.2381,100]},"CONDITIONS_BY_TYPE":{"CONCEPT_NAME":["Claim- Inpatient: Primary diagnosis","Claim- Inpatient: Secondary diagnosis","EHR Chief Complaint"],"COUNT_VALUE":[135,1799,376]},"AGE_AT_FIRST_DIAGNOSIS":{"CATEGORY":["FEMALE","MALE"],"MIN_VALUE":[0,0],"P10_VALUE":[35,33],"P25_VALUE":[47,45],"MEDIAN_VALUE":[62,57],"P75_VALUE":[77,69],"P90_VALUE":[85,80],"MAX_VALUE":[305,308]}}
