{"PREVALENCE_BY_GENDER_AGE_YEAR":{"TRELLIS_NAME":["60-69","60-69","50-59","70-79","70-79","60-69","80-89","70-79","70-79","70-79","70-79","70-79","60-69","70-79","70-79","60-69","70-79","70-79","60-69","60-69","70-79","70-79","60-69","70-79","60-69","70-79","60-69","60-69","60-69","60-69"],"SERIES_NAME":["MALE","MALE","MALE","FEMALE","MALE","MALE","MALE","MALE","FEMALE","MALE","MALE","MALE","FEMALE","MALE","FEMALE","MALE","FEMALE","MALE","MALE","MALE","MALE","MALE","MALE","FEMALE","MALE","FEMALE","MALE","MALE","FEMALE","MALE"],"X_CALENDAR_YEAR":[2110,2119,2124,2128,2128,2129,2132,2133,2133,2136,2145,2146,2148,2149,2150,2151,2153,2153,2156,2157,2158,2159,2160,2164,2169,2174,2185,2192,2193,2200],"Y_PREVALENCE_1000PP":[111.11111,104.47761,120,136.36364,140,101.69492,130.43478,129.62963,136.36364,109.375,96.77419,101.69492,159.09091,133.33333,162.16216,111.11111,113.20755,112.90323,103.44828,117.64706,132.07547,117.64706,86.95652,257.14286,94.59459,148.14815,93.75,100,166.66667,115.94203]},"PREVALENCE_BY_MONTH":{"X_CALENDAR_MONTH":[210801,211007,212702,213803,214107,214909,215106,215311,217105,217109,218711,219010,219211,219504],"Y_PREVALENCE_1000PP":[93.75,103.44828,115.38462,84.50704,80,107.14286,80,142.85714,118.64407,109.375,90.90909,84.50704,98.59155,109.09091]},"CONDITIONS_BY_TYPE":{"CONCEPT_NAME":["Claim- Inpatient: Primary diagnosis","Claim- Inpatient: Secondary diagnosis"],"COUNT_VALUE":[40,2081]},"AGE_AT_FIRST_DIAGNOSIS":{"CATEGORY":["FEMALE","MALE"],"MIN_VALUE":[15,22],"P10_VALUE":[51,49],"P25_VALUE":[61,58],"MEDIAN_VALUE":[71,68],"P75_VALUE":[81,77],"P90_VALUE":[86,84],"MAX_VALUE":[310,310]}}
