{"PREVALENCE_BY_GENDER_AGE_YEAR":{"TRELLIS_NAME":["70-79","40-49","50-59","60-69","70-79","60-69","80-89","70-79","80-89","80-89","60-69","80-89","60-69","50-59","80-89","70-79","60-69","70-79","80-89","50-59","70-79","50-59","80-89","60-69","80-89","60-69","60-69","80-89","50-59","60-69","70-79","70-79","80-89","70-79","70-79","80-89","70-79","60-69","70-79","50-59","60-69","70-79","80-89","40-49","70-79","80-89","70-79","70-79","60-69","60-69","60-69","80-89","50-59","60-69","80-89","80-89","70-79","40-49","70-79","60-69","70-79","80-89","80-89","80-89","60-69","50-59","70-79","50-59","80-89","80-89","60-69","60-69","80-89","60-69","300-309","70-79","70-79","50-59","60-69","80-89","70-79","70-79","80-89","70-79","70-79","80-89","70-79","80-89","70-79","300-309","80-89","50-59","50-59","80-89","80-89","60-69","70-79","60-69","70-79","60-69","300-309","50-59","80-89","60-69","80-89","80-89","60-69","60-69","60-69"],"SERIES_NAME":["MALE","MALE","MALE","MALE","FEMALE","MALE","MALE","MALE","MALE","FEMALE","MALE","MALE","FEMALE","MALE","MALE","MALE","MALE","MALE","MALE","MALE","MALE","MALE","MALE","MALE","MALE","MALE","FEMALE","FEMALE","MALE","MALE","MALE","MALE","MALE","FEMALE","MALE","MALE","MALE","MALE","MALE","MALE","MALE","MALE","MALE","MALE","MALE","MALE","MALE","MALE","MALE","MALE","MALE","MALE","FEMALE","MALE","MALE","MALE","MALE","MALE","MALE","MALE","MALE","MALE","FEMALE","MALE","MALE","MALE","MALE","MALE","MALE","MALE","MALE","MALE","MALE","MALE","FEMALE","FEMALE","MALE","MALE","MALE","MALE","FEMALE","MALE","FEMALE","MALE","MALE","MALE","MALE","MALE","MALE","FEMALE","MALE","MALE","MALE","MALE","MALE","FEMALE","MALE","MALE","MALE","MALE","FEMALE","MALE","MALE","MALE","MALE","MALE","MALE","MALE","MALE"],"X_CALENDAR_YEAR":[2101,2103,2104,2105,2105,2106,2106,2107,2108,2108,2108,2109,2112,2112,2112,2112,2115,2115,2115,2115,2116,2117,2117,2118,2119,2120,2120,2120,2121,2122,2123,2124,2124,2125,2125,2129,2130,2131,2132,2132,2132,2133,2133,2133,2134,2135,2137,2138,2138,2141,2143,2143,2144,2144,2146,2147,2148,2148,2150,2150,2151,2151,2155,2159,2160,2161,2162,2164,2165,2166,2168,2169,2170,2171,2171,2173,2174,2174,2175,2176,2176,2177,2178,2179,2180,2180,2181,2184,2185,2185,2185,2187,2188,2188,2190,2190,2190,2193,2194,2194,2195,2195,2196,2197,2197,2198,2198,2199,2200],"Y_PREVALENCE_1000PP":[132.07547,181.81818,107.14286,128.57143,166.66667,88.23529,153.84615,107.14286,225.80645,139.53488,107.14286,166.66667,171.42857,145.45455,189.18919,112.90323,100,142.85714,162.16216,139.53488,127.65957,166.66667,227.27273,109.375,250,173.07692,125,113.20755,109.09091,111.11111,100,125,205.12821,125,125,187.5,107.14286,121.21212,123.07692,111.11111,118.64407,111.11111,136.36364,146.34146,138.46154,181.81818,120,127.27273,88.23529,135.59322,95.2381,194.44444,187.5,105.26316,212.12121,166.66667,115.38462,250,145.83333,125,187.5,250,205.12821,166.66667,86.95652,130.43478,105.26316,117.64706,150,155.55556,160.71429,108.10811,171.42857,142.85714,400,111.11111,148.93617,125,106.06061,136.36364,190.47619,126.98413,210.52632,95.2381,114.7541,187.5,140,200,140,315.78947,150,156.25,140.625,204.54545,162.7907,157.89474,122.80702,134.61538,109.09091,160,500,157.89474,170.73171,185.18519,162.16216,242.42424,131.14754,109.09091,86.95652]},"PREVALENCE_BY_MONTH":{"X_CALENDAR_MONTH":[210503,210907,210910,211210,211501,211704,211810,211902,212001,212010,212110,212312,212403,212410,212501,212502,212505,212601,212608,212703,212801,213002,213201,213207,213212,213301,213302,213601,213808,213809,214011,214104,214207,214301,214403,214504,214506,214809,214905,215005,215006,215101,215108,215405,215412,215502,215601,215608,215906,215909,216111,216202,216409,216501,216606,216712,216809,216901,216906,217103,217108,217311,217408,217503,217508,217609,217704,217802,217904,217911,218012,218101,218110,218212,218308,218401,218409,218503,218506,218507,218510,218701,218707,218803,219007,219009,219011,219311,219403,219412,220101],"Y_PREVALENCE_1000PP":[106.06061,96.77419,98.59155,84.50704,139.24051,129.03226,96.77419,112.67606,111.11111,142.85714,90.90909,92.30769,94.59459,89.55224,111.11111,88.23529,86.95652,93.75,84.50704,98.36066,89.55224,121.21212,94.11765,73.17073,95.89041,83.33333,98.59155,90.90909,80,123.07692,85.71429,84.50704,86.41975,93.75,142.85714,114.7541,76.92308,98.36066,89.55224,103.44828,101.69492,95.2381,145.16129,94.59459,109.09091,109.09091,78.94737,90.90909,98.36066,78.65169,92.30769,114.7541,101.44928,106.06061,98.59155,114.28571,90.90909,80,86.95652,126.98413,117.64706,85.71429,108.10811,95.2381,104.47761,109.09091,109.375,83.33333,76.92308,93.33333,98.36066,88.23529,81.08108,111.11111,81.08108,114.7541,82.19178,90.90909,104.47761,84.50704,92.30769,95.2381,125,102.94118,98.36066,92.10526,88.23529,107.14286,98.36066,106.66667,89.55224]},"CONDITIONS_BY_TYPE":{"CONCEPT_NAME":["Claim- Inpatient: Primary diagnosis","Claim- Inpatient: Secondary diagnosis"],"COUNT_VALUE":[659,3011]},"AGE_AT_FIRST_DIAGNOSIS":{"CATEGORY":["FEMALE","MALE"],"MIN_VALUE":[0,0],"P10_VALUE":[42,41],"P25_VALUE":[55,55],"MEDIAN_VALUE":[73,68],"P75_VALUE":[85,80],"P90_VALUE":[300,87],"MAX_VALUE":[307,305]}}
