{"PREVALENCE_BY_GENDER_AGE_YEAR":{"TRELLIS_NAME":["70-79","60-69","70-79","60-69","60-69","70-79","70-79","70-79","70-79","80-89","70-79","80-89","50-59","70-79","80-89","70-79","70-79","80-89","60-69","80-89"],"SERIES_NAME":["FEMALE","MALE","FEMALE","MALE","FEMALE","MALE","MALE","FEMALE","FEMALE","FEMALE","MALE","FEMALE","MALE","FEMALE","FEMALE","FEMALE","MALE","FEMALE","MALE","FEMALE"],"X_CALENDAR_YEAR":[2110,2113,2114,2124,2126,2129,2134,2134,2135,2135,2148,2152,2152,2158,2168,2174,2175,2181,2184,2195],"Y_PREVALENCE_1000PP":[150,115.38462,153.84615,94.59459,212.12121,125,92.30769,125,193.54839,175,115.38462,190.47619,125,181.81818,150,129.62963,142.85714,195.12195,159.09091,136.36364]},"PREVALENCE_BY_MONTH":{"X_CALENDAR_MONTH":[210708,211003,211411,211604,212004,212611,213112,213505,213905,214611,215003,215105,215204,215308,216603,216908,218901,219510,219902],"Y_PREVALENCE_1000PP":[92.30769,95.2381,94.59459,89.55224,93.75,78.94737,82.19178,102.94118,118.64407,109.375,105.26316,103.44828,90.90909,82.19178,81.08108,89.55224,86.95652,107.14286,113.20755]},"CONDITIONS_BY_TYPE":{"CONCEPT_NAME":["Claim- Inpatient: Primary diagnosis","Claim- Inpatient: Secondary diagnosis"],"COUNT_VALUE":[25,2203]},"AGE_AT_FIRST_DIAGNOSIS":{"CATEGORY":["FEMALE","MALE"],"MIN_VALUE":[20,20],"P10_VALUE":[52,51],"P25_VALUE":[63,59],"MEDIAN_VALUE":[75,70],"P75_VALUE":[84,80],"P90_VALUE":[300,86],"MAX_VALUE":[309,309]}}
