{"PREVALENCE_BY_GENDER_AGE_YEAR":{"TRELLIS_NAME":["70-79","60-69","80-89","80-89","60-69","70-79","50-59","70-79","80-89","50-59","60-69","80-89","80-89","50-59","70-79","60-69","70-79","50-59","40-49","70-79","80-89","50-59","70-79","80-89","80-89","70-79","60-69","50-59","80-89","70-79","60-69","40-49","50-59","70-79","80-89","80-89","80-89","50-59","80-89","60-69","70-79","70-79","80-89","70-79","60-69","70-79","50-59","70-79","60-69","60-69","80-89","50-59","80-89"],"SERIES_NAME":["MALE","MALE","FEMALE","MALE","MALE","MALE","FEMALE","MALE","FEMALE","MALE","FEMALE","FEMALE","FEMALE","MALE","FEMALE","MALE","FEMALE","FEMALE","MALE","FEMALE","MALE","MALE","FEMALE","FEMALE","MALE","FEMALE","MALE","MALE","FEMALE","FEMALE","MALE","MALE","FEMALE","FEMALE","FEMALE","FEMALE","FEMALE","FEMALE","MALE","MALE","MALE","MALE","MALE","MALE","MALE","FEMALE","FEMALE","MALE","FEMALE","FEMALE","MALE","MALE","FEMALE"],"X_CALENDAR_YEAR":[2103,2105,2106,2108,2109,2109,2114,2116,2116,2118,2118,2119,2120,2120,2123,2124,2129,2131,2131,2131,2132,2133,2134,2135,2136,2139,2141,2142,2142,2145,2147,2149,2151,2153,2158,2160,2161,2163,2164,2164,2165,2168,2172,2174,2176,2176,2177,2184,2187,2189,2195,2196,2198],"Y_PREVALENCE_1000PP":[111.11111,85.71429,155.55556,193.54839,162.7907,150,187.5,127.65957,171.42857,96.77419,134.61538,130.43478,113.20755,148.93617,139.53488,81.08108,130.43478,184.21053,214.28571,146.34146,130.43478,166.66667,125,150,150,130.43478,118.64407,120,127.65957,122.44898,148.14815,206.89655,280,132.07547,127.65957,130.43478,136.36364,176.47059,153.84615,107.69231,111.11111,122.44898,127.65957,127.65957,113.20755,142.85714,241.37931,115.38462,187.5,133.33333,162.16216,117.64706,184.21053]},"PREVALENCE_BY_MONTH":{"X_CALENDAR_MONTH":[210107,210305,210307,210801,210904,211407,211803,211809,212707,212905,213112,213202,213208,213501,213703,213910,214103,214205,214401,214506,214701,214704,214905,215108,215301,215705,215810,216301,216505,216608,216609,216810,216911,217204,217408,217512,217612,217808,218310,218901,219008,219402,219412,220004],"Y_PREVALENCE_1000PP":[95.2381,104.47761,96.77419,93.75,96.77419,101.44928,111.11111,94.59459,97.22222,95.89041,82.19178,95.89041,91.95402,95.2381,76.92308,126.98413,92.10526,74.07407,80,76.92308,120.68966,148.93617,119.40299,96.77419,88.23529,102.94118,96.77419,88.60759,80,103.44828,98.36066,98.36066,93.75,98.36066,81.08108,120,77.92208,76.92308,89.55224,130.43478,117.64706,140.625,80,95.2381]},"CONDITIONS_BY_TYPE":{"CONCEPT_NAME":["Claim- Inpatient: Primary diagnosis","Claim- Inpatient: Secondary diagnosis"],"COUNT_VALUE":[61,2993]},"AGE_AT_FIRST_DIAGNOSIS":{"CATEGORY":["FEMALE","MALE"],"MIN_VALUE":[0,0],"P10_VALUE":[43,40],"P25_VALUE":[56,53],"MEDIAN_VALUE":[70,66],"P75_VALUE":[82,78],"P90_VALUE":[300,85],"MAX_VALUE":[307,308]}}
