{"PREVALENCE_BY_GENDER_AGE_YEAR":{"TRELLIS_NAME":["60-69","70-79","60-69","60-69","50-59","60-69","60-69","50-59","60-69","70-79","60-69","60-69","50-59","60-69","60-69","80-89","60-69","50-59","70-79","70-79","60-69","70-79","70-79"],"SERIES_NAME":["MALE","FEMALE","MALE","MALE","MALE","MALE","MALE","MALE","MALE","MALE","MALE","MALE","FEMALE","FEMALE","MALE","MALE","MALE","MALE","MALE","MALE","MALE","MALE","MALE"],"X_CALENDAR_YEAR":[2102,2105,2108,2111,2120,2121,2124,2132,2133,2133,2142,2143,2150,2154,2154,2163,2171,2177,2177,2179,2179,2180,2192],"Y_PREVALENCE_1000PP":[113.20755,194.44444,142.85714,145.83333,127.65957,111.11111,81.08108,129.62963,88.23529,111.11111,101.44928,95.2381,171.42857,133.33333,132.07547,162.16216,111.11111,127.27273,95.2381,126.98413,109.09091,114.7541,101.69492]},"PREVALENCE_BY_MONTH":{"X_CALENDAR_MONTH":[210803,212807,214404,215401,216311,217911,218304],"Y_PREVALENCE_1000PP":[118.64407,92.10526,115.38462,100,134.61538,93.33333,95.2381]},"CONDITIONS_BY_TYPE":{"CONCEPT_NAME":["Claim- Inpatient: Primary diagnosis","Claim- Inpatient: Secondary diagnosis"],"COUNT_VALUE":[9,2154]},"AGE_AT_FIRST_DIAGNOSIS":{"CATEGORY":["FEMALE","MALE"],"MIN_VALUE":[0,0],"P10_VALUE":[43,41],"P25_VALUE":[56,53],"MEDIAN_VALUE":[68,63],"P75_VALUE":[80,74],"P90_VALUE":[87,82],"MAX_VALUE":[308,308]}}
