{"PREVALENCE_BY_GENDER_AGE_YEAR":{"TRELLIS_NAME":["70-79","60-69","70-79","80-89","70-79","70-79","70-79","60-69","70-79","60-69","70-79","70-79","70-79","60-69","60-69","50-59","70-79","70-79","60-69","70-79","50-59","60-69","60-69","70-79","50-59","60-69","60-69","70-79","60-69","70-79","60-69","80-89","50-59","60-69","70-79","60-69","70-79","70-79","70-79","70-79","60-69","70-79","60-69","70-79","70-79","60-69","70-79","60-69","60-69","70-79","70-79","60-69","70-79","60-69","70-79","70-79","70-79","70-79","60-69","70-79","60-69","70-79","60-69","70-79","70-79","70-79","60-69","60-69","60-69","80-89","60-69","70-79"],"SERIES_NAME":["MALE","MALE","MALE","MALE","MALE","MALE","MALE","MALE","MALE","MALE","MALE","MALE","MALE","MALE","MALE","MALE","FEMALE","FEMALE","MALE","MALE","MALE","MALE","MALE","MALE","MALE","MALE","MALE","MALE","MALE","MALE","MALE","MALE","MALE","MALE","MALE","MALE","FEMALE","MALE","MALE","MALE","MALE","FEMALE","MALE","MALE","MALE","MALE","MALE","MALE","MALE","MALE","MALE","MALE","MALE","MALE","MALE","MALE","MALE","MALE","MALE","FEMALE","MALE","MALE","MALE","MALE","MALE","MALE","MALE","MALE","MALE","MALE","MALE","MALE"],"X_CALENDAR_YEAR":[2101,2102,2103,2107,2109,2110,2112,2112,2114,2115,2115,2118,2119,2119,2121,2122,2124,2125,2126,2127,2128,2129,2131,2131,2131,2132,2133,2136,2137,2138,2138,2139,2141,2142,2143,2143,2143,2145,2146,2147,2149,2150,2151,2152,2153,2153,2154,2155,2156,2161,2162,2162,2163,2165,2166,2167,2169,2172,2175,2176,2177,2179,2180,2180,2183,2184,2187,2188,2189,2194,2196,2197],"Y_PREVALENCE_1000PP":[132.07547,113.20755,111.11111,152.17391,175,139.53488,129.03226,129.62963,120,100,95.2381,140,131.14754,134.32836,111.11111,107.14286,125,125,95.89041,137.93103,130.43478,135.59322,90.90909,105.26316,145.83333,118.64407,88.23529,109.375,115.38462,127.27273,88.23529,176.47059,117.64706,101.44928,130.43478,95.2381,140,96.77419,101.69492,122.80702,96.77419,162.16216,97.22222,122.44898,112.90323,122.80702,163.26531,125,103.44828,120,122.80702,96.77419,123.07692,116.66667,109.375,150,145.83333,129.62963,106.06061,142.85714,125,126.98413,142.85714,114.7541,103.44828,134.61538,163.63636,166.66667,96.77419,179.48718,100,132.07547]},"PREVALENCE_BY_MONTH":{"X_CALENDAR_MONTH":[210406,212211,212610,212703,213107,213303,213305,215103,215401,215508,216203,216702,217610,217701,217904,218001,218012,219908,220007],"Y_PREVALENCE_1000PP":[113.20755,117.64706,96.77419,98.36066,93.75,100,68.18182,88.23529,75,92.30769,86.95652,98.36066,90.90909,83.33333,76.92308,105.26316,98.36066,84.50704,90.90909]},"CONDITIONS_BY_TYPE":{"CONCEPT_NAME":["Claim- Inpatient: Primary diagnosis","Claim- Inpatient: Secondary diagnosis"],"COUNT_VALUE":[57,2271]},"AGE_AT_FIRST_DIAGNOSIS":{"CATEGORY":["FEMALE","MALE"],"MIN_VALUE":[23,21],"P10_VALUE":[53,52],"P25_VALUE":[64,61],"MEDIAN_VALUE":[74,69],"P75_VALUE":[81,77],"P90_VALUE":[86,83],"MAX_VALUE":[307,303]}}
