{"PREVALENCE_BY_GENDER_AGE_YEAR":{"TRELLIS_NAME":["0-9","0-9","0-9","0-9","0-9","0-9","0-9","0-9","0-9","0-9","0-9","0-9","0-9","0-9","0-9","0-9","0-9","0-9","0-9","0-9","0-9","0-9","0-9","0-9","0-9","0-9","0-9","0-9","0-9","0-9","0-9","0-9","0-9","0-9","0-9","0-9","0-9","0-9"],"SERIES_NAME":["MALE","FEMALE","FEMALE","MALE","FEMALE","MALE","MALE","MALE","FEMALE","FEMALE","MALE","MALE","MALE","MALE","MALE","MALE","MALE","FEMALE","MALE","MALE","MALE","MALE","MALE","MALE","MALE","MALE","FEMALE","MALE","MALE","MALE","FEMALE","MALE","MALE","MALE","MALE","MALE","MALE","MALE"],"X_CALENDAR_YEAR":[2101,2103,2105,2108,2109,2110,2111,2115,2118,2119,2122,2124,2125,2126,2134,2135,2137,2141,2145,2146,2148,2152,2155,2161,2163,2166,2167,2167,2171,2173,2173,2174,2176,2183,2190,2196,2200,2201],"Y_PREVALENCE_1000PP":[145.83333,122.44898,142.85714,120,136.36364,175.4386,190.47619,133.33333,186.04651,146.34146,155.17241,162.16216,222.22222,146.34146,125,157.89474,114.7541,162.16216,100,148.14815,122.44898,192.30769,156.86275,150,142.85714,176.47059,153.84615,153.84615,173.91304,139.53488,205.88235,157.89474,162.7907,236.84211,157.89474,140,224.4898,225.80645]},"PREVALENCE_BY_MONTH":{"X_CALENDAR_MONTH":[],"Y_PREVALENCE_1000PP":[]},"CONDITIONS_BY_TYPE":{"CONCEPT_NAME":"Claim- Inpatient: Secondary diagnosis","COUNT_VALUE":739},"AGE_AT_FIRST_DIAGNOSIS":{"CATEGORY":["FEMALE","MALE"],"MIN_VALUE":[0,0],"P10_VALUE":[0,0],"P25_VALUE":[0,0],"MEDIAN_VALUE":[0,0],"P75_VALUE":[0,0],"P90_VALUE":[0,0],"MAX_VALUE":[0,0]}}
