{"PREVALENCE_BY_GENDER_AGE_YEAR":{"TRELLIS_NAME":["60-69","70-79","70-79","70-79","50-59","80-89","70-79","60-69","60-69","70-79","60-69","70-79","70-79","70-79","60-69","80-89","40-49","70-79","70-79","50-59","70-79","70-79","50-59","60-69","70-79","60-69","60-69","60-69","60-69","60-69","50-59","50-59","60-69","60-69","50-59"],"SERIES_NAME":["MALE","FEMALE","MALE","MALE","MALE","FEMALE","FEMALE","MALE","MALE","MALE","MALE","FEMALE","MALE","MALE","MALE","MALE","MALE","MALE","MALE","FEMALE","MALE","MALE","MALE","MALE","MALE","MALE","MALE","MALE","MALE","MALE","MALE","FEMALE","FEMALE","MALE","MALE"],"X_CALENDAR_YEAR":[2105,2115,2116,2118,2124,2125,2127,2129,2131,2134,2138,2139,2140,2153,2153,2154,2159,2163,2167,2167,2172,2174,2175,2176,2177,2179,2180,2182,2183,2185,2187,2188,2188,2196,2198],"Y_PREVALENCE_1000PP":[114.28571,187.5,127.65957,120,120,153.84615,103.44828,101.69492,90.90909,107.69231,88.23529,130.43478,133.33333,96.77419,140.35088,193.54839,150,107.69231,116.66667,222.22222,111.11111,127.65957,157.89474,113.20755,95.2381,109.09091,142.85714,98.36066,122.44898,93.75,93.75,162.16216,176.47059,100,103.44828]},"PREVALENCE_BY_MONTH":{"X_CALENDAR_MONTH":[210310,210612,211712,212012,212206,214812,215011,215301,215411,216304,216704,216805,217403,218710,219204],"Y_PREVALENCE_1000PP":[74.07407,127.27273,93.75,104.47761,85.71429,84.50704,104.47761,88.23529,103.44828,92.30769,92.10526,92.30769,92.10526,89.55224,106.06061]},"CONDITIONS_BY_TYPE":{"CONCEPT_NAME":["Claim- Inpatient: Primary diagnosis","Claim- Inpatient: Secondary diagnosis"],"COUNT_VALUE":[113,2156]},"AGE_AT_FIRST_DIAGNOSIS":{"CATEGORY":["MALE","FEMALE"],"MIN_VALUE":[17,17],"P10_VALUE":[43,44],"P25_VALUE":[55,54],"MEDIAN_VALUE":[66,69],"P75_VALUE":[77,80],"P90_VALUE":[84,87],"MAX_VALUE":[308,309]}}
