{"PREVALENCE_BY_GENDER_AGE_YEAR":{"TRELLIS_NAME":["70-79","40-49","70-79","50-59","50-59","60-69","70-79","60-69","50-59","50-59","60-69","50-59","50-59","70-79","60-69","50-59","70-79","60-69","70-79","60-69","50-59","60-69","70-79","60-69","70-79","50-59","50-59","70-79","70-79","60-69","50-59","70-79","60-69","70-79","40-49","70-79","60-69","80-89","50-59","80-89","60-69","50-59","80-89","60-69","50-59"],"SERIES_NAME":["FEMALE","MALE","MALE","FEMALE","MALE","FEMALE","FEMALE","FEMALE","MALE","MALE","FEMALE","MALE","MALE","MALE","MALE","MALE","MALE","FEMALE","MALE","MALE","MALE","MALE","MALE","MALE","FEMALE","FEMALE","FEMALE","FEMALE","MALE","FEMALE","MALE","MALE","MALE","MALE","MALE","MALE","MALE","FEMALE","MALE","FEMALE","MALE","MALE","FEMALE","FEMALE","MALE"],"X_CALENDAR_YEAR":[2104,2110,2112,2112,2118,2120,2121,2121,2124,2125,2129,2129,2132,2133,2133,2147,2148,2152,2154,2154,2158,2158,2159,2160,2160,2160,2163,2166,2166,2167,2168,2169,2174,2174,2175,2176,2176,2177,2177,2179,2180,2183,2188,2198,2201],"Y_PREVALENCE_1000PP":[127.65957,214.28571,129.03226,166.66667,112.90323,125,170.73171,122.44898,180,125,162.16216,159.09091,111.11111,111.11111,88.23529,134.61538,134.61538,133.33333,122.44898,132.07547,107.14286,166.66667,117.64706,101.44928,153.84615,181.81818,176.47059,120,93.75,166.66667,173.91304,125,127.65957,127.65957,187.5,122.44898,113.20755,146.34146,109.09091,152.17391,122.44898,113.20755,205.12821,187.5,193.54839]},"PREVALENCE_BY_MONTH":{"X_CALENDAR_MONTH":[210307,210407,210409,210812,210910,211104,211112,211211,212003,212104,212403,212412,212508,212807,212910,213207,213209,213311,213407,213602,213606,213908,213909,214004,214007,214104,214307,214609,214710,215301,215401,215609,215703,215805,215807,215808,216002,216401,216509,216612,216704,216802,216805,216904,217310,217403,217602,217804,217809,217909,217910,217912,218301,218409,218601,218606,218708,218811,219203,219211,219805,220102],"Y_PREVALENCE_1000PP":[96.77419,102.94118,111.11111,75.94937,84.50704,96.77419,100,103.44828,109.375,98.36066,81.08108,96.77419,127.65957,78.94737,89.55224,73.17073,75,96.77419,103.44828,89.55224,95.89041,95.89041,85.71429,95.2381,88.23529,84.50704,84.50704,113.20755,101.69492,102.94118,75,93.75,85.71429,100,101.69492,101.44928,88.23529,135.59322,88.23529,123.45679,105.26316,107.14286,107.69231,96.77419,96.77419,78.94737,120,100,101.69492,89.55224,87.5,95.2381,89.55224,82.19178,122.80702,95.2381,95.89041,114.7541,85.71429,84.50704,100,101.44928]},"CONDITIONS_BY_TYPE":{"CONCEPT_NAME":["Claim- Inpatient: Primary diagnosis","Claim- Inpatient: Secondary diagnosis"],"COUNT_VALUE":[72,2963]},"AGE_AT_FIRST_DIAGNOSIS":{"CATEGORY":["MALE","FEMALE"],"MIN_VALUE":[0,0],"P10_VALUE":[40,44],"P25_VALUE":[52,55],"MEDIAN_VALUE":[62,69],"P75_VALUE":[74,80],"P90_VALUE":[83,87],"MAX_VALUE":[308,308]}}
