{"PREVALENCE_BY_GENDER_AGE_YEAR":{"TRELLIS_NAME":["0-9","0-9","0-9","0-9","0-9","0-9","0-9","0-9","0-9","0-9","0-9","0-9","0-9","0-9","0-9","0-9","0-9","0-9","0-9","0-9","0-9","0-9","0-9","0-9","0-9","0-9","0-9","0-9","0-9","0-9","0-9","0-9","0-9","0-9","0-9","0-9","0-9","0-9","0-9","0-9","0-9","0-9","0-9","0-9"],"SERIES_NAME":["FEMALE","MALE","FEMALE","MALE","MALE","MALE","MALE","MALE","MALE","MALE","MALE","FEMALE","MALE","FEMALE","MALE","MALE","MALE","FEMALE","FEMALE","FEMALE","MALE","MALE","FEMALE","FEMALE","FEMALE","MALE","FEMALE","MALE","MALE","FEMALE","MALE","FEMALE","MALE","FEMALE","MALE","FEMALE","FEMALE","MALE","MALE","FEMALE","MALE","FEMALE","MALE","MALE"],"X_CALENDAR_YEAR":[2105,2109,2110,2111,2112,2116,2119,2120,2122,2125,2129,2130,2134,2134,2135,2136,2139,2143,2145,2147,2148,2150,2151,2153,2154,2155,2158,2159,2161,2161,2165,2171,2175,2177,2178,2182,2184,2188,2191,2191,2193,2194,2194,2199],"Y_PREVALENCE_1000PP":[142.85714,204.54545,171.42857,142.85714,139.53488,146.34146,130.43478,166.66667,120.68966,194.44444,159.09091,166.66667,145.83333,170.73171,157.89474,181.81818,200,162.16216,187.5,194.44444,142.85714,195.12195,136.36364,272.72727,135.59322,117.64706,142.85714,204.54545,150,175,145.45455,177.77778,159.09091,171.42857,140,200,153.84615,150,210.52632,179.48718,200,179.48718,176.47059,150]},"PREVALENCE_BY_MONTH":{"X_CALENDAR_MONTH":[],"Y_PREVALENCE_1000PP":[]},"CONDITIONS_BY_TYPE":{"CONCEPT_NAME":"Claim- Inpatient: Secondary diagnosis","COUNT_VALUE":875},"AGE_AT_FIRST_DIAGNOSIS":{"CATEGORY":["FEMALE","MALE"],"MIN_VALUE":[0,0],"P10_VALUE":[0,0],"P25_VALUE":[0,0],"MEDIAN_VALUE":[0,0],"P75_VALUE":[0,0],"P90_VALUE":[0,0],"MAX_VALUE":[0,0]}}
