{"PREVALENCE_BY_GENDER_AGE_YEAR":{"TRELLIS_NAME":["60-69","70-79","60-69","70-79","50-59","50-59","70-79","70-79","60-69","60-69","50-59","60-69","70-79","60-69","50-59","70-79","50-59","60-69","60-69","70-79","60-69","50-59","80-89","80-89","70-79","60-69","50-59","60-69","50-59","60-69","50-59","70-79","50-59","50-59","60-69","60-69","50-59","60-69","60-69","60-69","60-69","70-79","50-59","60-69","60-69","70-79","60-69","60-69","60-69","60-69","80-89","70-79","80-89","70-79","60-69","60-69","70-79","60-69","60-69","50-59","50-59","60-69","60-69","70-79","50-59","60-69","60-69"],"SERIES_NAME":["MALE","FEMALE","MALE","MALE","MALE","MALE","MALE","MALE","MALE","FEMALE","MALE","MALE","FEMALE","FEMALE","MALE","MALE","MALE","MALE","MALE","FEMALE","MALE","MALE","MALE","MALE","MALE","FEMALE","MALE","MALE","MALE","MALE","MALE","MALE","FEMALE","MALE","MALE","MALE","MALE","MALE","FEMALE","MALE","MALE","MALE","MALE","MALE","FEMALE","MALE","MALE","MALE","MALE","MALE","MALE","MALE","FEMALE","MALE","MALE","FEMALE","FEMALE","MALE","MALE","FEMALE","MALE","MALE","MALE","MALE","MALE","FEMALE","FEMALE"],"X_CALENDAR_YEAR":[2103,2104,2105,2105,2106,2109,2112,2114,2118,2119,2119,2119,2120,2120,2121,2124,2124,2126,2128,2129,2132,2132,2133,2135,2136,2137,2139,2139,2141,2142,2145,2146,2146,2147,2148,2156,2157,2158,2159,2159,2160,2162,2165,2165,2167,2169,2170,2173,2174,2176,2176,2179,2179,2180,2181,2181,2184,2185,2187,2189,2189,2190,2192,2194,2196,2197,2198],"Y_PREVALENCE_1000PP":[136.36364,127.65957,85.71429,129.62963,96.77419,103.44828,96.77419,180,93.75,166.66667,130.43478,104.47761,193.54839,166.66667,109.09091,107.14286,120,123.28767,155.55556,130.43478,152.54237,111.11111,136.36364,136.36364,109.375,159.09091,117.64706,101.69492,215.68627,101.44928,107.14286,101.69492,218.75,115.38462,101.69492,103.44828,176.47059,125,190.47619,127.27273,173.91304,105.26316,130.43478,133.33333,142.85714,125,107.14286,113.20755,170.21277,132.07547,136.36364,95.2381,130.43478,98.36066,113.20755,205.88235,142.85714,109.375,181.81818,225.80645,103.44828,125,116.66667,109.09091,117.64706,153.84615,187.5]},"PREVALENCE_BY_MONTH":{"X_CALENDAR_MONTH":[211006,211007,211306,211406,211410,211812,211908,212006,212408,212511,212707,212905,213105,213602,213708,213809,214006,214105,214412,214603,214610,214612,215204,215612,215902,215905,215908,216011,216012,216512,216603,216709,216710,216806,217403,217404,217607,218507,218808,218902,219401,219610,219706],"Y_PREVALENCE_1000PP":[125,120.68966,96.77419,100,89.55224,104.47761,116.66667,100,86.95652,100,111.11111,109.58904,103.44828,89.55224,95.89041,107.69231,90.90909,88.23529,89.55224,142.85714,90.90909,81.08108,90.90909,68.96552,76.92308,92.30769,95.89041,89.55224,90.90909,90.90909,81.08108,84.50704,96.77419,85.71429,78.94737,122.80702,72.28916,84.50704,84.50704,102.94118,81.08108,83.33333,98.59155]},"CONDITIONS_BY_TYPE":{"CONCEPT_NAME":"Claim- Inpatient: Secondary diagnosis","COUNT_VALUE":3002},"AGE_AT_FIRST_DIAGNOSIS":{"CATEGORY":["MALE","FEMALE"],"MIN_VALUE":[0,0],"P10_VALUE":[44,44],"P25_VALUE":[54,55],"MEDIAN_VALUE":[64,67],"P75_VALUE":[74,77],"P90_VALUE":[82,84],"MAX_VALUE":[303,307]}}
