{"PREVALENCE_BY_GENDER_AGE_YEAR":{"TRELLIS_NAME":["0-9","0-9","0-9","0-9","0-9","0-9","0-9","0-9","0-9","0-9","0-9","0-9","0-9","0-9","0-9","0-9","0-9","0-9","0-9","0-9","0-9","0-9","0-9","0-9","0-9","0-9","0-9","0-9","0-9","0-9","0-9","0-9","0-9","0-9","0-9","0-9","0-9","0-9","0-9","0-9","0-9","0-9","0-9"],"SERIES_NAME":["FEMALE","FEMALE","MALE","FEMALE","MALE","MALE","MALE","MALE","FEMALE","MALE","MALE","MALE","FEMALE","MALE","MALE","FEMALE","MALE","MALE","FEMALE","FEMALE","MALE","FEMALE","MALE","MALE","MALE","MALE","MALE","MALE","MALE","MALE","MALE","MALE","FEMALE","MALE","MALE","FEMALE","FEMALE","MALE","MALE","MALE","MALE","MALE","MALE"],"X_CALENDAR_YEAR":[2103,2107,2110,2120,2121,2122,2123,2129,2132,2137,2139,2140,2143,2144,2146,2147,2148,2149,2150,2151,2154,2156,2157,2160,2163,2165,2166,2168,2169,2171,2179,2181,2182,2184,2187,2187,2188,2191,2193,2194,2196,2197,2199],"Y_PREVALENCE_1000PP":[122.44898,130.43478,105.26316,171.42857,127.65957,103.44828,122.44898,159.09091,170.73171,163.93443,200,145.45455,189.18919,212.12121,111.11111,194.44444,142.85714,175,193.54839,136.36364,140,177.77778,125,139.53488,163.26531,163.63636,117.64706,210.52632,282.05128,152.17391,228.57143,189.18919,228.57143,162.7907,166.66667,194.44444,181.81818,157.89474,160,235.29412,180,155.55556,116.66667]},"PREVALENCE_BY_MONTH":{"X_CALENDAR_MONTH":[],"Y_PREVALENCE_1000PP":[]},"CONDITIONS_BY_TYPE":{"CONCEPT_NAME":["Claim- Inpatient: Primary diagnosis","Claim- Inpatient: Secondary diagnosis"],"COUNT_VALUE":[6,795]},"AGE_AT_FIRST_DIAGNOSIS":{"CATEGORY":["FEMALE","MALE"],"MIN_VALUE":[0,0],"P10_VALUE":[0,0],"P25_VALUE":[0,0],"MEDIAN_VALUE":[0,0],"P75_VALUE":[0,0],"P90_VALUE":[0,0],"MAX_VALUE":[0,0]}}
