{"PREVALENCE_BY_GENDER_AGE_YEAR":{"TRELLIS_NAME":["70-79","60-69","80-89","70-79","60-69","80-89","70-79","60-69","80-89","60-69","50-59","70-79","70-79","50-59","70-79","80-89","80-89","60-69","50-59","70-79","60-69","70-79","70-79","80-89","70-79","80-89","50-59","80-89","60-69","60-69","70-79","80-89"],"SERIES_NAME":["MALE","FEMALE","MALE","FEMALE","MALE","MALE","FEMALE","FEMALE","FEMALE","MALE","FEMALE","FEMALE","MALE","MALE","FEMALE","FEMALE","FEMALE","MALE","MALE","FEMALE","MALE","FEMALE","MALE","FEMALE","FEMALE","MALE","FEMALE","FEMALE","MALE","FEMALE","FEMALE","FEMALE"],"X_CALENDAR_YEAR":[2102,2109,2112,2113,2115,2117,2117,2119,2124,2127,2129,2131,2132,2135,2136,2138,2142,2142,2143,2143,2144,2145,2145,2146,2149,2149,2150,2160,2171,2173,2174,2179],"Y_PREVALENCE_1000PP":[122.44898,166.66667,189.18919,153.84615,100,181.81818,136.36364,166.66667,225.80645,152.17391,162.16216,170.73171,92.30769,111.11111,140,134.61538,127.65957,144.92754,134.61538,120,105.26316,142.85714,96.77419,155.55556,184.21053,216.21622,228.57143,130.43478,95.2381,173.91304,111.11111,130.43478]},"PREVALENCE_BY_MONTH":{"X_CALENDAR_MONTH":[212208,212410,212506,212707,212811,212905,212906,213005,213012,213207,213510,213809,214207,214612,214906,216302,217101,217105,217908,218505,219412],"Y_PREVALENCE_1000PP":[100,89.55224,89.55224,83.33333,86.95652,109.58904,78.94737,76.92308,77.92208,73.17073,98.36066,107.69231,74.07407,94.59459,78.94737,96.77419,113.20755,101.69492,73.17073,101.44928,80]},"CONDITIONS_BY_TYPE":{"CONCEPT_NAME":["Claim- Inpatient: Primary diagnosis","Claim- Inpatient: Secondary diagnosis","EHR Chief Complaint"],"COUNT_VALUE":[109,2221,456]},"AGE_AT_FIRST_DIAGNOSIS":{"CATEGORY":["MALE","FEMALE"],"MIN_VALUE":[0,0],"P10_VALUE":[41,42],"P25_VALUE":[55,56],"MEDIAN_VALUE":[66,71],"P75_VALUE":[79,82],"P90_VALUE":[86,300],"MAX_VALUE":[311,310]}}
