{"PREVALENCE_BY_GENDER_AGE_YEAR":{"TRELLIS_NAME":["80-89","70-79","70-79","70-79","80-89","80-89","80-89","60-69","70-79","70-79","80-89","70-79","60-69","80-89","70-79","70-79","80-89","70-79","80-89","80-89","70-79","80-89","70-79","60-69","80-89","60-69","70-79","80-89","70-79","70-79","80-89","70-79","70-79","70-79","70-79","80-89","70-79","80-89","80-89","70-79","80-89","70-79","70-79","70-79","80-89","80-89","60-69","70-79","60-69","80-89","70-79","70-79","80-89","70-79","80-89","60-69","80-89","70-79","80-89","80-89","80-89","60-69"],"SERIES_NAME":["MALE","MALE","MALE","MALE","MALE","MALE","MALE","MALE","MALE","MALE","MALE","MALE","MALE","MALE","MALE","MALE","MALE","MALE","MALE","MALE","MALE","MALE","MALE","MALE","MALE","MALE","MALE","MALE","MALE","MALE","MALE","MALE","MALE","MALE","MALE","MALE","MALE","MALE","MALE","MALE","MALE","MALE","MALE","MALE","MALE","MALE","MALE","MALE","MALE","MALE","MALE","MALE","MALE","MALE","MALE","MALE","MALE","MALE","MALE","MALE","MALE","MALE"],"X_CALENDAR_YEAR":[2105,2105,2107,2108,2108,2111,2112,2114,2115,2119,2123,2124,2124,2126,2129,2131,2132,2132,2134,2135,2135,2136,2138,2141,2141,2142,2144,2145,2145,2146,2149,2152,2154,2156,2158,2158,2160,2160,2161,2162,2164,2165,2166,2167,2171,2172,2173,2174,2175,2175,2179,2181,2182,2184,2185,2185,2187,2190,2192,2193,2196,2197],"Y_PREVALENCE_1000PP":[162.16216,111.11111,125,111.11111,225.80645,235.29412,297.2973,78.94737,111.11111,114.7541,181.81818,107.14286,94.59459,366.66667,107.14286,105.26316,130.43478,107.69231,250,136.36364,163.26531,175,109.09091,101.69492,166.66667,86.95652,217.3913,212.12121,112.90323,135.59322,162.16216,122.44898,122.44898,136.36364,132.07547,216.21622,125,181.81818,186.04651,105.26316,153.84615,111.11111,109.375,100,189.18919,127.65957,113.20755,148.93617,106.06061,205.88235,126.98413,120,150,134.61538,150,125,291.66667,105.26316,210.52632,250,170.73171,111.11111]},"PREVALENCE_BY_MONTH":{"X_CALENDAR_MONTH":210508,"Y_PREVALENCE_1000PP":103.44828},"CONDITIONS_BY_TYPE":{"CONCEPT_NAME":"Claim- Inpatient: Secondary diagnosis","COUNT_VALUE":1483},"AGE_AT_FIRST_DIAGNOSIS":{"CATEGORY":"MALE","MIN_VALUE":45,"P10_VALUE":62,"P25_VALUE":69,"MEDIAN_VALUE":77,"P75_VALUE":84,"P90_VALUE":88,"MAX_VALUE":311}}
