{"PREVALENCE_BY_GENDER_AGE_YEAR":{"TRELLIS_NAME":["60-69","70-79","70-79","60-69","50-59","60-69","80-89","60-69","60-69","60-69","60-69","60-69","60-69","60-69","60-69","60-69","60-69","50-59","60-69","50-59","60-69","70-79","60-69","60-69","60-69","60-69","60-69","50-59","60-69","60-69","60-69","60-69","50-59","70-79","70-79","60-69"],"SERIES_NAME":["FEMALE","MALE","MALE","MALE","MALE","MALE","MALE","MALE","FEMALE","MALE","MALE","MALE","FEMALE","MALE","FEMALE","MALE","MALE","MALE","MALE","MALE","MALE","MALE","MALE","FEMALE","MALE","MALE","MALE","MALE","MALE","FEMALE","FEMALE","MALE","MALE","MALE","MALE","MALE"],"X_CALENDAR_YEAR":[2105,2108,2114,2114,2118,2121,2125,2126,2126,2128,2132,2133,2138,2138,2140,2142,2143,2146,2152,2156,2157,2166,2169,2169,2173,2177,2178,2182,2185,2186,2193,2195,2198,2198,2199,2200],"Y_PREVALENCE_1000PP":[214.28571,95.2381,140,92.10526,96.77419,111.11111,171.42857,82.19178,181.81818,133.33333,118.64407,102.94118,142.85714,88.23529,222.22222,86.95652,95.2381,115.38462,156.86275,127.65957,137.2549,93.75,81.08108,150,113.20755,109.375,105.26316,139.53488,109.375,153.84615,166.66667,85.71429,103.44828,130.43478,101.69492,130.43478]},"PREVALENCE_BY_MONTH":{"X_CALENDAR_MONTH":[212107,212403,212511,212805,213403,214307,214612,215403,215508,215612,216809,216911,217612,218011,218503,218902,219505,219805,219903,219905,220004],"Y_PREVALENCE_1000PP":[83.33333,108.10811,100,71.42857,83.33333,98.59155,81.08108,103.44828,92.30769,68.96552,90.90909,125,90.90909,86.95652,90.90909,88.23529,100,100,107.14286,106.66667,71.42857]},"CONDITIONS_BY_TYPE":{"CONCEPT_NAME":["Claim- Inpatient: Primary diagnosis","Claim- Inpatient: Secondary diagnosis"],"COUNT_VALUE":[7,2373]},"AGE_AT_FIRST_DIAGNOSIS":{"CATEGORY":["MALE","FEMALE"],"MIN_VALUE":[22,22],"P10_VALUE":[45,46],"P25_VALUE":[53,55],"MEDIAN_VALUE":[63,63],"P75_VALUE":[72,72],"P90_VALUE":[80,81],"MAX_VALUE":[303,307]}}
