{"PREVALENCE_BY_GENDER_AGE_YEAR":{"TRELLIS_NAME":["60-69","60-69","80-89","60-69","60-69","60-69","60-69","60-69","60-69","60-69","80-89","80-89","60-69","70-79","70-79","80-89","60-69","70-79","50-59","80-89","60-69","70-79","60-69","70-79","60-69","60-69","80-89","80-89","60-69","50-59","80-89","80-89","60-69","60-69"],"SERIES_NAME":["MALE","MALE","MALE","MALE","MALE","MALE","FEMALE","FEMALE","FEMALE","MALE","FEMALE","MALE","MALE","MALE","FEMALE","MALE","FEMALE","FEMALE","MALE","MALE","MALE","MALE","MALE","MALE","MALE","MALE","MALE","FEMALE","MALE","MALE","MALE","MALE","MALE","MALE"],"X_CALENDAR_YEAR":[2104,2105,2107,2112,2116,2120,2120,2122,2126,2128,2129,2129,2131,2134,2136,2145,2147,2147,2150,2151,2153,2163,2168,2168,2173,2174,2179,2181,2183,2185,2188,2192,2193,2195],"Y_PREVALENCE_1000PP":[137.2549,114.28571,152.17391,111.11111,101.69492,173.07692,125,146.34146,212.12121,155.55556,240,187.5,90.90909,107.69231,120,212.12121,230.76923,200,133.33333,214.28571,105.26316,92.30769,107.14286,122.44898,113.20755,148.93617,181.81818,170.73171,183.67347,117.64706,136.36364,210.52632,115.38462,85.71429]},"PREVALENCE_BY_MONTH":{"X_CALENDAR_MONTH":[210512,210605,210701,211208,211301,211405,211411,211509,212001,212506,212908,213002,214311,214503,215505,215703,215909,216706,216801,216808,218110,218412,218811,219308,219908],"Y_PREVALENCE_1000PP":[89.55224,129.62963,101.69492,127.27273,103.44828,107.69231,81.08108,90.90909,111.11111,104.47761,97.22222,121.21212,93.75,86.95652,93.75,85.71429,67.41573,93.75,86.95652,75,81.08108,101.69492,114.7541,103.44828,84.50704]},"CONDITIONS_BY_TYPE":{"CONCEPT_NAME":["Claim- Inpatient: Secondary diagnosis","EHR Chief Complaint"],"COUNT_VALUE":[2579,32]},"AGE_AT_FIRST_DIAGNOSIS":{"CATEGORY":["MALE","FEMALE"],"MIN_VALUE":[0,18],"P10_VALUE":[46,46],"P25_VALUE":[57,57],"MEDIAN_VALUE":[68,71],"P75_VALUE":[80,82],"P90_VALUE":[86,300],"MAX_VALUE":[310,307]}}
