{"PREVALENCE_BY_GENDER_AGE_YEAR":{"TRELLIS_NAME":["50-59","70-79","60-69","50-59","80-89","50-59","50-59","60-69","50-59","50-59","80-89","70-79","50-59","50-59","60-69","70-79","70-79","60-69","70-79","70-79","60-69","70-79","40-49","60-69","50-59","50-59","60-69","50-59","60-69","70-79","60-69","80-89","70-79","50-59","60-69","70-79","70-79","50-59","60-69","50-59","60-69","50-59","60-69","80-89","80-89","50-59","60-69","80-89","60-69","70-79","70-79","60-69","60-69","70-79","70-79","60-69","70-79","50-59","50-59","60-69","80-89","70-79","70-79","50-59","60-69","80-89","70-79","60-69","70-79","60-69"],"SERIES_NAME":["MALE","MALE","MALE","MALE","MALE","MALE","MALE","MALE","MALE","MALE","MALE","FEMALE","MALE","MALE","MALE","MALE","FEMALE","MALE","MALE","MALE","MALE","MALE","MALE","MALE","MALE","FEMALE","MALE","FEMALE","MALE","MALE","MALE","MALE","FEMALE","MALE","MALE","MALE","MALE","MALE","MALE","MALE","MALE","MALE","FEMALE","FEMALE","MALE","MALE","MALE","MALE","MALE","MALE","MALE","MALE","MALE","FEMALE","FEMALE","MALE","FEMALE","MALE","MALE","MALE","FEMALE","MALE","MALE","MALE","FEMALE","FEMALE","FEMALE","MALE","MALE","FEMALE"],"X_CALENDAR_YEAR":[2103,2105,2106,2109,2112,2114,2115,2116,2116,2118,2121,2121,2122,2124,2124,2125,2127,2129,2130,2133,2133,2134,2136,2137,2139,2142,2143,2144,2146,2146,2150,2151,2151,2152,2153,2153,2154,2157,2158,2160,2164,2167,2167,2168,2168,2169,2171,2172,2172,2173,2174,2175,2176,2176,2179,2181,2182,2183,2187,2187,2188,2189,2192,2194,2196,2197,2198,2198,2200,2200],"Y_PREVALENCE_1000PP":[125,129.62963,88.23529,120.68966,162.16216,148.14815,139.53488,135.59322,136.36364,112.90323,225.80645,146.34146,107.14286,120,81.08108,125,103.44828,101.69492,107.14286,129.62963,102.94118,138.46154,162.16216,134.61538,117.64706,157.89474,95.2381,218.75,129.03226,101.69492,125,250,142.85714,166.66667,105.26316,96.77419,122.44898,117.64706,145.83333,130.43478,107.69231,127.65957,142.85714,150,179.48718,130.43478,126.98413,127.65957,133.33333,142.85714,170.21277,90.90909,113.20755,190.47619,152.17391,169.81132,139.53488,113.20755,93.75,109.09091,153.84615,132.07547,118.64407,150,130.43478,157.89474,205.88235,114.7541,107.69231,176.47059]},"PREVALENCE_BY_MONTH":{"X_CALENDAR_MONTH":[210908,211201,211501,211509,211603,211902,212205,212605,212703,212905,213103,213105,213208,213303,213609,213702,213703,213705,213804,214103,214412,214503,214601,214705,215007,215306,215709,216005,216104,216405,216505,216603,216808,216812,217204,217209,217210,217301,217307,217408,217608,217911,218204,218307,218610,218806,218807,219101,219204,219209,219705],"Y_PREVALENCE_1000PP":[92.10526,107.14286,75.94937,90.90909,88.23529,84.50704,90.90909,86.95652,98.36066,95.89041,137.93103,103.44828,68.96552,100,107.69231,93.75,76.92308,89.55224,109.375,105.26316,89.55224,86.95652,109.375,88.23529,112.90323,75.94937,90.90909,102.94118,88.23529,86.95652,93.33333,94.59459,87.5,82.19178,114.7541,121.21212,85.71429,135.59322,86.95652,108.10811,109.375,93.33333,83.33333,88.23529,101.69492,100,83.33333,83.33333,90.90909,75.94937,116.88312]},"CONDITIONS_BY_TYPE":{"CONCEPT_NAME":["Claim- Inpatient: Secondary diagnosis","EHR Chief Complaint"],"COUNT_VALUE":[3061,17]},"AGE_AT_FIRST_DIAGNOSIS":{"CATEGORY":["FEMALE","MALE"],"MIN_VALUE":[17,0],"P10_VALUE":[44,43],"P25_VALUE":[56,53],"MEDIAN_VALUE":[69,65],"P75_VALUE":[80,77],"P90_VALUE":[87,84],"MAX_VALUE":[307,308]}}
