{"PREVALENCE_BY_GENDER_AGE_YEAR":{"TRELLIS_NAME":["80-89","300-309","80-89","300-309","80-89","80-89","80-89","80-89","80-89","80-89","300-309","80-89","80-89","80-89","300-309","80-89"],"SERIES_NAME":["FEMALE","FEMALE","FEMALE","FEMALE","FEMALE","FEMALE","FEMALE","FEMALE","FEMALE","FEMALE","FEMALE","FEMALE","FEMALE","FEMALE","FEMALE","FEMALE"],"X_CALENDAR_YEAR":[2101,2103,2110,2135,2147,2149,2160,2163,2173,2177,2181,2187,2190,2191,2192,2197],"Y_PREVALENCE_1000PP":[166.66667,318.18182,133.33333,315.78947,189.18919,189.18919,130.43478,136.36364,125,146.34146,333.33333,222.22222,139.53488,155.55556,388.88889,157.89474]},"PREVALENCE_BY_MONTH":{"X_CALENDAR_MONTH":[],"Y_PREVALENCE_1000PP":[]},"CONDITIONS_BY_TYPE":{"CONCEPT_NAME":"Claim- Inpatient: Secondary diagnosis","COUNT_VALUE":1189},"AGE_AT_FIRST_DIAGNOSIS":{"CATEGORY":["MALE","FEMALE"],"MIN_VALUE":[36,25],"P10_VALUE":[65,72],"P25_VALUE":[75,80],"MEDIAN_VALUE":[81,85],"P75_VALUE":[87,300],"P90_VALUE":[300,300],"MAX_VALUE":[306,307]}}
