{"PREVALENCE_BY_GENDER_AGE_YEAR":{"TRELLIS_NAME":["80-89","60-69","60-69","50-59","50-59","50-59","50-59","60-69","60-69","50-59","70-79","60-69","70-79","50-59","50-59","80-89","60-69","40-49","60-69","60-69","50-59","60-69","60-69","40-49","60-69","60-69","50-59","50-59","70-79","50-59","50-59","80-89","60-69","50-59","60-69","60-69","60-69","50-59","40-49","50-59","80-89","60-69","80-89","60-69","60-69","60-69","80-89","60-69","50-59","50-59","60-69","40-49","50-59","80-89","60-69","70-79","60-69","60-69","60-69","40-49","60-69","60-69"],"SERIES_NAME":["FEMALE","MALE","FEMALE","MALE","FEMALE","FEMALE","FEMALE","FEMALE","FEMALE","FEMALE","FEMALE","FEMALE","MALE","FEMALE","FEMALE","MALE","FEMALE","FEMALE","FEMALE","MALE","MALE","MALE","FEMALE","MALE","MALE","MALE","FEMALE","MALE","MALE","FEMALE","MALE","FEMALE","FEMALE","MALE","MALE","FEMALE","MALE","FEMALE","MALE","MALE","FEMALE","MALE","MALE","MALE","FEMALE","MALE","FEMALE","MALE","FEMALE","MALE","MALE","FEMALE","FEMALE","FEMALE","MALE","FEMALE","MALE","MALE","FEMALE","FEMALE","FEMALE","MALE"],"X_CALENDAR_YEAR":[2101,2105,2108,2109,2109,2115,2116,2120,2121,2121,2126,2126,2129,2130,2131,2132,2132,2132,2134,2135,2136,2138,2138,2139,2142,2144,2146,2148,2148,2150,2151,2151,2152,2154,2158,2159,2160,2161,2166,2169,2170,2171,2172,2173,2175,2176,2181,2182,2183,2183,2185,2188,2188,2191,2195,2195,2196,2197,2198,2200,2200,2201],"Y_PREVALENCE_1000PP":[166.66667,100,142.85714,137.93103,175,205.12821,181.81818,145.83333,122.44898,321.42857,152.17391,212.12121,107.14286,146.34146,263.15789,130.43478,133.33333,272.72727,171.42857,183.67347,152.17391,88.23529,214.28571,200,101.44928,122.80702,187.5,115.38462,134.61538,171.42857,200,125,133.33333,162.7907,125,166.66667,101.44928,235.29412,166.66667,130.43478,152.17391,95.2381,127.65957,113.20755,222.22222,113.20755,146.34146,98.36066,150,169.81132,125,400,162.16216,155.55556,128.57143,139.53488,85.71429,148.14815,312.5,259.25926,205.88235,228.57143]},"PREVALENCE_BY_MONTH":{"X_CALENDAR_MONTH":[210309,211309,211310,211901,212003,212007,212105,212107,212201,212207,212610,212712,212804,212902,212912,213106,213112,213203,213210,213401,213506,213704,213706,213709,213807,213912,214010,214101,214202,214401,214511,214604,214801,214807,214809,214908,215108,215207,215809,216005,216008,216010,216202,216512,216612,216912,217005,217203,217505,217804,217903,217908,218102,218204,218208,218212,218310,218602,218711,218812,218909,219308,219501,219502,219507,219803,219812,219903,220003,220004,220101,220102],"Y_PREVALENCE_1000PP":[89.55224,133.33333,109.09091,93.75,109.375,101.69492,114.7541,97.22222,111.11111,101.44928,96.77419,107.69231,84.50704,129.62963,120,105.26316,95.89041,102.94118,80,114.7541,93.75,76.92308,111.11111,103.44828,78.94737,82.19178,96.77419,92.30769,125,93.33333,93.33333,118.64407,89.55224,90.90909,98.36066,107.69231,96.77419,92.30769,85.71429,88.23529,96.77419,100,98.36066,90.90909,86.41975,137.93103,100,96.77419,90.90909,87.5,85.71429,73.17073,109.09091,97.22222,106.06061,95.2381,89.55224,95.2381,90.90909,75.94937,98.59155,103.44828,102.94118,111.11111,111.11111,103.44828,95.2381,107.14286,94.59459,130.95238,89.55224,86.95652]},"CONDITIONS_BY_TYPE":{"CONCEPT_NAME":"Claim- Inpatient: Secondary diagnosis","COUNT_VALUE":3431},"AGE_AT_FIRST_DIAGNOSIS":{"CATEGORY":["MALE","FEMALE"],"MIN_VALUE":[0,15],"P10_VALUE":[38,38],"P25_VALUE":[49,52],"MEDIAN_VALUE":[60,64],"P75_VALUE":[72,79],"P90_VALUE":[83,87],"MAX_VALUE":[311,310]}}
