{"PREVALENCE_BY_GENDER_AGE_YEAR":{"TRELLIS_NAME":["0-9","0-9","0-9","0-9","0-9","0-9","0-9","0-9","0-9","0-9","0-9","0-9","0-9","0-9","0-9","0-9","0-9","0-9","0-9","0-9","0-9","0-9","0-9","0-9","0-9","0-9","0-9","0-9","0-9","0-9","0-9","0-9","0-9","0-9","0-9","0-9"],"SERIES_NAME":["FEMALE","MALE","MALE","MALE","MALE","MALE","MALE","MALE","FEMALE","MALE","MALE","MALE","MALE","MALE","MALE","MALE","FEMALE","MALE","MALE","MALE","MALE","MALE","MALE","FEMALE","MALE","FEMALE","FEMALE","MALE","MALE","MALE","MALE","MALE","MALE","MALE","MALE","MALE"],"X_CALENDAR_YEAR":[2105,2106,2107,2108,2110,2111,2113,2115,2117,2118,2121,2122,2123,2124,2127,2129,2134,2134,2137,2140,2146,2150,2156,2156,2159,2159,2160,2165,2166,2167,2168,2169,2176,2182,2192,2200],"Y_PREVALENCE_1000PP":[142.85714,130.43478,210.52632,140,192.98246,166.66667,157.89474,155.55556,166.66667,233.33333,127.65957,103.44828,183.67347,162.16216,166.66667,204.54545,146.34146,145.83333,131.14754,109.09091,185.18519,195.12195,204.54545,133.33333,159.09091,122.44898,162.16216,127.27273,137.2549,205.12821,184.21053,153.84615,162.7907,166.66667,186.04651,142.85714]},"PREVALENCE_BY_MONTH":{"X_CALENDAR_MONTH":[],"Y_PREVALENCE_1000PP":[]},"CONDITIONS_BY_TYPE":{"CONCEPT_NAME":["Claim- Inpatient: Primary diagnosis","Claim- Inpatient: Secondary diagnosis"],"COUNT_VALUE":[9,731]},"AGE_AT_FIRST_DIAGNOSIS":{"CATEGORY":["FEMALE","MALE"],"MIN_VALUE":[0,0],"P10_VALUE":[0,0],"P25_VALUE":[0,0],"MEDIAN_VALUE":[0,0],"P75_VALUE":[0,0],"P90_VALUE":[0,0],"MAX_VALUE":[0,0]}}
