{"AGE_AT_FIRST_EXPOSURE":{"CATEGORY":["MALE","FEMALE"],"MIN_VALUE":[18,20],"P10_VALUE":[49,51],"P25_VALUE":[58,62],"MEDIAN_VALUE":[67,72],"P75_VALUE":[76,80],"P90_VALUE":[83,85],"MAX_VALUE":[310,307]},"DAYS_SUPPLY_DISTRIBUTION":{"CATEGORY":[],"MIN_VALUE":[],"P10_VALUE":[],"P25_VALUE":[],"MEDIAN_VALUE":[],"P75_VALUE":[],"P90_VALUE":[],"MAX_VALUE":[]},"DRUGS_BY_TYPE":{"CONCEPT_NAME":"Prescription written","COUNT_VALUE":3912},"PREVALENCE_BY_GENDER_AGE_YEAR":{"TRELLIS_NAME":["70-79","60-69","60-69","50-59","70-79","60-69","70-79","60-69","70-79","60-69","60-69","70-79","70-79","70-79","60-69","60-69","70-79","60-69","70-79","70-79","70-79","70-79","70-79","50-59","70-79","60-69","70-79","60-69","60-69","70-79","50-59","70-79","60-69","70-79","70-79","70-79","60-69","70-79","70-79","60-69","60-69","60-69","60-69","60-69","70-79","70-79","80-89"],"SERIES_NAME":["MALE","MALE","MALE","MALE","MALE","MALE","MALE","MALE","FEMALE","FEMALE","MALE","MALE","FEMALE","MALE","MALE","MALE","MALE","MALE","MALE","MALE","FEMALE","MALE","MALE","MALE","MALE","FEMALE","FEMALE","MALE","MALE","MALE","MALE","MALE","MALE","FEMALE","MALE","MALE","MALE","FEMALE","MALE","MALE","MALE","MALE","MALE","MALE","FEMALE","MALE","MALE"],"X_CALENDAR_YEAR":[2104,2104,2105,2106,2108,2110,2112,2112,2118,2118,2119,2121,2125,2127,2129,2132,2133,2136,2137,2138,2143,2144,2145,2146,2146,2148,2150,2150,2152,2153,2157,2158,2162,2163,2165,2166,2169,2170,2172,2172,2173,2174,2176,2185,2192,2196,2200],"Y_PREVALENCE_1000PP":[130.43478,117.64706,85.71429,112.90323,95.2381,148.14815,96.77419,111.11111,145.83333,115.38462,104.47761,162.16216,125,120.68966,101.69492,101.69492,148.14815,131.14754,120,109.09091,120,130.43478,96.77419,115.38462,152.54237,136.36364,189.18919,93.75,117.64706,112.90323,117.64706,169.81132,145.16129,105.26316,111.11111,93.75,94.59459,181.81818,111.11111,133.33333,113.20755,127.65957,113.20755,93.75,195.12195,117.64706,181.81818]},"PREVALENCE_BY_MONTH":{"X_CALENDAR_MONTH":[210811,211605,212706,212906,214401,214601,215302,215404,215811,216602,216803,216911,217204,217408,217501,218103,218812,220004],"Y_PREVALENCE_1000PP":[111.11111,107.69231,96.77419,78.94737,80,93.75,80,92.30769,118.64407,90.90909,93.75,93.75,98.36066,94.59459,122.80702,92.30769,75.94937,71.42857]},"DRUG_FREQUENCY_DISTRIBUTION":{"Y_NUM_PERSONS":[5,2,1,0,0,0,0,0,0,0,0,0,0],"X_COUNT":[1,2,3,4,5,6,7,8,9,10,11,12,13]},"QUANTITY_DISTRIBUTION":{"CATEGORY":"Quantity","MIN_VALUE":0.5,"P10_VALUE":1,"P25_VALUE":1,"MEDIAN_VALUE":1,"P75_VALUE":1,"P90_VALUE":1,"MAX_VALUE":1000},"REFILLS_DISTRIBUTION":{"CATEGORY":[],"MIN_VALUE":[],"P10_VALUE":[],"P25_VALUE":[],"MEDIAN_VALUE":[],"P75_VALUE":[],"P90_VALUE":[],"MAX_VALUE":[]}}
