{"AGE_AT_FIRST_EXPOSURE":{"CATEGORY":["MALE","FEMALE"],"MIN_VALUE":[15,16],"P10_VALUE":[40,43],"P25_VALUE":[52,55],"MEDIAN_VALUE":[64,70],"P75_VALUE":[75,79],"P90_VALUE":[82,86],"MAX_VALUE":[302,302]},"DAYS_SUPPLY_DISTRIBUTION":{"CATEGORY":[],"MIN_VALUE":[],"P10_VALUE":[],"P25_VALUE":[],"MEDIAN_VALUE":[],"P75_VALUE":[],"P90_VALUE":[],"MAX_VALUE":[]},"DRUGS_BY_TYPE":{"CONCEPT_NAME":["Inpatient administration","Prescription written"],"COUNT_VALUE":[16,6501]},"PREVALENCE_BY_GENDER_AGE_YEAR":{"TRELLIS_NAME":["60-69","70-79","70-79","70-79","70-79","60-69","60-69","80-89","70-79","50-59","50-59","70-79","70-79","50-59","70-79","50-59","50-59","60-69","70-79","50-59","50-59","70-79","60-69","60-69","80-89","40-49","70-79","60-69","70-79","70-79","70-79","70-79","60-69","70-79","80-89","70-79","70-79","70-79","50-59","60-69","50-59","70-79","60-69"],"SERIES_NAME":["FEMALE","MALE","FEMALE","MALE","MALE","MALE","MALE","FEMALE","FEMALE","FEMALE","MALE","FEMALE","MALE","MALE","FEMALE","MALE","MALE","MALE","MALE","MALE","MALE","MALE","MALE","MALE","MALE","MALE","MALE","MALE","MALE","FEMALE","MALE","MALE","MALE","MALE","FEMALE","MALE","FEMALE","MALE","MALE","MALE","MALE","MALE","MALE"],"X_CALENDAR_YEAR":[2101,2101,2107,2108,2112,2118,2119,2119,2119,2128,2128,2128,2130,2135,2139,2139,2140,2141,2141,2142,2145,2148,2149,2151,2156,2161,2163,2165,2166,2166,2167,2177,2179,2180,2180,2182,2183,2186,2190,2190,2192,2199,2200],"Y_PREVALENCE_1000PP":[162.16216,113.20755,155.55556,95.2381,96.77419,93.75,89.55224,152.17391,162.16216,176.47059,130.43478,136.36364,107.14286,95.2381,130.43478,117.64706,122.44898,101.69492,122.44898,120,107.14286,115.38462,112.90323,97.22222,171.42857,212.12121,107.69231,133.33333,93.75,160,100,126.98413,109.09091,114.7541,139.53488,127.65957,179.48718,155.55556,136.36364,107.14286,127.27273,118.64407,101.44928]},"PREVALENCE_BY_MONTH":{"X_CALENDAR_MONTH":[210112,210702,210802,210811,210812,211001,211410,212201,212711,212811,212812,213207,213511,213910,213912,214011,214012,214102,214512,214601,214611,214912,215411,216110,216611,216708,216801,217112,217505,217612,218005,218012,218212,218301,218311,218510,218602,218808,218812,219012,219401,219412,219812],"Y_PREVALENCE_1000PP":[109.09091,92.30769,88.23529,95.2381,75.94937,95.2381,89.55224,74.07407,93.75,101.44928,119.40299,73.17073,107.14286,95.2381,82.19178,85.71429,105.26316,86.95652,101.44928,93.75,93.75,145.83333,103.44828,82.19178,116.66667,92.30769,86.95652,118.64407,90.90909,142.85714,92.30769,98.36066,95.2381,89.55224,86.95652,107.69231,111.11111,98.59155,75.94937,88.23529,108.10811,80,111.11111]},"DRUG_FREQUENCY_DISTRIBUTION":{"Y_NUM_PERSONS":[5,2,2,1,1,1,0,0,0,0,0,0,0,0,0,0,0,0,0,0,0,0,0,0,0,0,0],"X_COUNT":[1,2,3,4,5,6,7,8,9,10,11,12,13,14,15,16,17,18,19,20,21,22,23,24,26,27,29]},"QUANTITY_DISTRIBUTION":{"CATEGORY":"Quantity","MIN_VALUE":0,"P10_VALUE":1,"P25_VALUE":1,"MEDIAN_VALUE":2,"P75_VALUE":2,"P90_VALUE":5,"MAX_VALUE":1810},"REFILLS_DISTRIBUTION":{"CATEGORY":[],"MIN_VALUE":[],"P10_VALUE":[],"P25_VALUE":[],"MEDIAN_VALUE":[],"P75_VALUE":[],"P90_VALUE":[],"MAX_VALUE":[]}}
