{"AGE_AT_FIRST_EXPOSURE":{"CATEGORY":["MALE","FEMALE"],"MIN_VALUE":[21,17],"P10_VALUE":[57,29],"P25_VALUE":[65,46],"MEDIAN_VALUE":[74,68],"P75_VALUE":[81,79],"P90_VALUE":[86,87],"MAX_VALUE":[307,300]},"DAYS_SUPPLY_DISTRIBUTION":{"CATEGORY":[],"MIN_VALUE":[],"P10_VALUE":[],"P25_VALUE":[],"MEDIAN_VALUE":[],"P75_VALUE":[],"P90_VALUE":[],"MAX_VALUE":[]},"DRUGS_BY_TYPE":{"CONCEPT_NAME":"Prescription written","COUNT_VALUE":1908},"PREVALENCE_BY_GENDER_AGE_YEAR":{"TRELLIS_NAME":["70-79","70-79","70-79","80-89","70-79","60-69","70-79","70-79","80-89","70-79","70-79","70-79","70-79","60-69","70-79","70-79","60-69","80-89","70-79","80-89","70-79","80-89","70-79","80-89","70-79","60-69","70-79","70-79","70-79","60-69","70-79","70-79","80-89","70-79","70-79","80-89","70-79","60-69"],"SERIES_NAME":["MALE","MALE","MALE","MALE","MALE","MALE","MALE","MALE","MALE","MALE","MALE","MALE","MALE","MALE","MALE","MALE","MALE","MALE","MALE","MALE","MALE","MALE","MALE","MALE","MALE","MALE","MALE","MALE","MALE","MALE","MALE","MALE","MALE","MALE","MALE","MALE","MALE","MALE"],"X_CALENDAR_YEAR":[2105,2108,2109,2113,2115,2121,2125,2129,2129,2131,2135,2136,2139,2142,2143,2145,2151,2156,2158,2159,2162,2165,2166,2166,2171,2173,2179,2181,2183,2185,2187,2188,2189,2190,2193,2195,2199,2200],"Y_PREVALENCE_1000PP":[111.11111,111.11111,150,153.84615,126.98413,95.2381,166.66667,125,218.75,122.80702,142.85714,93.75,105.26316,86.95652,130.43478,96.77419,97.22222,171.42857,169.81132,142.85714,192.98246,175,93.75,155.55556,157.89474,113.20755,95.2381,120,103.44828,93.75,116.66667,148.14815,212.12121,122.80702,142.85714,162.16216,101.69492,86.95652]},"PREVALENCE_BY_MONTH":{"X_CALENDAR_MONTH":[211505,216203,218510],"Y_PREVALENCE_1000PP":[84.50704,86.95652,92.30769]},"DRUG_FREQUENCY_DISTRIBUTION":{"Y_NUM_PERSONS":[3,1,0,0,0,0,0],"X_COUNT":[1,2,3,4,5,6,7]},"QUANTITY_DISTRIBUTION":{"CATEGORY":"Quantity","MIN_VALUE":1,"P10_VALUE":1,"P25_VALUE":1,"MEDIAN_VALUE":1,"P75_VALUE":1,"P90_VALUE":1,"MAX_VALUE":2},"REFILLS_DISTRIBUTION":{"CATEGORY":[],"MIN_VALUE":[],"P10_VALUE":[],"P25_VALUE":[],"MEDIAN_VALUE":[],"P75_VALUE":[],"P90_VALUE":[],"MAX_VALUE":[]}}
