{"AGE_AT_FIRST_EXPOSURE":{"CATEGORY":["FEMALE","MALE"],"MIN_VALUE":[16,22],"P10_VALUE":[44,45],"P25_VALUE":[53,52],"MEDIAN_VALUE":[67,63],"P75_VALUE":[78,75],"P90_VALUE":[84,83],"MAX_VALUE":[305,302]},"DAYS_SUPPLY_DISTRIBUTION":{"CATEGORY":[],"MIN_VALUE":[],"P10_VALUE":[],"P25_VALUE":[],"MEDIAN_VALUE":[],"P75_VALUE":[],"P90_VALUE":[],"MAX_VALUE":[]},"DRUGS_BY_TYPE":{"CONCEPT_NAME":"Prescription written","COUNT_VALUE":3948},"PREVALENCE_BY_GENDER_AGE_YEAR":{"TRELLIS_NAME":["60-69","50-59","60-69","50-59","60-69","80-89","70-79","70-79","60-69","60-69","60-69"],"SERIES_NAME":["MALE","FEMALE","FEMALE","MALE","MALE","FEMALE","FEMALE","FEMALE","MALE","FEMALE","FEMALE"],"X_CALENDAR_YEAR":[2115,2116,2125,2139,2140,2146,2160,2163,2171,2176,2196],"Y_PREVALENCE_1000PP":[116.66667,212.12121,150,137.2549,96.77419,133.33333,153.84615,122.80702,95.2381,150,130.43478]},"PREVALENCE_BY_MONTH":{"X_CALENDAR_MONTH":[210611,211412,211501,211906,212011,212201,212202,212705,214008,214611,214704,214707,216002,216005,217606,218011,218102,218210,219404,219907],"Y_PREVALENCE_1000PP":[92.30769,97.22222,75.94937,109.09091,93.75,111.11111,101.44928,107.14286,95.89041,93.75,127.65957,100,88.23529,102.94118,100,101.44928,109.09091,101.69492,103.44828,82.19178]},"DRUG_FREQUENCY_DISTRIBUTION":{"Y_NUM_PERSONS":[3,2,1,1,0,0,0,0,0,0,0,0,0,0,0,0,0,0],"X_COUNT":[1,2,3,4,5,6,7,8,9,10,11,12,13,14,15,16,17,20]},"QUANTITY_DISTRIBUTION":{"CATEGORY":"Quantity","MIN_VALUE":0,"P10_VALUE":1,"P25_VALUE":1,"MEDIAN_VALUE":1,"P75_VALUE":3,"P90_VALUE":3.5,"MAX_VALUE":12},"REFILLS_DISTRIBUTION":{"CATEGORY":[],"MIN_VALUE":[],"P10_VALUE":[],"P25_VALUE":[],"MEDIAN_VALUE":[],"P75_VALUE":[],"P90_VALUE":[],"MAX_VALUE":[]}}
