{"AGE_AT_FIRST_EXPOSURE":{"CATEGORY":["FEMALE","MALE"],"MIN_VALUE":[0,0],"P10_VALUE":[0,0],"P25_VALUE":[0,0],"MEDIAN_VALUE":[35,0],"P75_VALUE":[63,61],"P90_VALUE":[77,75],"MAX_VALUE":[300,300]},"DAYS_SUPPLY_DISTRIBUTION":{"CATEGORY":[],"MIN_VALUE":[],"P10_VALUE":[],"P25_VALUE":[],"MEDIAN_VALUE":[],"P75_VALUE":[],"P90_VALUE":[],"MAX_VALUE":[]},"DRUGS_BY_TYPE":{"CONCEPT_NAME":"Prescription written","COUNT_VALUE":4635},"PREVALENCE_BY_GENDER_AGE_YEAR":{"TRELLIS_NAME":["0-9","0-9","0-9","0-9","0-9","0-9","0-9","0-9","0-9","0-9","0-9","0-9","0-9","0-9","0-9","0-9","0-9","0-9","0-9","0-9","0-9","0-9","0-9","0-9","0-9"],"SERIES_NAME":["MALE","MALE","FEMALE","FEMALE","MALE","FEMALE","FEMALE","MALE","MALE","MALE","FEMALE","FEMALE","FEMALE","FEMALE","MALE","FEMALE","MALE","FEMALE","MALE","MALE","MALE","MALE","MALE","MALE","MALE"],"X_CALENDAR_YEAR":[2103,2108,2113,2114,2122,2128,2133,2145,2148,2149,2151,2158,2159,2171,2172,2179,2184,2186,2191,2193,2196,2197,2198,2199,2201],"Y_PREVALENCE_1000PP":[208.33333,120,187.5,142.85714,120.68966,152.17391,146.34146,150,183.67347,150,136.36364,142.85714,122.44898,133.33333,136.36364,150,139.53488,222.22222,157.89474,120,120,200,148.93617,100,193.54839]},"PREVALENCE_BY_MONTH":{"X_CALENDAR_MONTH":[214810,217503,218701],"Y_PREVALENCE_1000PP":[98.36066,95.2381,95.2381]},"DRUG_FREQUENCY_DISTRIBUTION":{"Y_NUM_PERSONS":[3,2,1,1,1,0,0,0,0,0,0,0,0,0,0,0,0,0,0,0,0,0,0,0,0,0,0,0],"X_COUNT":[1,2,3,4,5,6,7,8,9,10,11,12,13,14,15,16,17,18,19,20,21,22,23,25,27,28,29,33]},"QUANTITY_DISTRIBUTION":{"CATEGORY":"Quantity","MIN_VALUE":0,"P10_VALUE":0.5,"P25_VALUE":5,"MEDIAN_VALUE":12.5,"P75_VALUE":12.5,"P90_VALUE":12.5,"MAX_VALUE":25},"REFILLS_DISTRIBUTION":{"CATEGORY":[],"MIN_VALUE":[],"P10_VALUE":[],"P25_VALUE":[],"MEDIAN_VALUE":[],"P75_VALUE":[],"P90_VALUE":[],"MAX_VALUE":[]}}
