{"AGE_AT_FIRST_EXPOSURE":{"CATEGORY":["FEMALE","MALE"],"MIN_VALUE":[15,16],"P10_VALUE":[33,28],"P25_VALUE":[46,42],"MEDIAN_VALUE":[58,54],"P75_VALUE":[69,67],"P90_VALUE":[77,76],"MAX_VALUE":[302,305]},"DAYS_SUPPLY_DISTRIBUTION":{"CATEGORY":[],"MIN_VALUE":[],"P10_VALUE":[],"P25_VALUE":[],"MEDIAN_VALUE":[],"P75_VALUE":[],"P90_VALUE":[],"MAX_VALUE":[]},"DRUGS_BY_TYPE":{"CONCEPT_NAME":"Prescription written","COUNT_VALUE":6322},"PREVALENCE_BY_GENDER_AGE_YEAR":{"TRELLIS_NAME":["60-69","50-59","70-79","60-69","50-59","50-59","60-69","50-59","60-69","40-49","40-49","60-69","40-49","60-69","60-69","50-59","60-69","50-59","60-69","50-59","60-69","50-59","50-59","60-69","60-69","40-49","50-59","40-49","40-49","50-59","60-69","40-49","60-69","60-69","60-69","60-69","60-69","50-59","50-59","60-69","50-59","50-59","60-69"],"SERIES_NAME":["FEMALE","MALE","FEMALE","MALE","FEMALE","MALE","MALE","MALE","MALE","MALE","MALE","MALE","MALE","FEMALE","MALE","FEMALE","MALE","MALE","MALE","MALE","FEMALE","MALE","MALE","FEMALE","MALE","MALE","MALE","FEMALE","MALE","MALE","MALE","MALE","FEMALE","FEMALE","FEMALE","MALE","MALE","MALE","MALE","MALE","MALE","FEMALE","MALE"],"X_CALENDAR_YEAR":[2111,2113,2113,2115,2116,2117,2119,2120,2121,2123,2124,2124,2129,2131,2133,2134,2135,2136,2138,2141,2142,2145,2146,2148,2148,2148,2152,2154,2155,2160,2161,2161,2163,2165,2167,2169,2176,2183,2184,2187,2189,2189,2193],"Y_PREVALENCE_1000PP":[150,120,153.84615,100,181.81818,142.85714,104.47761,148.93617,111.11111,214.28571,193.54839,81.08108,166.66667,162.16216,88.23529,181.81818,163.26531,152.17391,88.23529,117.64706,200,107.14286,115.38462,136.36364,135.59322,285.71429,145.83333,206.89655,219.5122,152.17391,105.26316,212.12121,218.75,139.53488,190.47619,81.08108,132.07547,113.20755,96.77419,109.09091,120.68966,193.54839,115.38462]},"PREVALENCE_BY_MONTH":{"X_CALENDAR_MONTH":[210106,210303,210611,211908,212406,212411,212905,213509,213510,213605,213809,214506,214807,215107,215406,215510,215608,215905,216005,216101,216311,216405,216504,216505,216704,216806,216904,217110,217511,217611,217909,218303,218902,219309,219508,219511],"Y_PREVALENCE_1000PP":[95.2381,93.75,107.69231,100,98.36066,112.90323,82.19178,101.69492,131.14754,81.08108,92.30769,102.5641,106.06061,89.74359,81.08108,93.75,90.90909,92.30769,88.23529,88.23529,115.38462,101.44928,100,80,78.94737,85.71429,96.77419,103.8961,100,81.08108,89.55224,88.23529,88.23529,123.07692,88.23529,107.69231]},"DRUG_FREQUENCY_DISTRIBUTION":{"Y_NUM_PERSONS":[5,3,2,1,1,0,0,0,0,0,0,0,0,0,0,0],"X_COUNT":[1,2,3,4,5,6,7,8,9,10,11,12,13,14,15,16]},"QUANTITY_DISTRIBUTION":{"CATEGORY":"Quantity","MIN_VALUE":0,"P10_VALUE":0.0096,"P25_VALUE":0.0096,"MEDIAN_VALUE":0.0296,"P75_VALUE":1,"P90_VALUE":1,"MAX_VALUE":2},"REFILLS_DISTRIBUTION":{"CATEGORY":[],"MIN_VALUE":[],"P10_VALUE":[],"P25_VALUE":[],"MEDIAN_VALUE":[],"P75_VALUE":[],"P90_VALUE":[],"MAX_VALUE":[]}}
