{"AGE_AT_FIRST_EXPOSURE":{"CATEGORY":["FEMALE","MALE"],"MIN_VALUE":[17,18],"P10_VALUE":[46,48],"P25_VALUE":[59,58],"MEDIAN_VALUE":[72,68],"P75_VALUE":[81,77],"P90_VALUE":[87,83],"MAX_VALUE":[302,302]},"DAYS_SUPPLY_DISTRIBUTION":{"CATEGORY":[],"MIN_VALUE":[],"P10_VALUE":[],"P25_VALUE":[],"MEDIAN_VALUE":[],"P75_VALUE":[],"P90_VALUE":[],"MAX_VALUE":[]},"DRUGS_BY_TYPE":{"CONCEPT_NAME":"Prescription written","COUNT_VALUE":7302},"PREVALENCE_BY_GENDER_AGE_YEAR":{"TRELLIS_NAME":["70-79","70-79","70-79","60-69","70-79","80-89","50-59","60-69","50-59","60-69","60-69","70-79","60-69","70-79","60-69","70-79","70-79","60-69","70-79","70-79","50-59","70-79","70-79","60-69"],"SERIES_NAME":["FEMALE","MALE","MALE","MALE","FEMALE","FEMALE","MALE","MALE","MALE","MALE","MALE","MALE","MALE","MALE","MALE","FEMALE","MALE","MALE","MALE","FEMALE","MALE","MALE","FEMALE","MALE"],"X_CALENDAR_YEAR":[2103,2116,2117,2119,2128,2135,2140,2146,2147,2149,2151,2153,2156,2160,2161,2163,2163,2165,2166,2166,2170,2180,2183,2188],"Y_PREVALENCE_1000PP":[146.34146,148.93617,136.36364,89.55224,136.36364,150,142.85714,96.77419,115.38462,112.90323,97.22222,96.77419,103.44828,107.14286,105.26316,122.80702,92.30769,150,93.75,120,139.53488,131.14754,153.84615,145.83333]},"PREVALENCE_BY_MONTH":{"X_CALENDAR_MONTH":[212504,213207,213311,213604,215810,216506,217206,217303,217612,218212],"Y_PREVALENCE_1000PP":[93.33333,73.17073,96.77419,83.33333,96.77419,86.95652,101.69492,85.71429,77.92208,95.2381]},"DRUG_FREQUENCY_DISTRIBUTION":{"Y_NUM_PERSONS":[4,3,2,1,1,1,1,1,0,0,0,0,0,0,0,0,0,0,0,0,0,0,0,0,0,0,0,0,0,0,0],"X_COUNT":[1,2,3,4,5,6,7,8,9,10,11,12,13,14,15,16,17,18,19,20,21,22,23,24,25,26,27,28,29,30,31]},"QUANTITY_DISTRIBUTION":{"CATEGORY":"Quantity","MIN_VALUE":0.2,"P10_VALUE":1,"P25_VALUE":1,"MEDIAN_VALUE":1,"P75_VALUE":1,"P90_VALUE":1,"MAX_VALUE":25000},"REFILLS_DISTRIBUTION":{"CATEGORY":[],"MIN_VALUE":[],"P10_VALUE":[],"P25_VALUE":[],"MEDIAN_VALUE":[],"P75_VALUE":[],"P90_VALUE":[],"MAX_VALUE":[]}}
