{"AGE_AT_FIRST_EXPOSURE":{"CATEGORY":["MALE","FEMALE"],"MIN_VALUE":[19,21],"P10_VALUE":[48,52],"P25_VALUE":[57,62],"MEDIAN_VALUE":[67,75],"P75_VALUE":[77,83],"P90_VALUE":[84,89],"MAX_VALUE":[308,308]},"DAYS_SUPPLY_DISTRIBUTION":{"CATEGORY":[],"MIN_VALUE":[],"P10_VALUE":[],"P25_VALUE":[],"MEDIAN_VALUE":[],"P75_VALUE":[],"P90_VALUE":[],"MAX_VALUE":[]},"DRUGS_BY_TYPE":{"CONCEPT_NAME":"Prescription written","COUNT_VALUE":4774},"PREVALENCE_BY_GENDER_AGE_YEAR":{"TRELLIS_NAME":["60-69","70-79","70-79","70-79","60-69","80-89","60-69","60-69","70-79","70-79","60-69","80-89","60-69","70-79","70-79","50-59","70-79","70-79","50-59","60-69","70-79","60-69","80-89","70-79","60-69","70-79","70-79","50-59","60-69","70-79","60-69","70-79","60-69","70-79","60-69","70-79","60-69","60-69","80-89","60-69","70-79","60-69","70-79","70-79","50-59","70-79","70-79","70-79","70-79","60-69","80-89","60-69","70-79"],"SERIES_NAME":["MALE","FEMALE","MALE","MALE","MALE","FEMALE","MALE","MALE","FEMALE","MALE","MALE","MALE","MALE","MALE","FEMALE","MALE","FEMALE","MALE","MALE","MALE","MALE","MALE","MALE","FEMALE","MALE","MALE","FEMALE","MALE","MALE","MALE","FEMALE","FEMALE","MALE","MALE","MALE","FEMALE","FEMALE","MALE","MALE","MALE","MALE","FEMALE","FEMALE","MALE","MALE","MALE","MALE","MALE","MALE","MALE","FEMALE","MALE","MALE"],"X_CALENDAR_YEAR":[2101,2103,2105,2108,2110,2111,2115,2116,2116,2119,2124,2126,2126,2127,2129,2129,2130,2138,2139,2140,2140,2141,2141,2142,2142,2143,2143,2146,2149,2150,2152,2153,2157,2162,2162,2163,2165,2169,2172,2173,2174,2174,2174,2176,2177,2178,2180,2181,2183,2184,2192,2195,2200],"Y_PREVALENCE_1000PP":[120,146.34146,111.11111,95.2381,111.11111,148.14815,166.66667,118.64407,150,114.7541,108.10811,200,82.19178,103.44828,130.43478,136.36364,156.86275,109.09091,117.64706,96.77419,155.55556,135.59322,142.85714,153.84615,101.44928,130.43478,140,115.38462,96.77419,125,155.55556,150.9434,117.64706,122.80702,112.90323,122.80702,186.04651,81.08108,127.65957,113.20755,148.93617,176.47059,111.11111,142.85714,109.09091,129.03226,98.36066,140,103.44828,136.36364,146.34146,85.71429,123.07692]},"PREVALENCE_BY_MONTH":{"X_CALENDAR_MONTH":[210501,210502,210712,210806,211104,211109,211209,211408,211501,211904,212008,212901,213605,213911,214001,214104,214206,214305,214311,214401,214509,214611,214701,214802,214803,215007,215204,215207,215908,216006,216505,216603,216704,217107,217303,217402,217601,217606,217805,218005,218108,218204,218311,218402,218506,218507,218508,218712,219604,219705,219805,220004],"Y_PREVALENCE_1000PP":[122.80702,89.55224,122.44898,82.19178,112.90323,93.75,97.22222,78.94737,113.92405,85.71429,86.95652,86.95652,94.59459,98.36066,103.44828,98.59155,92.10526,166.66667,109.375,106.66667,83.33333,93.75,120.68966,86.95652,111.11111,96.77419,121.21212,92.30769,109.58904,105.26316,80,94.59459,92.10526,113.20755,85.71429,127.27273,142.85714,100,90.90909,92.30769,89.55224,83.33333,86.95652,105.26316,89.55224,98.59155,94.59459,90.90909,66.66667,90.90909,100,71.42857]},"DRUG_FREQUENCY_DISTRIBUTION":{"Y_NUM_PERSONS":[5,3,1,1,0,0,0,0,0,0],"X_COUNT":[1,2,3,4,5,6,7,8,9,10]},"QUANTITY_DISTRIBUTION":{"CATEGORY":"Quantity","MIN_VALUE":0.5,"P10_VALUE":1,"P25_VALUE":1,"MEDIAN_VALUE":1,"P75_VALUE":2,"P90_VALUE":2,"MAX_VALUE":4},"REFILLS_DISTRIBUTION":{"CATEGORY":[],"MIN_VALUE":[],"P10_VALUE":[],"P25_VALUE":[],"MEDIAN_VALUE":[],"P75_VALUE":[],"P90_VALUE":[],"MAX_VALUE":[]}}
