{"AGE_AT_FIRST_EXPOSURE":{"CATEGORY":["FEMALE","MALE"],"MIN_VALUE":[0,0],"P10_VALUE":[47,46],"P25_VALUE":[57,56],"MEDIAN_VALUE":[69,67],"P75_VALUE":[79,77],"P90_VALUE":[86,84],"MAX_VALUE":[309,310]},"DAYS_SUPPLY_DISTRIBUTION":{"CATEGORY":[],"MIN_VALUE":[],"P10_VALUE":[],"P25_VALUE":[],"MEDIAN_VALUE":[],"P75_VALUE":[],"P90_VALUE":[],"MAX_VALUE":[]},"DRUGS_BY_TYPE":{"CONCEPT_NAME":"Prescription written","COUNT_VALUE":4841},"PREVALENCE_BY_GENDER_AGE_YEAR":{"TRELLIS_NAME":["70-79","60-69","80-89","80-89","50-59","70-79","70-79","60-69","70-79","70-79","70-79","50-59","60-69","80-89","70-79","50-59","70-79","80-89","70-79","60-69","70-79","60-69","70-79","80-89","80-89","70-79","60-69","60-69","80-89","70-79","70-79","70-79","60-69","80-89","70-79","50-59","60-69","80-89","70-79","60-69","70-79","50-59","70-79","60-69","60-69","60-69","50-59","60-69","70-79","50-59","70-79","40-49","60-69","60-69","60-69","60-69","50-59","60-69","70-79","60-69","70-79","60-69","60-69","50-59","70-79","60-69","70-79","70-79","70-79","60-69","60-69","60-69","70-79","60-69"],"SERIES_NAME":["FEMALE","MALE","FEMALE","MALE","MALE","FEMALE","FEMALE","MALE","MALE","FEMALE","FEMALE","MALE","MALE","MALE","MALE","MALE","FEMALE","MALE","FEMALE","MALE","MALE","MALE","MALE","MALE","MALE","MALE","MALE","MALE","FEMALE","MALE","FEMALE","MALE","MALE","FEMALE","MALE","FEMALE","MALE","MALE","FEMALE","MALE","MALE","MALE","FEMALE","FEMALE","FEMALE","MALE","MALE","FEMALE","MALE","MALE","MALE","MALE","MALE","MALE","FEMALE","MALE","MALE","MALE","MALE","MALE","FEMALE","MALE","MALE","FEMALE","MALE","MALE","MALE","FEMALE","MALE","FEMALE","FEMALE","FEMALE","FEMALE","MALE"],"X_CALENDAR_YEAR":[2104,2105,2105,2107,2109,2110,2112,2112,2115,2116,2117,2119,2121,2122,2124,2124,2124,2125,2125,2126,2129,2132,2133,2134,2135,2136,2142,2143,2146,2146,2149,2151,2153,2153,2154,2158,2159,2159,2159,2160,2163,2164,2167,2167,2169,2169,2172,2173,2173,2173,2174,2174,2175,2176,2176,2177,2178,2179,2179,2180,2182,2182,2183,2183,2184,2185,2187,2188,2191,2193,2196,2197,2199,2200],"Y_PREVALENCE_1000PP":[127.65957,85.71429,181.81818,130.43478,103.44828,175,162.16216,129.62963,95.2381,200,159.09091,130.43478,95.2381,212.12121,196.42857,160,125,171.42857,145.83333,82.19178,107.14286,135.59322,129.62963,187.5,136.36364,109.375,86.95652,111.11111,155.55556,135.59322,184.21053,145.83333,105.26316,159.09091,163.26531,214.28571,127.27273,214.28571,189.18919,101.44928,92.30769,117.64706,136.36364,142.85714,200,81.08108,139.53488,130.43478,142.85714,127.65957,127.65957,214.28571,106.06061,113.20755,225,156.25,145.83333,127.27273,95.2381,122.44898,186.04651,98.36066,142.85714,150,153.84615,93.75,100,171.42857,117.64706,142.85714,130.43478,153.84615,166.66667,101.44928]},"PREVALENCE_BY_MONTH":{"X_CALENDAR_MONTH":[210306,210701,210702,211008,211202,211205,211702,211705,211812,211901,212101,212203,212303,212403,212405,212406,212501,212502,212508,212608,212712,213002,213201,213303,213508,213809,213904,213908,214205,214812,214904,214905,215007,215101,215103,215302,215308,215309,215311,215401,215404,215706,215805,215907,215912,216002,216401,216704,216712,216803,216805,216901,216902,216910,217007,217105,217302,217403,217411,217502,217604,217703,217808,218003,218109,218211,218301,218310,218406,218803,219104,219602,219706,219907,219908,220002],"Y_PREVALENCE_1000PP":[107.69231,135.59322,92.30769,101.69492,85.71429,88.60759,85.71429,86.95652,104.47761,125,117.64706,109.09091,96.77419,148.64865,113.20755,114.7541,125,117.64706,127.65957,98.59155,123.07692,106.06061,70.58824,128.57143,163.26531,92.30769,126.98413,82.19178,74.07407,84.50704,132.07547,119.40299,96.77419,95.2381,88.23529,106.66667,82.19178,94.59459,107.14286,112.5,92.30769,109.58904,100,95.2381,103.44828,102.94118,101.69492,92.10526,128.57143,93.75,107.69231,80,148.14815,122.80702,80,118.64407,111.11111,92.10526,118.64407,105.26316,142.85714,89.55224,76.92308,88.23529,127.65957,98.36066,104.47761,89.55224,95.2381,102.94118,106.06061,120.68966,126.76056,95.89041,84.50704,116.66667]},"DRUG_FREQUENCY_DISTRIBUTION":{"Y_NUM_PERSONS":[6,2,1,0,0,0,0,0,0,0,0],"X_COUNT":[1,2,3,4,5,6,7,8,9,10,11]},"QUANTITY_DISTRIBUTION":{"CATEGORY":"Quantity","MIN_VALUE":0,"P10_VALUE":0.01,"P25_VALUE":0.01,"MEDIAN_VALUE":0.01,"P75_VALUE":0.03,"P90_VALUE":0.03,"MAX_VALUE":1},"REFILLS_DISTRIBUTION":{"CATEGORY":[],"MIN_VALUE":[],"P10_VALUE":[],"P25_VALUE":[],"MEDIAN_VALUE":[],"P75_VALUE":[],"P90_VALUE":[],"MAX_VALUE":[]}}
