{"AGE_AT_FIRST_EXPOSURE":{"CATEGORY":["FEMALE","MALE"],"MIN_VALUE":[19,19],"P10_VALUE":[44,46],"P25_VALUE":[55,56],"MEDIAN_VALUE":[69,68],"P75_VALUE":[81,78],"P90_VALUE":[88,85],"MAX_VALUE":[308,308]},"DAYS_SUPPLY_DISTRIBUTION":{"CATEGORY":[],"MIN_VALUE":[],"P10_VALUE":[],"P25_VALUE":[],"MEDIAN_VALUE":[],"P75_VALUE":[],"P90_VALUE":[],"MAX_VALUE":[]},"DRUGS_BY_TYPE":{"CONCEPT_NAME":"Prescription written","COUNT_VALUE":2526},"PREVALENCE_BY_GENDER_AGE_YEAR":{"TRELLIS_NAME":["50-59","80-89","70-79","50-59","80-89","70-79","70-79","80-89","60-69","50-59","70-79","70-79","60-69"],"SERIES_NAME":["MALE","MALE","MALE","MALE","FEMALE","MALE","MALE","FEMALE","MALE","FEMALE","MALE","MALE","MALE"],"X_CALENDAR_YEAR":[2104,2115,2130,2153,2160,2167,2170,2175,2177,2178,2179,2182,2198],"Y_PREVALENCE_1000PP":[107.14286,189.18919,107.14286,111.11111,130.43478,100,113.20755,214.28571,140.625,166.66667,111.11111,170.21277,98.36066]},"PREVALENCE_BY_MONTH":{"X_CALENDAR_MONTH":[210701,211909,213809,214703,214705,218803,218809,219503],"Y_PREVALENCE_1000PP":[101.69492,80,92.30769,120,88.23529,88.23529,116.66667,111.11111]},"DRUG_FREQUENCY_DISTRIBUTION":{"Y_NUM_PERSONS":[4,1,0,0,0,0],"X_COUNT":[1,2,3,4,5,6]},"QUANTITY_DISTRIBUTION":{"CATEGORY":"Quantity","MIN_VALUE":0.5,"P10_VALUE":1,"P25_VALUE":1,"MEDIAN_VALUE":1,"P75_VALUE":1.5,"P90_VALUE":1.5,"MAX_VALUE":6},"REFILLS_DISTRIBUTION":{"CATEGORY":[],"MIN_VALUE":[],"P10_VALUE":[],"P25_VALUE":[],"MEDIAN_VALUE":[],"P75_VALUE":[],"P90_VALUE":[],"MAX_VALUE":[]}}
