{"AGE_AT_FIRST_EXPOSURE":{"CATEGORY":["FEMALE","MALE"],"MIN_VALUE":[0,0],"P10_VALUE":[45,43],"P25_VALUE":[59,55],"MEDIAN_VALUE":[70,66],"P75_VALUE":[81,78],"P90_VALUE":[87,85],"MAX_VALUE":[310,309]},"DAYS_SUPPLY_DISTRIBUTION":{"CATEGORY":[],"MIN_VALUE":[],"P10_VALUE":[],"P25_VALUE":[],"MEDIAN_VALUE":[],"P75_VALUE":[],"P90_VALUE":[],"MAX_VALUE":[]},"DRUGS_BY_TYPE":{"CONCEPT_NAME":"Prescription written","COUNT_VALUE":2731},"PREVALENCE_BY_GENDER_AGE_YEAR":{"TRELLIS_NAME":["60-69","70-79","60-69","80-89","70-79","70-79","80-89","60-69","70-79","70-79","80-89","60-69","80-89","70-79","70-79","50-59","80-89","80-89","70-79","70-79","70-79","80-89","70-79","70-79","60-69","60-69","80-89","60-69"],"SERIES_NAME":["FEMALE","MALE","FEMALE","FEMALE","FEMALE","FEMALE","FEMALE","FEMALE","FEMALE","FEMALE","FEMALE","FEMALE","FEMALE","FEMALE","FEMALE","MALE","FEMALE","FEMALE","FEMALE","MALE","FEMALE","FEMALE","FEMALE","FEMALE","FEMALE","FEMALE","FEMALE","FEMALE"],"X_CALENDAR_YEAR":[2108,2108,2111,2120,2124,2125,2125,2128,2130,2136,2138,2139,2140,2143,2145,2146,2150,2153,2158,2159,2168,2174,2177,2185,2186,2188,2192,2198],"Y_PREVALENCE_1000PP":[142.85714,95.2381,175,113.20755,125,145.83333,230.76923,250,117.64706,140,153.84615,162.16216,130.43478,120,122.44898,115.38462,179.48718,136.36364,212.12121,117.64706,109.09091,146.34146,150,171.42857,179.48718,176.47059,146.34146,218.75]},"PREVALENCE_BY_MONTH":{"X_CALENDAR_MONTH":[210303,210806,212403,212511,212703,214505,214711,215004,216206,216408,216805,218608,218808,219205,219210,219402,220007],"Y_PREVALENCE_1000PP":[109.375,95.89041,108.10811,116.66667,98.36066,90.90909,82.19178,82.19178,88.23529,78.94737,107.69231,107.14286,112.67606,100,114.28571,93.75,90.90909]},"DRUG_FREQUENCY_DISTRIBUTION":{"Y_NUM_PERSONS":[5,1,0,0,0,0],"X_COUNT":[1,2,3,4,5,6]},"QUANTITY_DISTRIBUTION":{"CATEGORY":"Quantity","MIN_VALUE":1,"P10_VALUE":1,"P25_VALUE":1,"MEDIAN_VALUE":1,"P75_VALUE":1,"P90_VALUE":1,"MAX_VALUE":1},"REFILLS_DISTRIBUTION":{"CATEGORY":[],"MIN_VALUE":[],"P10_VALUE":[],"P25_VALUE":[],"MEDIAN_VALUE":[],"P75_VALUE":[],"P90_VALUE":[],"MAX_VALUE":[]}}
