{"AGE_AT_FIRST_EXPOSURE":{"CATEGORY":["MALE","FEMALE"],"MIN_VALUE":[19,18],"P10_VALUE":[42,44],"P25_VALUE":[54,55],"MEDIAN_VALUE":[66,68],"P75_VALUE":[77,80],"P90_VALUE":[85,87],"MAX_VALUE":[310,308]},"DAYS_SUPPLY_DISTRIBUTION":{"CATEGORY":[],"MIN_VALUE":[],"P10_VALUE":[],"P25_VALUE":[],"MEDIAN_VALUE":[],"P75_VALUE":[],"P90_VALUE":[],"MAX_VALUE":[]},"DRUGS_BY_TYPE":{"CONCEPT_NAME":"Prescription written","COUNT_VALUE":6702},"PREVALENCE_BY_GENDER_AGE_YEAR":{"TRELLIS_NAME":["60-69","60-69","60-69","50-59","50-59","60-69","50-59","60-69","60-69","60-69","60-69","60-69","60-69","70-79","60-69","70-79","70-79","50-59","60-69","60-69","60-69","70-79","70-79","70-79","80-89","60-69","70-79","70-79","60-69","50-59","60-69","70-79","70-79","60-69","60-69","60-69","60-69","50-59","50-59","40-49","60-69","60-69","60-69","70-79","70-79","40-49","50-59","50-59","50-59","70-79","70-79","80-89","60-69","80-89","50-59","50-59","50-59","50-59","80-89","70-79","70-79","60-69","60-69","50-59","70-79"],"SERIES_NAME":["MALE","MALE","MALE","FEMALE","MALE","MALE","FEMALE","MALE","FEMALE","MALE","MALE","FEMALE","MALE","MALE","MALE","MALE","FEMALE","MALE","MALE","MALE","FEMALE","MALE","FEMALE","MALE","FEMALE","MALE","MALE","FEMALE","MALE","MALE","MALE","FEMALE","MALE","MALE","MALE","MALE","MALE","FEMALE","MALE","MALE","MALE","MALE","FEMALE","MALE","MALE","FEMALE","MALE","MALE","FEMALE","FEMALE","MALE","MALE","MALE","MALE","MALE","MALE","FEMALE","MALE","FEMALE","MALE","MALE","MALE","MALE","FEMALE","MALE"],"X_CALENDAR_YEAR":[2102,2105,2106,2109,2111,2112,2112,2117,2118,2119,2120,2120,2124,2125,2126,2129,2129,2130,2131,2133,2133,2134,2137,2137,2138,2141,2142,2142,2142,2143,2143,2144,2145,2146,2148,2153,2160,2160,2161,2163,2163,2165,2167,2167,2168,2168,2169,2171,2172,2174,2174,2176,2180,2181,2181,2183,2183,2187,2188,2188,2189,2195,2197,2199,2199],"Y_PREVALENCE_1000PP":[113.20755,114.28571,102.94118,150,134.61538,111.11111,166.66667,109.09091,134.61538,89.55224,134.61538,145.83333,81.08108,125,95.89041,107.14286,130.43478,130.43478,90.90909,88.23529,155.55556,92.30769,122.44898,140,153.84615,152.54237,113.20755,153.84615,159.42029,134.61538,95.2381,136.36364,96.77419,96.77419,101.69492,140.35088,86.95652,212.12121,130.43478,250,157.89474,116.66667,214.28571,116.66667,163.26531,214.28571,130.43478,127.65957,187.5,129.62963,191.48936,136.36364,122.44898,189.18919,133.33333,113.20755,150,93.75,179.48718,111.11111,113.20755,85.71429,111.11111,200,118.64407]},"PREVALENCE_BY_MONTH":{"X_CALENDAR_MONTH":[210009,210307,210505,210512,211008,211106,211205,211207,211307,211412,211708,211710,212409,212612,212703,212705,212805,212812,213002,213007,213105,213310,213607,213705,214009,214201,214205,214206,214207,214307,214509,214511,214609,214708,215004,215007,215308,215504,215807,215810,216103,216105,216506,216701,216704,216705,216707,216708,216807,216812,217005,217204,217603,217804,218006,218110,218409,218709,218808,218812,219104,219607,219901,219908,220006],"Y_PREVALENCE_1000PP":[114.7541,96.77419,133.33333,104.47761,101.69492,88.23529,75.94937,103.44828,89.55224,111.11111,86.95652,89.55224,93.75,111.11111,98.36066,125,83.33333,89.55224,181.81818,82.19178,103.44828,88.23529,93.75,89.55224,80,103.44828,74.07407,78.94737,98.76543,84.50704,83.33333,80,113.20755,109.09091,95.89041,96.77419,109.58904,114.28571,101.69492,96.77419,82.19178,106.06061,115.94203,92.30769,131.57895,103.44828,95.89041,92.30769,83.33333,95.89041,116.66667,98.36066,105.26316,75,111.11111,81.08108,95.89041,131.14754,84.50704,101.26582,106.06061,89.55224,133.33333,84.50704,95.2381]},"DRUG_FREQUENCY_DISTRIBUTION":{"Y_NUM_PERSONS":[6,4,2,1,1,0,0,0,0,0,0,0],"X_COUNT":[1,2,3,4,5,6,7,8,9,10,11,12]},"QUANTITY_DISTRIBUTION":{"CATEGORY":"Quantity","MIN_VALUE":1,"P10_VALUE":10,"P25_VALUE":10,"MEDIAN_VALUE":10,"P75_VALUE":10,"P90_VALUE":10,"MAX_VALUE":10},"REFILLS_DISTRIBUTION":{"CATEGORY":[],"MIN_VALUE":[],"P10_VALUE":[],"P25_VALUE":[],"MEDIAN_VALUE":[],"P75_VALUE":[],"P90_VALUE":[],"MAX_VALUE":[]}}
