{"AGE_AT_FIRST_EXPOSURE":{"CATEGORY":["FEMALE","MALE"],"MIN_VALUE":[19,19],"P10_VALUE":[40,37],"P25_VALUE":[51,50],"MEDIAN_VALUE":[61,61],"P75_VALUE":[74,72],"P90_VALUE":[82,80],"MAX_VALUE":[302,302]},"DAYS_SUPPLY_DISTRIBUTION":{"CATEGORY":[],"MIN_VALUE":[],"P10_VALUE":[],"P25_VALUE":[],"MEDIAN_VALUE":[],"P75_VALUE":[],"P90_VALUE":[],"MAX_VALUE":[]},"DRUGS_BY_TYPE":{"CONCEPT_NAME":"Prescription written","COUNT_VALUE":4003},"PREVALENCE_BY_GENDER_AGE_YEAR":{"TRELLIS_NAME":["50-59","70-79","70-79","50-59","50-59","50-59","60-69","60-69","60-69","50-59","70-79","50-59","50-59"],"SERIES_NAME":["FEMALE","FEMALE","MALE","MALE","MALE","FEMALE","MALE","FEMALE","MALE","FEMALE","FEMALE","FEMALE","FEMALE"],"X_CALENDAR_YEAR":[2104,2107,2112,2118,2122,2142,2146,2156,2163,2165,2173,2178,2187],"Y_PREVALENCE_1000PP":[176.47059,155.55556,112.90323,96.77419,107.14286,157.89474,96.77419,142.85714,105.26316,300,129.62963,166.66667,171.42857]},"PREVALENCE_BY_MONTH":{"X_CALENDAR_MONTH":[210603,211612,211810,211905,216302,216908,219608],"Y_PREVALENCE_1000PP":[85.71429,92.30769,96.77419,86.95652,96.77419,89.55224,93.75]},"DRUG_FREQUENCY_DISTRIBUTION":{"Y_NUM_PERSONS":[4,2,1,1,0,0,0,0,0,0,0],"X_COUNT":[1,2,3,4,5,6,7,8,9,10,11]},"QUANTITY_DISTRIBUTION":{"CATEGORY":"Quantity","MIN_VALUE":0,"P10_VALUE":0.5,"P25_VALUE":0.75,"MEDIAN_VALUE":1,"P75_VALUE":1,"P90_VALUE":1.5,"MAX_VALUE":7.75},"REFILLS_DISTRIBUTION":{"CATEGORY":[],"MIN_VALUE":[],"P10_VALUE":[],"P25_VALUE":[],"MEDIAN_VALUE":[],"P75_VALUE":[],"P90_VALUE":[],"MAX_VALUE":[]}}
