{"AGE_AT_FIRST_EXPOSURE":{"CATEGORY":["MALE","FEMALE"],"MIN_VALUE":[17,15],"P10_VALUE":[43,40],"P25_VALUE":[55,53],"MEDIAN_VALUE":[66,68],"P75_VALUE":[78,80],"P90_VALUE":[85,88],"MAX_VALUE":[302,308]},"DAYS_SUPPLY_DISTRIBUTION":{"CATEGORY":[],"MIN_VALUE":[],"P10_VALUE":[],"P25_VALUE":[],"MEDIAN_VALUE":[],"P75_VALUE":[],"P90_VALUE":[],"MAX_VALUE":[]},"DRUGS_BY_TYPE":{"CONCEPT_NAME":"Prescription written","COUNT_VALUE":3571},"PREVALENCE_BY_GENDER_AGE_YEAR":{"TRELLIS_NAME":["60-69","80-89","60-69","60-69","70-79","70-79","60-69","70-79","70-79","50-59","60-69","70-79","80-89","70-79","60-69","70-79","70-79","60-69","50-59","80-89","50-59","50-59","60-69","80-89","60-69","60-69","70-79","70-79","80-89","70-79","60-69","70-79","50-59","50-59","70-79","70-79","80-89","70-79","70-79","70-79","70-79","70-79"],"SERIES_NAME":["MALE","MALE","FEMALE","MALE","FEMALE","FEMALE","MALE","FEMALE","MALE","MALE","MALE","FEMALE","MALE","FEMALE","MALE","MALE","FEMALE","MALE","MALE","FEMALE","MALE","MALE","MALE","FEMALE","FEMALE","MALE","FEMALE","MALE","FEMALE","FEMALE","MALE","FEMALE","MALE","FEMALE","MALE","FEMALE","MALE","FEMALE","MALE","MALE","MALE","MALE"],"X_CALENDAR_YEAR":[2106,2107,2108,2108,2109,2111,2115,2117,2117,2126,2126,2127,2129,2132,2132,2132,2133,2136,2138,2140,2140,2141,2143,2143,2144,2144,2144,2145,2148,2149,2153,2154,2160,2162,2166,2171,2173,2177,2179,2188,2193,2200],"Y_PREVALENCE_1000PP":[88.23529,130.43478,166.66667,107.14286,162.16216,200,133.33333,136.36364,136.36364,171.42857,95.89041,120.68966,187.5,139.53488,101.69492,107.69231,136.36364,131.14754,142.85714,152.17391,142.85714,137.2549,111.11111,153.84615,162.7907,122.80702,136.36364,96.77419,157.89474,157.89474,122.80702,120,130.43478,200,93.75,125,176.47059,150,95.2381,111.11111,214.28571,123.07692]},"PREVALENCE_BY_MONTH":{"X_CALENDAR_MONTH":[210812,211101,211103,211509,211510,211909,212501,212503,212608,212611,212712,212811,212903,212906,213202,213206,213212,213304,213307,213611,213612,213811,213901,214007,214011,214311,214401,214402,214403,214407,214501,214509,214703,214905,215504,215505,215612,215908,216006,216011,216201,216208,216410,216609,216802,216903,217210,217606,217610,217801,218505,218703,218804,219012,219208,219211,219411,219801],"Y_PREVALENCE_1000PP":[75.94937,112.90323,88.23529,90.90909,82.19178,93.33333,83.33333,135.59322,84.50704,131.57895,123.07692,86.95652,75.94937,78.94737,82.19178,82.19178,82.19178,88.60759,81.08108,103.44828,120,125,96.77419,88.23529,100,93.75,80,100,85.71429,102.94118,95.2381,83.33333,120,89.55224,85.71429,109.375,114.94253,82.19178,105.26316,104.47761,96.77419,98.36066,102.5641,98.36066,125,140.35088,85.71429,100,121.21212,85.71429,86.95652,101.69492,80,88.23529,114.7541,84.50704,113.20755,89.55224]},"DRUG_FREQUENCY_DISTRIBUTION":{"Y_NUM_PERSONS":[6,1,0,0,0,0,0],"X_COUNT":[1,2,3,4,5,6,7]},"QUANTITY_DISTRIBUTION":{"CATEGORY":"Quantity","MIN_VALUE":0.4615,"P10_VALUE":1,"P25_VALUE":1,"MEDIAN_VALUE":1,"P75_VALUE":1,"P90_VALUE":1,"MAX_VALUE":2},"REFILLS_DISTRIBUTION":{"CATEGORY":[],"MIN_VALUE":[],"P10_VALUE":[],"P25_VALUE":[],"MEDIAN_VALUE":[],"P75_VALUE":[],"P90_VALUE":[],"MAX_VALUE":[]}}
