{"AGE_AT_FIRST_EXPOSURE":{"CATEGORY":["FEMALE","MALE"],"MIN_VALUE":[18,16],"P10_VALUE":[36,37],"P25_VALUE":[52,51],"MEDIAN_VALUE":[65,63],"P75_VALUE":[78,74],"P90_VALUE":[87,83],"MAX_VALUE":[308,310]},"DAYS_SUPPLY_DISTRIBUTION":{"CATEGORY":[],"MIN_VALUE":[],"P10_VALUE":[],"P25_VALUE":[],"MEDIAN_VALUE":[],"P75_VALUE":[],"P90_VALUE":[],"MAX_VALUE":[]},"DRUGS_BY_TYPE":{"CONCEPT_NAME":"Prescription written","COUNT_VALUE":3000},"PREVALENCE_BY_GENDER_AGE_YEAR":{"TRELLIS_NAME":["60-69","70-79","60-69","60-69","70-79","80-89","60-69","60-69","60-69","70-79","60-69","60-69","60-69","60-69"],"SERIES_NAME":["MALE","MALE","FEMALE","MALE","MALE","FEMALE","MALE","MALE","MALE","MALE","FEMALE","MALE","MALE","MALE"],"X_CALENDAR_YEAR":[2110,2115,2120,2122,2136,2146,2155,2160,2171,2184,2194,2195,2196,2201],"Y_PREVALENCE_1000PP":[111.11111,95.2381,125,129.62963,109.375,133.33333,125,101.44928,95.2381,115.38462,166.66667,85.71429,114.28571,171.42857]},"PREVALENCE_BY_MONTH":{"X_CALENDAR_MONTH":[211703,211708,212807,213606,213608,215608,216012,216506,217403,217407,218207,218812,219502],"Y_PREVALENCE_1000PP":[89.55224,86.95652,92.10526,82.19178,96.77419,121.21212,90.90909,101.44928,78.94737,95.2381,107.69231,75.94937,111.11111]},"DRUG_FREQUENCY_DISTRIBUTION":{"Y_NUM_PERSONS":[4,1,0,0,0,0],"X_COUNT":[1,2,3,4,5,6]},"QUANTITY_DISTRIBUTION":{"CATEGORY":"Quantity","MIN_VALUE":0.5,"P10_VALUE":1,"P25_VALUE":2,"MEDIAN_VALUE":2,"P75_VALUE":2,"P90_VALUE":2,"MAX_VALUE":2},"REFILLS_DISTRIBUTION":{"CATEGORY":[],"MIN_VALUE":[],"P10_VALUE":[],"P25_VALUE":[],"MEDIAN_VALUE":[],"P75_VALUE":[],"P90_VALUE":[],"MAX_VALUE":[]}}
