{"AGE_AT_FIRST_EXPOSURE":{"CATEGORY":["MALE","FEMALE"],"MIN_VALUE":[17,18],"P10_VALUE":[46,45],"P25_VALUE":[57,58],"MEDIAN_VALUE":[68,71],"P75_VALUE":[77,80],"P90_VALUE":[84,87],"MAX_VALUE":[303,303]},"DAYS_SUPPLY_DISTRIBUTION":{"CATEGORY":[],"MIN_VALUE":[],"P10_VALUE":[],"P25_VALUE":[],"MEDIAN_VALUE":[],"P75_VALUE":[],"P90_VALUE":[],"MAX_VALUE":[]},"DRUGS_BY_TYPE":{"CONCEPT_NAME":"Prescription written","COUNT_VALUE":3705},"PREVALENCE_BY_GENDER_AGE_YEAR":{"TRELLIS_NAME":["70-79","60-69","70-79","60-69","70-79","70-79","50-59","50-59","60-69","70-79"],"SERIES_NAME":["MALE","MALE","FEMALE","MALE","MALE","FEMALE","MALE","MALE","FEMALE","MALE"],"X_CALENDAR_YEAR":[2115,2142,2144,2151,2164,2168,2181,2187,2189,2196],"Y_PREVALENCE_1000PP":[111.11111,115.94203,136.36364,83.33333,125,109.09091,133.33333,109.375,155.55556,117.64706]},"PREVALENCE_BY_MONTH":{"X_CALENDAR_MONTH":[210908,211602,213710,214207,214612,216608,218708,219210],"Y_PREVALENCE_1000PP":[78.94737,120,96.77419,74.07407,81.08108,103.44828,82.19178,85.71429]},"DRUG_FREQUENCY_DISTRIBUTION":{"Y_NUM_PERSONS":[4,2,1,1,0,0,0,0,0,0,0,0],"X_COUNT":[1,2,3,4,5,6,7,8,9,10,11,12]},"QUANTITY_DISTRIBUTION":{"CATEGORY":"Quantity","MIN_VALUE":1,"P10_VALUE":1,"P25_VALUE":1,"MEDIAN_VALUE":1,"P75_VALUE":2,"P90_VALUE":4,"MAX_VALUE":32},"REFILLS_DISTRIBUTION":{"CATEGORY":[],"MIN_VALUE":[],"P10_VALUE":[],"P25_VALUE":[],"MEDIAN_VALUE":[],"P75_VALUE":[],"P90_VALUE":[],"MAX_VALUE":[]}}
