{"AGE_AT_FIRST_EXPOSURE":{"CATEGORY":["FEMALE","MALE"],"MIN_VALUE":[17,18],"P10_VALUE":[44,47],"P25_VALUE":[58,58],"MEDIAN_VALUE":[72,70],"P75_VALUE":[81,79],"P90_VALUE":[87,84],"MAX_VALUE":[303,304]},"DAYS_SUPPLY_DISTRIBUTION":{"CATEGORY":[],"MIN_VALUE":[],"P10_VALUE":[],"P25_VALUE":[],"MEDIAN_VALUE":[],"P75_VALUE":[],"P90_VALUE":[],"MAX_VALUE":[]},"DRUGS_BY_TYPE":{"CONCEPT_NAME":"Prescription written","COUNT_VALUE":3342},"PREVALENCE_BY_GENDER_AGE_YEAR":{"TRELLIS_NAME":["50-59","80-89","60-69","70-79","70-79","70-79","70-79","70-79","80-89","70-79","70-79","50-59","70-79","70-79","70-79","70-79","70-79","70-79","70-79","70-79","70-79","60-69","80-89","70-79","70-79","70-79","50-59"],"SERIES_NAME":["MALE","MALE","MALE","MALE","FEMALE","MALE","MALE","MALE","MALE","MALE","MALE","MALE","MALE","MALE","MALE","FEMALE","MALE","FEMALE","MALE","MALE","MALE","MALE","MALE","MALE","MALE","MALE","MALE"],"X_CALENDAR_YEAR":[2104,2116,2119,2124,2127,2128,2132,2133,2136,2137,2139,2142,2149,2158,2161,2162,2165,2166,2170,2171,2177,2178,2179,2179,2180,2192,2193],"Y_PREVALENCE_1000PP":[107.14286,136.36364,89.55224,125,120.68966,120,92.30769,129.62963,150,120,157.89474,120,133.33333,132.07547,120,187.5,111.11111,120,113.20755,157.89474,95.2381,105.26316,212.12121,95.2381,163.93443,118.64407,115.38462]},"PREVALENCE_BY_MONTH":{"X_CALENDAR_MONTH":[210306,210801,211704,212303,214004,216801,217110,217904,218009],"Y_PREVALENCE_1000PP":[92.30769,93.75,129.03226,112.90323,95.2381,86.95652,77.92208,76.92308,115.38462]},"DRUG_FREQUENCY_DISTRIBUTION":{"Y_NUM_PERSONS":[4,2,1,0,0,0,0,0,0,0],"X_COUNT":[1,2,3,4,5,6,7,8,9,10]},"QUANTITY_DISTRIBUTION":{"CATEGORY":"Quantity","MIN_VALUE":0,"P10_VALUE":0.75,"P25_VALUE":0.75,"MEDIAN_VALUE":0.75,"P75_VALUE":0.75,"P90_VALUE":1,"MAX_VALUE":210},"REFILLS_DISTRIBUTION":{"CATEGORY":[],"MIN_VALUE":[],"P10_VALUE":[],"P25_VALUE":[],"MEDIAN_VALUE":[],"P75_VALUE":[],"P90_VALUE":[],"MAX_VALUE":[]}}
