{"AGE_AT_FIRST_EXPOSURE":{"CATEGORY":["MALE","FEMALE"],"MIN_VALUE":[29,25],"P10_VALUE":[51,52],"P25_VALUE":[60,63],"MEDIAN_VALUE":[69,74],"P75_VALUE":[78,83],"P90_VALUE":[84,300],"MAX_VALUE":[308,311]},"DAYS_SUPPLY_DISTRIBUTION":{"CATEGORY":[],"MIN_VALUE":[],"P10_VALUE":[],"P25_VALUE":[],"MEDIAN_VALUE":[],"P75_VALUE":[],"P90_VALUE":[],"MAX_VALUE":[]},"DRUGS_BY_TYPE":{"CONCEPT_NAME":"Prescription written","COUNT_VALUE":2857},"PREVALENCE_BY_GENDER_AGE_YEAR":{"TRELLIS_NAME":["70-79","60-69","70-79","60-69","70-79","60-69","60-69","70-79","60-69","70-79","60-69","60-69","60-69","70-79","70-79","70-79","50-59","60-69","70-79","70-79","60-69","60-69","70-79","80-89","70-79","60-69","80-89","80-89","60-69","70-79","70-79","80-89","60-69","60-69","70-79","70-79","60-69","70-79","70-79","70-79","50-59","70-79","60-69","60-69","70-79","70-79","60-69","70-79","60-69","70-79","60-69","60-69","60-69","60-69","70-79","60-69","70-79","60-69","60-69","70-79","60-69","70-79","60-69","60-69","60-69","70-79","50-59","60-69","80-89","70-79"],"SERIES_NAME":["FEMALE","MALE","MALE","MALE","MALE","MALE","MALE","MALE","MALE","MALE","MALE","MALE","FEMALE","MALE","FEMALE","MALE","MALE","MALE","MALE","MALE","MALE","MALE","MALE","MALE","MALE","MALE","MALE","MALE","MALE","MALE","FEMALE","FEMALE","MALE","MALE","MALE","FEMALE","MALE","MALE","MALE","FEMALE","MALE","FEMALE","MALE","MALE","MALE","MALE","MALE","MALE","MALE","MALE","MALE","MALE","MALE","MALE","MALE","MALE","MALE","MALE","MALE","MALE","MALE","MALE","MALE","MALE","MALE","MALE","MALE","MALE","FEMALE","MALE"],"X_CALENDAR_YEAR":[2103,2104,2105,2107,2114,2114,2115,2116,2117,2119,2119,2121,2121,2121,2122,2124,2126,2126,2127,2129,2129,2132,2132,2132,2133,2133,2134,2135,2136,2136,2137,2137,2138,2139,2142,2145,2145,2146,2149,2153,2154,2155,2156,2157,2158,2159,2163,2165,2165,2167,2168,2170,2172,2175,2176,2180,2180,2181,2182,2184,2185,2185,2188,2189,2192,2193,2196,2196,2197,2199],"Y_PREVALENCE_1000PP":[195.12195,137.2549,111.11111,146.34146,120,92.10526,116.66667,127.65957,109.09091,180.32787,89.55224,95.2381,122.44898,162.16216,137.2549,107.14286,171.42857,109.58904,103.44828,125,101.69492,135.59322,123.07692,152.17391,129.62963,88.23529,187.5,136.36364,98.36066,93.75,122.44898,153.84615,88.23529,118.64407,113.20755,122.44898,137.93103,101.69492,133.33333,113.20755,162.7907,200,103.44828,137.2549,113.20755,117.64706,105.26316,129.62963,150,116.66667,107.14286,107.14286,155.55556,90.90909,122.44898,183.67347,196.72131,132.07547,147.54098,115.38462,171.875,120,145.83333,129.03226,100,166.66667,117.64706,100,157.89474,118.64407]},"PREVALENCE_BY_MONTH":{"X_CALENDAR_MONTH":[210205,211203,212401,213208,213212,213404,213712,214506,215105,215407,215703,216312,216605,217207,218011,218503,218901,219206,219711,219801,219901],"Y_PREVALENCE_1000PP":[127.27273,73.17073,101.44928,68.96552,95.89041,84.50704,75.94937,76.92308,103.44828,78.94737,85.71429,90.90909,116.66667,86.95652,86.95652,90.90909,144.92754,122.44898,86.95652,89.55224,116.66667]},"DRUG_FREQUENCY_DISTRIBUTION":{"Y_NUM_PERSONS":[5,1,0,0,0],"X_COUNT":[1,2,3,4,5]},"QUANTITY_DISTRIBUTION":{"CATEGORY":"Quantity","MIN_VALUE":0.5,"P10_VALUE":1,"P25_VALUE":1,"MEDIAN_VALUE":1,"P75_VALUE":1,"P90_VALUE":1,"MAX_VALUE":2},"REFILLS_DISTRIBUTION":{"CATEGORY":[],"MIN_VALUE":[],"P10_VALUE":[],"P25_VALUE":[],"MEDIAN_VALUE":[],"P75_VALUE":[],"P90_VALUE":[],"MAX_VALUE":[]}}
