{"AGE_AT_FIRST_EXPOSURE":{"CATEGORY":["MALE","FEMALE"],"MIN_VALUE":[18,18],"P10_VALUE":[39,41],"P25_VALUE":[52,54],"MEDIAN_VALUE":[64,67],"P75_VALUE":[75,81],"P90_VALUE":[84,88],"MAX_VALUE":[308,308]},"DAYS_SUPPLY_DISTRIBUTION":{"CATEGORY":[],"MIN_VALUE":[],"P10_VALUE":[],"P25_VALUE":[],"MEDIAN_VALUE":[],"P75_VALUE":[],"P90_VALUE":[],"MAX_VALUE":[]},"DRUGS_BY_TYPE":{"CONCEPT_NAME":"Prescription written","COUNT_VALUE":2963},"PREVALENCE_BY_GENDER_AGE_YEAR":{"TRELLIS_NAME":["70-79","60-69","60-69","60-69","60-69","60-69","80-89","60-69","80-89","70-79","60-69","60-69","70-79","70-79","50-59","60-69","70-79","60-69","60-69","60-69","60-69"],"SERIES_NAME":["MALE","MALE","FEMALE","MALE","MALE","MALE","FEMALE","MALE","MALE","MALE","MALE","MALE","FEMALE","MALE","MALE","MALE","MALE","MALE","MALE","MALE","MALE"],"X_CALENDAR_YEAR":[2105,2106,2106,2112,2126,2134,2138,2139,2145,2145,2146,2162,2172,2174,2177,2180,2180,2182,2188,2196,2199],"Y_PREVALENCE_1000PP":[111.11111,88.23529,240,111.11111,82.19178,127.65957,153.84615,101.69492,212.12121,112.90323,112.90323,112.90323,162.16216,127.65957,109.09091,122.44898,98.36066,98.36066,125,85.71429,109.09091]},"PREVALENCE_BY_MONTH":{"X_CALENDAR_MONTH":[210011,210702,211411,211501,211912,212001,212411,212611,212801,212910,212912,213001,213102,213110,213112,213301,213311,213903,214102,214211,214312,214401,214502,214511,214611,214612,214711,214712,216111,216202,216301,216312,216711,217001,217203,217303,217403,217612,217801,218001,218011,218111,218112,218302,218712,218811,218812,219002,219301,219410,219502,219612,219802,219911,220011],"Y_PREVALENCE_1000PP":[115.38462,92.30769,108.10811,75.94937,111.11111,83.33333,96.77419,105.26316,119.40299,89.55224,160,122.44898,111.11111,90.90909,95.89041,97.22222,129.03226,134.61538,86.95652,123.07692,106.06061,106.66667,103.44828,80,93.75,121.62162,95.89041,156.25,107.69231,114.7541,75.94937,90.90909,135.59322,88.23529,96.77419,85.71429,92.10526,77.92208,85.71429,105.26316,101.44928,96.77419,112.90323,93.75,77.92208,114.7541,88.60759,107.69231,137.93103,89.55224,129.62963,93.75,103.44828,115.38462,92.30769]},"DRUG_FREQUENCY_DISTRIBUTION":{"Y_NUM_PERSONS":[4,1,0,0,0,0],"X_COUNT":[1,2,3,4,5,6]},"QUANTITY_DISTRIBUTION":{"CATEGORY":"Quantity","MIN_VALUE":1,"P10_VALUE":1,"P25_VALUE":1,"MEDIAN_VALUE":1,"P75_VALUE":1,"P90_VALUE":1,"MAX_VALUE":41},"REFILLS_DISTRIBUTION":{"CATEGORY":[],"MIN_VALUE":[],"P10_VALUE":[],"P25_VALUE":[],"MEDIAN_VALUE":[],"P75_VALUE":[],"P90_VALUE":[],"MAX_VALUE":[]}}
