{"AGE_AT_FIRST_EXPOSURE":{"CATEGORY":["FEMALE","MALE"],"MIN_VALUE":[20,0],"P10_VALUE":[45,45],"P25_VALUE":[55,54],"MEDIAN_VALUE":[67,64],"P75_VALUE":[79,75],"P90_VALUE":[86,82],"MAX_VALUE":[309,305]},"DAYS_SUPPLY_DISTRIBUTION":{"CATEGORY":[],"MIN_VALUE":[],"P10_VALUE":[],"P25_VALUE":[],"MEDIAN_VALUE":[],"P75_VALUE":[],"P90_VALUE":[],"MAX_VALUE":[]},"DRUGS_BY_TYPE":{"CONCEPT_NAME":"Prescription written","COUNT_VALUE":8141},"PREVALENCE_BY_GENDER_AGE_YEAR":{"TRELLIS_NAME":["60-69","60-69","80-89","60-69","40-49","60-69","50-59","60-69","60-69","60-69","60-69","60-69","60-69","50-59","60-69","70-79","60-69","70-79","60-69","60-69","50-59","60-69","70-79","50-59","60-69","70-79","50-59","60-69","50-59","80-89","50-59","70-79","60-69","60-69","70-79","60-69","70-79","60-69","50-59","60-69","70-79","50-59","60-69","60-69","80-89"],"SERIES_NAME":["MALE","MALE","MALE","MALE","MALE","MALE","MALE","MALE","MALE","MALE","FEMALE","FEMALE","FEMALE","MALE","MALE","FEMALE","FEMALE","MALE","MALE","MALE","MALE","FEMALE","MALE","MALE","MALE","MALE","FEMALE","MALE","MALE","MALE","FEMALE","MALE","FEMALE","FEMALE","MALE","MALE","MALE","MALE","MALE","FEMALE","MALE","MALE","MALE","MALE","MALE"],"X_CALENDAR_YEAR":[2104,2105,2107,2112,2113,2116,2118,2118,2119,2120,2120,2121,2123,2124,2124,2125,2125,2133,2136,2141,2145,2145,2146,2147,2150,2153,2155,2156,2157,2159,2160,2162,2164,2167,2169,2175,2177,2179,2180,2188,2189,2192,2196,2198,2201],"Y_PREVALENCE_1000PP":[137.2549,100,130.43478,111.11111,206.89655,152.54237,96.77419,125,119.40299,115.38462,125,122.44898,136.36364,120,81.08108,125,175,185.18519,98.36066,118.64407,107.14286,200,101.69492,134.61538,93.75,96.77419,230.76923,103.44828,117.64706,166.66667,212.12121,105.26316,250,166.66667,145.83333,106.06061,95.2381,109.09091,130.43478,176.47059,132.07547,145.45455,128.57143,98.36066,285.71429]},"PREVALENCE_BY_MONTH":{"X_CALENDAR_MONTH":[210108,211302,211501,211502,211605,211709,211805,212002,212009,212106,212112,212201,212308,212506,212507,212510,212611,212804,212907,212908,213207,213505,214009,214205,214812,215107,215303,215401,216001,216002,216008,216806,216812,216901,217108,217204,217904,217907,218004,218008,218205,218511,218606,218607,218807,218812,218902,219401,219504,219603,219608,220104],"Y_PREVALENCE_1000PP":[107.14286,122.44898,88.60759,89.55224,123.07692,148.14815,103.44828,109.09091,120.68966,105.26316,94.59459,74.07407,95.2381,89.55224,96.77419,116.66667,78.94737,84.50704,85.71429,125,85.36585,102.94118,80,74.07407,98.59155,76.92308,98.36066,75,111.11111,88.23529,96.77419,100,82.19178,80,117.64706,114.7541,102.5641,92.30769,85.71429,88.60759,83.33333,125,95.2381,86.95652,83.33333,88.60759,88.23529,108.10811,109.09091,102.94118,109.375,115.38462]},"DRUG_FREQUENCY_DISTRIBUTION":{"Y_NUM_PERSONS":[5,3,2,1,1,1,1,1,0,0,0,0,0,0,0,0,0,0,0,0,0,0,0,0,0,0,0,0,0],"X_COUNT":[1,2,3,4,5,6,7,8,9,10,11,12,13,14,15,16,17,18,19,21,22,23,24,25,26,27,29,32,34]},"QUANTITY_DISTRIBUTION":{"CATEGORY":"Quantity","MIN_VALUE":0,"P10_VALUE":1,"P25_VALUE":1,"MEDIAN_VALUE":2,"P75_VALUE":4,"P90_VALUE":5,"MAX_VALUE":20},"REFILLS_DISTRIBUTION":{"CATEGORY":[],"MIN_VALUE":[],"P10_VALUE":[],"P25_VALUE":[],"MEDIAN_VALUE":[],"P75_VALUE":[],"P90_VALUE":[],"MAX_VALUE":[]}}
