{"AGE_AT_FIRST_EXPOSURE":{"CATEGORY":["FEMALE","MALE"],"MIN_VALUE":[19,20],"P10_VALUE":[42,46],"P25_VALUE":[53,54],"MEDIAN_VALUE":[66,64],"P75_VALUE":[78,74],"P90_VALUE":[85,81],"MAX_VALUE":[305,305]},"DAYS_SUPPLY_DISTRIBUTION":{"CATEGORY":[],"MIN_VALUE":[],"P10_VALUE":[],"P25_VALUE":[],"MEDIAN_VALUE":[],"P75_VALUE":[],"P90_VALUE":[],"MAX_VALUE":[]},"DRUGS_BY_TYPE":{"CONCEPT_NAME":"Prescription written","COUNT_VALUE":3261},"PREVALENCE_BY_GENDER_AGE_YEAR":{"TRELLIS_NAME":["60-69","80-89","70-79","60-69","60-69","60-69","60-69","60-69","50-59","70-79"],"SERIES_NAME":["FEMALE","FEMALE","MALE","MALE","FEMALE","MALE","FEMALE","MALE","FEMALE","MALE"],"X_CALENDAR_YEAR":[2118,2146,2146,2159,2173,2176,2176,2196,2198,2200],"Y_PREVALENCE_1000PP":[134.61538,133.33333,101.69492,109.09091,130.43478,113.20755,150,85.71429,230.76923,92.30769]},"PREVALENCE_BY_MONTH":{"X_CALENDAR_MONTH":[211702,213202,215006,216704,217903,218102,219312,220004],"Y_PREVALENCE_1000PP":[100,82.19178,101.69492,92.10526,85.71429,109.09091,96.77419,71.42857]},"DRUG_FREQUENCY_DISTRIBUTION":{"Y_NUM_PERSONS":[3,2,1,0,0,0,0,0,0,0,0,0],"X_COUNT":[1,2,3,4,5,6,7,8,9,10,11,12]},"QUANTITY_DISTRIBUTION":{"CATEGORY":"Quantity","MIN_VALUE":0.5,"P10_VALUE":1,"P25_VALUE":1,"MEDIAN_VALUE":1,"P75_VALUE":3,"P90_VALUE":3,"MAX_VALUE":71},"REFILLS_DISTRIBUTION":{"CATEGORY":[],"MIN_VALUE":[],"P10_VALUE":[],"P25_VALUE":[],"MEDIAN_VALUE":[],"P75_VALUE":[],"P90_VALUE":[],"MAX_VALUE":[]}}
