{"AGE_AT_FIRST_EXPOSURE":{"CATEGORY":["MALE","FEMALE"],"MIN_VALUE":[17,18],"P10_VALUE":[42,46],"P25_VALUE":[53,58],"MEDIAN_VALUE":[66,72],"P75_VALUE":[78,84],"P90_VALUE":[86,300],"MAX_VALUE":[311,310]},"DAYS_SUPPLY_DISTRIBUTION":{"CATEGORY":[],"MIN_VALUE":[],"P10_VALUE":[],"P25_VALUE":[],"MEDIAN_VALUE":[],"P75_VALUE":[],"P90_VALUE":[],"MAX_VALUE":[]},"DRUGS_BY_TYPE":{"CONCEPT_NAME":"Prescription written","COUNT_VALUE":4345},"PREVALENCE_BY_GENDER_AGE_YEAR":{"TRELLIS_NAME":["60-69","60-69","50-59","80-89","60-69","60-69","80-89","60-69","60-69","60-69","80-89","70-79","60-69","60-69","70-79","80-89","80-89","70-79","70-79","70-79","70-79","60-69","70-79","80-89","70-79","60-69","80-89","60-69","70-79","50-59","60-69","60-69","60-69","70-79","80-89","50-59","50-59","50-59","80-89","70-79","80-89","70-79","80-89","60-69","80-89","50-59","70-79","60-69","50-59","60-69","80-89","60-69","80-89","60-69","50-59","50-59","80-89","60-69","60-69","50-59","80-89","80-89","70-79","60-69","80-89","60-69","70-79","50-59","60-69","70-79","70-79","60-69"],"SERIES_NAME":["MALE","MALE","MALE","MALE","MALE","FEMALE","FEMALE","MALE","MALE","FEMALE","FEMALE","MALE","FEMALE","MALE","MALE","FEMALE","FEMALE","FEMALE","MALE","FEMALE","FEMALE","MALE","MALE","FEMALE","FEMALE","FEMALE","FEMALE","FEMALE","FEMALE","MALE","MALE","MALE","MALE","FEMALE","FEMALE","MALE","MALE","MALE","FEMALE","MALE","FEMALE","MALE","FEMALE","MALE","FEMALE","MALE","FEMALE","MALE","MALE","FEMALE","FEMALE","FEMALE","FEMALE","FEMALE","MALE","FEMALE","FEMALE","MALE","MALE","MALE","FEMALE","FEMALE","MALE","FEMALE","FEMALE","MALE","MALE","FEMALE","MALE","FEMALE","MALE","MALE"],"X_CALENDAR_YEAR":[2105,2106,2106,2107,2112,2112,2114,2117,2118,2119,2120,2121,2122,2124,2124,2125,2126,2127,2130,2131,2132,2132,2134,2135,2136,2137,2138,2140,2142,2143,2143,2144,2145,2146,2146,2147,2149,2150,2152,2153,2153,2154,2157,2158,2160,2160,2160,2161,2164,2167,2168,2169,2173,2174,2174,2178,2181,2182,2184,2185,2186,2187,2190,2192,2193,2195,2195,2196,2197,2198,2200,2200],"Y_PREVALENCE_1000PP":[85.71429,102.94118,112.90323,152.17391,111.11111,171.42857,176.47059,127.27273,109.375,166.66667,132.07547,162.16216,146.34146,81.08108,125,230.76923,181.81818,103.44828,107.14286,146.34146,186.04651,118.64407,107.69231,150,140,159.09091,115.38462,222.22222,153.84615,153.84615,95.2381,122.80702,120.68966,176.47059,133.33333,115.38462,166.66667,133.33333,142.85714,96.77419,136.36364,122.44898,153.84615,166.66667,130.43478,130.43478,153.84615,140.35088,156.86275,142.85714,150,200,187.5,176.47059,145.83333,194.44444,170.73171,114.7541,136.36364,117.64706,187.5,194.44444,105.26316,181.81818,139.53488,85.71429,113.20755,193.54839,166.66667,205.88235,92.30769,86.95652]},"PREVALENCE_BY_MONTH":{"X_CALENDAR_MONTH":[210211,210502,210506,210509,210606,210904,211104,211209,211210,211307,211311,211501,211708,211803,211805,211911,212208,212401,212507,212707,212712,212801,212903,212905,213202,213305,213601,213602,213704,213712,213803,214106,214205,214206,214307,214311,214401,214612,214805,214810,215004,215203,215207,215312,215412,215505,215705,215806,216011,216107,216204,216206,216302,216304,216306,216401,216503,216509,216710,216812,216901,217012,217105,217202,217311,217403,217802,217804,217903,218011,218105,218112,218409,218410,218506,218602,218807,218906,219011,219109,219204,219301,219307,219508,219801,219803,219908,220002],"Y_PREVALENCE_1000PP":[117.64706,89.55224,111.11111,100,90.90909,112.90323,112.90323,83.33333,84.50704,149.25373,113.20755,75.94937,101.44928,97.22222,103.44828,88.23529,85.71429,101.44928,96.77419,83.33333,92.30769,104.47761,88.60759,95.89041,82.19178,68.18182,90.90909,149.25373,89.74359,101.26582,126.76056,101.69492,74.07407,78.94737,84.50704,93.75,80,81.08108,72.28916,98.36066,82.19178,88.23529,107.69231,96.77419,127.27273,93.75,102.94118,83.33333,89.55224,120,89.55224,88.23529,112.90323,92.30769,109.09091,118.64407,93.75,88.23529,112.90323,82.19178,120,137.2549,118.64407,113.20755,100,92.10526,97.22222,75,85.71429,86.95652,92.30769,129.03226,82.19178,74.07407,104.47761,95.2381,83.33333,100,88.23529,111.11111,90.90909,103.44828,103.44828,88.23529,134.32836,155.17241,84.50704,116.66667]},"DRUG_FREQUENCY_DISTRIBUTION":{"Y_NUM_PERSONS":[7,2,1,0,0,0,0],"X_COUNT":[1,2,3,4,5,6,7]},"QUANTITY_DISTRIBUTION":{"CATEGORY":"Quantity","MIN_VALUE":1,"P10_VALUE":1,"P25_VALUE":1,"MEDIAN_VALUE":1,"P75_VALUE":1,"P90_VALUE":1,"MAX_VALUE":2},"REFILLS_DISTRIBUTION":{"CATEGORY":[],"MIN_VALUE":[],"P10_VALUE":[],"P25_VALUE":[],"MEDIAN_VALUE":[],"P75_VALUE":[],"P90_VALUE":[],"MAX_VALUE":[]}}
