{"AGE_AT_FIRST_EXPOSURE":{"CATEGORY":["FEMALE","MALE"],"MIN_VALUE":[18,24],"P10_VALUE":[52,50],"P25_VALUE":[63,58],"MEDIAN_VALUE":[74,67],"P75_VALUE":[82,77],"P90_VALUE":[87,83],"MAX_VALUE":[310,308]},"DAYS_SUPPLY_DISTRIBUTION":{"CATEGORY":[],"MIN_VALUE":[],"P10_VALUE":[],"P25_VALUE":[],"MEDIAN_VALUE":[],"P75_VALUE":[],"P90_VALUE":[],"MAX_VALUE":[]},"DRUGS_BY_TYPE":{"CONCEPT_NAME":"Prescription written","COUNT_VALUE":2584},"PREVALENCE_BY_GENDER_AGE_YEAR":{"TRELLIS_NAME":["60-69","70-79","60-69","70-79","70-79","70-79","60-69","50-59","60-69","60-69","60-69","60-69","60-69","60-69","70-79","60-69","80-89","80-89","70-79","60-69","80-89","60-69","70-79","70-79","70-79","60-69","70-79","80-89","60-69","60-69","60-69","50-59","80-89","60-69","60-69","60-69","60-69","80-89","70-79","80-89","70-79","70-79","70-79","60-69","70-79","60-69","60-69","60-69","60-69","70-79","60-69","60-69","70-79","60-69","60-69"],"SERIES_NAME":["MALE","MALE","MALE","MALE","MALE","MALE","MALE","MALE","MALE","MALE","MALE","MALE","MALE","MALE","MALE","MALE","FEMALE","MALE","MALE","MALE","MALE","MALE","MALE","FEMALE","MALE","MALE","MALE","FEMALE","MALE","MALE","MALE","MALE","MALE","MALE","MALE","MALE","MALE","MALE","MALE","FEMALE","MALE","MALE","FEMALE","MALE","MALE","MALE","MALE","MALE","MALE","MALE","MALE","MALE","MALE","MALE","MALE"],"X_CALENDAR_YEAR":[2104,2104,2105,2105,2107,2108,2108,2109,2110,2113,2114,2115,2122,2124,2124,2126,2126,2127,2127,2129,2132,2132,2133,2134,2136,2138,2144,2145,2147,2151,2152,2153,2153,2154,2156,2157,2158,2159,2165,2166,2166,2174,2177,2178,2180,2182,2185,2190,2191,2191,2193,2195,2196,2196,2200],"Y_PREVALENCE_1000PP":[156.86275,130.43478,85.71429,111.11111,107.14286,158.73016,107.14286,120.68966,111.11111,134.61538,118.42105,116.66667,148.14815,94.59459,107.14286,82.19178,181.81818,166.66667,155.17241,101.69492,130.43478,135.59322,148.14815,125,109.375,88.23529,152.17391,162.16216,148.14815,111.11111,117.64706,111.11111,153.84615,113.20755,120.68966,137.2549,125,142.85714,148.14815,176.47059,93.75,127.65957,150,122.80702,98.36066,131.14754,140.625,125,145.45455,117.64706,115.38462,85.71429,156.86275,100,101.44928]},"PREVALENCE_BY_MONTH":{"X_CALENDAR_MONTH":[212706,212707,212807,213112,213201,213604,214508,215103,215308,215908,216107,216509,216603,218901,219111],"Y_PREVALENCE_1000PP":[96.77419,83.33333,78.94737,82.19178,70.58824,97.22222,85.71429,88.23529,82.19178,82.19178,80,88.23529,81.08108,86.95652,111.11111]},"DRUG_FREQUENCY_DISTRIBUTION":{"Y_NUM_PERSONS":[5,0,0,0],"X_COUNT":[1,2,3,4]},"QUANTITY_DISTRIBUTION":{"CATEGORY":"Quantity","MIN_VALUE":0,"P10_VALUE":0.5,"P25_VALUE":0.5,"MEDIAN_VALUE":0.5,"P75_VALUE":0.5,"P90_VALUE":1,"MAX_VALUE":3},"REFILLS_DISTRIBUTION":{"CATEGORY":[],"MIN_VALUE":[],"P10_VALUE":[],"P25_VALUE":[],"MEDIAN_VALUE":[],"P75_VALUE":[],"P90_VALUE":[],"MAX_VALUE":[]}}
