{"AGE_AT_FIRST_EXPOSURE":{"CATEGORY":["MALE","FEMALE"],"MIN_VALUE":[18,16],"P10_VALUE":[42,45],"P25_VALUE":[54,57],"MEDIAN_VALUE":[68,71],"P75_VALUE":[78,81],"P90_VALUE":[85,87],"MAX_VALUE":[302,304]},"DAYS_SUPPLY_DISTRIBUTION":{"CATEGORY":[],"MIN_VALUE":[],"P10_VALUE":[],"P25_VALUE":[],"MEDIAN_VALUE":[],"P75_VALUE":[],"P90_VALUE":[],"MAX_VALUE":[]},"DRUGS_BY_TYPE":{"CONCEPT_NAME":"Prescription written","COUNT_VALUE":3896},"PREVALENCE_BY_GENDER_AGE_YEAR":{"TRELLIS_NAME":["70-79","50-59","80-89","70-79","70-79","70-79","50-59","70-79","70-79","50-59","60-69","70-79","60-69","70-79","70-79","70-79","80-89","70-79","50-59","80-89","70-79","70-79","70-79","60-69","70-79","70-79","70-79","70-79","50-59","60-69","80-89","70-79","70-79","70-79","50-59","60-69","70-79","60-69","60-69","70-79","70-79"],"SERIES_NAME":["MALE","MALE","MALE","FEMALE","MALE","FEMALE","MALE","MALE","MALE","MALE","MALE","MALE","MALE","MALE","MALE","MALE","FEMALE","FEMALE","FEMALE","FEMALE","FEMALE","MALE","MALE","MALE","MALE","MALE","MALE","FEMALE","MALE","MALE","FEMALE","MALE","MALE","MALE","MALE","FEMALE","MALE","MALE","FEMALE","FEMALE","MALE"],"X_CALENDAR_YEAR":[2101,2117,2117,2122,2123,2123,2126,2128,2132,2132,2133,2135,2137,2139,2140,2145,2151,2157,2158,2160,2163,2163,2166,2167,2167,2170,2172,2173,2173,2175,2178,2179,2180,2182,2187,2188,2188,2190,2190,2197,2201],"Y_PREVALENCE_1000PP":[113.20755,166.66667,181.81818,117.64706,100,139.53488,171.42857,160,153.84615,148.14815,88.23529,122.44898,115.38462,140.35088,133.33333,96.77419,145.83333,153.84615,214.28571,173.91304,157.89474,107.69231,109.375,146.34146,100,113.20755,129.62963,111.11111,127.65957,121.21212,184.21053,95.2381,98.36066,127.65957,140.625,176.47059,111.11111,107.14286,184.21053,139.53488,162.16216]},"PREVALENCE_BY_MONTH":{"X_CALENDAR_MONTH":[210202,210208,210305,210402,210502,210801,211105,211203,211204,211405,211509,211710,211712,212112,212201,212304,212403,212504,212602,213112,213207,213208,213506,213510,213601,213704,213709,214008,214209,216103,216110,216301,216410,216701,216709,216901,217312,217508,217804,217805,217811,217903,218303,218710,218804,218805,218807,218905],"Y_PREVALENCE_1000PP":[137.2549,109.375,89.55224,85.71429,89.55224,125,122.80702,85.36585,96.77419,92.30769,106.06061,89.55224,93.75,81.08108,74.07407,80,81.08108,80,113.20755,95.89041,73.17073,68.96552,93.75,98.36066,90.90909,76.92308,120.68966,82.19178,90.90909,82.19178,82.19178,75.94937,76.92308,107.69231,84.50704,80,90.90909,89.55224,75,106.06061,118.64407,85.71429,88.23529,104.47761,133.33333,89.55224,111.11111,105.26316]},"DRUG_FREQUENCY_DISTRIBUTION":{"Y_NUM_PERSONS":[5,2,1,0,0,0,0,0],"X_COUNT":[1,2,3,4,5,6,7,8]},"QUANTITY_DISTRIBUTION":{"CATEGORY":"Quantity","MIN_VALUE":0.5,"P10_VALUE":1,"P25_VALUE":1,"MEDIAN_VALUE":1,"P75_VALUE":1,"P90_VALUE":1,"MAX_VALUE":2},"REFILLS_DISTRIBUTION":{"CATEGORY":[],"MIN_VALUE":[],"P10_VALUE":[],"P25_VALUE":[],"MEDIAN_VALUE":[],"P75_VALUE":[],"P90_VALUE":[],"MAX_VALUE":[]}}
