{"AGE_AT_FIRST_EXPOSURE":{"CATEGORY":["FEMALE","MALE"],"MIN_VALUE":[15,19],"P10_VALUE":[34,43],"P25_VALUE":[51,54],"MEDIAN_VALUE":[63,63],"P75_VALUE":[74,73],"P90_VALUE":[83,81],"MAX_VALUE":[304,308]},"DAYS_SUPPLY_DISTRIBUTION":{"CATEGORY":[],"MIN_VALUE":[],"P10_VALUE":[],"P25_VALUE":[],"MEDIAN_VALUE":[],"P75_VALUE":[],"P90_VALUE":[],"MAX_VALUE":[]},"DRUGS_BY_TYPE":{"CONCEPT_NAME":"Prescription written","COUNT_VALUE":5678},"PREVALENCE_BY_GENDER_AGE_YEAR":{"TRELLIS_NAME":["70-79","60-69","50-59","60-69","50-59","60-69","50-59","60-69","70-79","60-69","50-59"],"SERIES_NAME":["MALE","FEMALE","MALE","MALE","MALE","MALE","MALE","MALE","MALE","FEMALE","MALE"],"X_CALENDAR_YEAR":[2107,2113,2114,2119,2139,2144,2144,2148,2162,2181,2183],"Y_PREVALENCE_1000PP":[107.14286,230.76923,111.11111,104.47761,117.64706,105.26316,133.33333,101.69492,105.26316,176.47059,113.20755]},"PREVALENCE_BY_MONTH":{"X_CALENDAR_MONTH":[212304,213808,216705],"Y_PREVALENCE_1000PP":[80,80,120.68966]},"DRUG_FREQUENCY_DISTRIBUTION":{"Y_NUM_PERSONS":[3,2,1,1,1,1,0,0,0,0,0,0,0,0,0,0,0,0,0,0,0,0,0,0,0,0,0,0,0,0,0,0,0],"X_COUNT":[1,2,3,4,5,6,7,8,9,10,11,12,13,14,15,16,17,18,19,20,21,22,23,24,25,26,27,28,29,31,32,33,36]},"QUANTITY_DISTRIBUTION":{"CATEGORY":"Quantity","MIN_VALUE":0,"P10_VALUE":0.004,"P25_VALUE":0.006,"MEDIAN_VALUE":0.01,"P75_VALUE":0.018,"P90_VALUE":0.05,"MAX_VALUE":10},"REFILLS_DISTRIBUTION":{"CATEGORY":[],"MIN_VALUE":[],"P10_VALUE":[],"P25_VALUE":[],"MEDIAN_VALUE":[],"P75_VALUE":[],"P90_VALUE":[],"MAX_VALUE":[]}}
