{"AGE_AT_FIRST_EXPOSURE":{"CATEGORY":["MALE","FEMALE"],"MIN_VALUE":[27,29],"P10_VALUE":[53,57],"P25_VALUE":[62,66],"MEDIAN_VALUE":[70,76],"P75_VALUE":[78,83],"P90_VALUE":[84,88],"MAX_VALUE":[305,309]},"DAYS_SUPPLY_DISTRIBUTION":{"CATEGORY":[],"MIN_VALUE":[],"P10_VALUE":[],"P25_VALUE":[],"MEDIAN_VALUE":[],"P75_VALUE":[],"P90_VALUE":[],"MAX_VALUE":[]},"DRUGS_BY_TYPE":{"CONCEPT_NAME":"Prescription written","COUNT_VALUE":7284},"PREVALENCE_BY_GENDER_AGE_YEAR":{"TRELLIS_NAME":["70-79","70-79","70-79","80-89","70-79","60-69","70-79","80-89","70-79","60-69","70-79","70-79","70-79","70-79","60-69","60-69","60-69","70-79","60-69","70-79","80-89","70-79","80-89","70-79","60-69","60-69","70-79","80-89"],"SERIES_NAME":["MALE","MALE","MALE","FEMALE","FEMALE","MALE","MALE","MALE","MALE","MALE","MALE","MALE","FEMALE","MALE","MALE","MALE","MALE","MALE","MALE","MALE","FEMALE","FEMALE","MALE","MALE","MALE","FEMALE","FEMALE","FEMALE"],"X_CALENDAR_YEAR":[2102,2105,2114,2120,2126,2126,2128,2132,2133,2134,2136,2146,2150,2153,2161,2162,2163,2174,2174,2175,2179,2180,2183,2184,2185,2193,2193,2195],"Y_PREVALENCE_1000PP":[122.44898,129.62963,160,132.07547,130.43478,82.19178,120,173.91304,148.14815,148.93617,109.375,135.59322,162.16216,96.77419,105.26316,129.03226,105.26316,148.93617,127.65957,142.85714,130.43478,130.43478,189.18919,153.84615,93.75,142.85714,146.34146,136.36364]},"PREVALENCE_BY_MONTH":{"X_CALENDAR_MONTH":[210811,211605,212906,214311,216111,217405,219701],"Y_PREVALENCE_1000PP":[95.2381,92.30769,78.94737,125,92.30769,94.59459,98.36066]},"DRUG_FREQUENCY_DISTRIBUTION":{"Y_NUM_PERSONS":[4,3,3,2,1,1,1,0,0,0,0,0,0,0,0,0,0,0,0,0],"X_COUNT":[1,2,3,4,5,6,7,8,9,10,11,12,13,14,15,16,17,18,19,20]},"QUANTITY_DISTRIBUTION":{"CATEGORY":"Quantity","MIN_VALUE":0,"P10_VALUE":1,"P25_VALUE":1,"MEDIAN_VALUE":4,"P75_VALUE":4,"P90_VALUE":4,"MAX_VALUE":6},"REFILLS_DISTRIBUTION":{"CATEGORY":[],"MIN_VALUE":[],"P10_VALUE":[],"P25_VALUE":[],"MEDIAN_VALUE":[],"P75_VALUE":[],"P90_VALUE":[],"MAX_VALUE":[]}}
