{"AGE_AT_FIRST_EXPOSURE":{"CATEGORY":["FEMALE","MALE"],"MIN_VALUE":[16,17],"P10_VALUE":[44,41],"P25_VALUE":[56,52],"MEDIAN_VALUE":[72,68],"P75_VALUE":[82,79],"P90_VALUE":[300,86],"MAX_VALUE":[304,304]},"DAYS_SUPPLY_DISTRIBUTION":{"CATEGORY":[],"MIN_VALUE":[],"P10_VALUE":[],"P25_VALUE":[],"MEDIAN_VALUE":[],"P75_VALUE":[],"P90_VALUE":[],"MAX_VALUE":[]},"DRUGS_BY_TYPE":{"CONCEPT_NAME":"Prescription written","COUNT_VALUE":8993},"PREVALENCE_BY_GENDER_AGE_YEAR":{"TRELLIS_NAME":["80-89","80-89","70-79","80-89","70-79","70-79","80-89","80-89","70-79","50-59","70-79","80-89","50-59","70-79","70-79","70-79","70-79","60-69","80-89","70-79","80-89","60-69","70-79","70-79","80-89","70-79","70-79","50-59","70-79","80-89","50-59","50-59","70-79","80-89","70-79","80-89","70-79","70-79","70-79","80-89","70-79","70-79","70-79","70-79","70-79","60-69","80-89","70-79","70-79","80-89","60-69","40-49","70-79","70-79","50-59","70-79","70-79","80-89","50-59","70-79","70-79","70-79","70-79","70-79","80-89","80-89","70-79","70-79"],"SERIES_NAME":["MALE","MALE","MALE","MALE","FEMALE","MALE","FEMALE","MALE","MALE","FEMALE","MALE","MALE","MALE","MALE","FEMALE","MALE","MALE","MALE","MALE","MALE","MALE","MALE","MALE","MALE","MALE","MALE","MALE","MALE","FEMALE","MALE","MALE","MALE","MALE","FEMALE","MALE","FEMALE","FEMALE","MALE","MALE","MALE","MALE","MALE","FEMALE","MALE","MALE","MALE","MALE","MALE","MALE","MALE","MALE","MALE","FEMALE","MALE","MALE","MALE","MALE","FEMALE","MALE","MALE","MALE","MALE","MALE","MALE","MALE","MALE","FEMALE","MALE"],"X_CALENDAR_YEAR":[2101,2102,2106,2107,2107,2112,2113,2113,2115,2115,2116,2117,2125,2130,2130,2131,2132,2132,2132,2135,2135,2138,2138,2139,2140,2140,2142,2144,2147,2147,2148,2156,2159,2161,2161,2162,2163,2163,2164,2165,2166,2167,2168,2169,2171,2172,2172,2172,2173,2173,2174,2175,2175,2177,2181,2183,2185,2187,2187,2187,2188,2190,2192,2194,2196,2198,2200,2200],"Y_PREVALENCE_1000PP":[157.89474,233.33333,159.09091,173.91304,155.55556,96.77419,153.84615,153.84615,95.2381,153.84615,212.76596,159.09091,166.66667,125,117.64706,105.26316,138.46154,101.69492,130.43478,122.44898,159.09091,102.94118,145.45455,105.26316,250,133.33333,113.20755,155.55556,200,194.44444,115.38462,127.65957,117.64706,136.36364,120,157.89474,105.26316,107.69231,125,150,109.375,133.33333,127.27273,145.83333,184.21053,155.55556,127.65957,148.14815,166.66667,235.29412,127.65957,218.75,146.34146,126.98413,177.77778,103.44828,120,166.66667,109.375,100,111.11111,122.80702,135.59322,127.27273,146.34146,212.12121,146.34146,92.30769]},"PREVALENCE_BY_MONTH":{"X_CALENDAR_MONTH":[210202,210610,210701,210705,210908,210912,211001,211404,211510,211909,212112,212205,212306,212611,212808,212904,213011,213103,213106,213204,213206,213207,213208,213403,213510,213610,213709,213801,213910,214003,214006,214012,214103,214208,214311,214406,214812,215003,215104,215601,215706,215901,215905,216211,216305,216308,216405,216605,216609,216612,216706,216709,216712,216812,216904,217003,217112,217208,217312,217409,217711,217904,217910,218112,218204,218511,218704,218710,218807,218812,219105,219208,219312,219411,219611,219707,219801,220012],"Y_PREVALENCE_1000PP":[117.64706,100,101.69492,95.2381,92.10526,111.11111,95.2381,142.85714,82.19178,93.33333,81.08108,90.90909,109.375,78.94737,89.55224,95.2381,127.27273,103.44828,78.94737,121.62162,95.89041,97.56098,80.45977,83.33333,114.7541,101.44928,120.68966,127.27273,111.11111,109.375,90.90909,122.80702,92.10526,89.74359,109.375,118.64407,84.50704,105.26316,103.44828,105.26316,82.19178,111.11111,138.46154,150.9434,84.50704,104.47761,86.95652,100,98.36066,74.07407,109.375,98.59155,85.71429,82.19178,112.90323,85.71429,118.64407,195.65217,90.90909,93.75,122.80702,89.74359,100,96.77419,111.11111,107.14286,101.69492,104.47761,83.33333,75.94937,100,98.36066,112.90323,113.20755,121.21212,105.26316,89.55224,92.30769]},"DRUG_FREQUENCY_DISTRIBUTION":{"Y_NUM_PERSONS":[6,4,2,2,1,1,1,0,0,0,0,0,0,0,0,0,0,0,0,0,0,0],"X_COUNT":[1,2,3,4,5,6,7,8,9,10,11,12,13,14,15,16,17,18,19,20,21,22]},"QUANTITY_DISTRIBUTION":{"CATEGORY":"Quantity","MIN_VALUE":0,"P10_VALUE":0.1,"P25_VALUE":0.2,"MEDIAN_VALUE":0.5,"P75_VALUE":1,"P90_VALUE":1,"MAX_VALUE":8},"REFILLS_DISTRIBUTION":{"CATEGORY":[],"MIN_VALUE":[],"P10_VALUE":[],"P25_VALUE":[],"MEDIAN_VALUE":[],"P75_VALUE":[],"P90_VALUE":[],"MAX_VALUE":[]}}
