{"AGE_AT_FIRST_EXPOSURE":{"CATEGORY":["MALE","FEMALE"],"MIN_VALUE":[16,15],"P10_VALUE":[30,34],"P25_VALUE":[45,46],"MEDIAN_VALUE":[56,57],"P75_VALUE":[65,66],"P90_VALUE":[73,75],"MAX_VALUE":[300,302]},"DAYS_SUPPLY_DISTRIBUTION":{"CATEGORY":[],"MIN_VALUE":[],"P10_VALUE":[],"P25_VALUE":[],"MEDIAN_VALUE":[],"P75_VALUE":[],"P90_VALUE":[],"MAX_VALUE":[]},"DRUGS_BY_TYPE":{"CONCEPT_NAME":"Prescription written","COUNT_VALUE":3308},"PREVALENCE_BY_GENDER_AGE_YEAR":{"TRELLIS_NAME":["50-59","50-59","60-69","60-69","60-69","50-59","50-59","60-69","50-59","60-69","50-59","50-59","50-59","50-59","60-69","50-59","40-49","50-59","50-59","60-69","60-69"],"SERIES_NAME":["MALE","FEMALE","MALE","FEMALE","MALE","MALE","MALE","MALE","MALE","MALE","MALE","MALE","MALE","MALE","MALE","MALE","MALE","MALE","MALE","MALE","MALE"],"X_CALENDAR_YEAR":[2111,2116,2121,2131,2135,2136,2139,2142,2146,2146,2148,2153,2155,2157,2160,2169,2173,2176,2177,2182,2187],"Y_PREVALENCE_1000PP":[115.38462,212.12121,95.2381,216.21622,122.44898,130.43478,117.64706,86.95652,173.07692,96.77419,115.38462,166.66667,166.66667,156.86275,86.95652,152.17391,206.89655,130.43478,181.81818,98.36066,127.27273]},"PREVALENCE_BY_MONTH":{"X_CALENDAR_MONTH":[210008,210108,211106,214208,214610,214611,215706,217309,217611,217903,218205,218705],"Y_PREVALENCE_1000PP":[125,107.14286,88.23529,76.92308,90.90909,93.75,82.19178,122.44898,81.08108,100,83.33333,89.55224]},"DRUG_FREQUENCY_DISTRIBUTION":{"Y_NUM_PERSONS":[4,1,1,0,0,0,0,0,0,0,0],"X_COUNT":[1,2,3,4,5,6,7,8,9,10,11]},"QUANTITY_DISTRIBUTION":{"CATEGORY":"Quantity","MIN_VALUE":0.5,"P10_VALUE":1,"P25_VALUE":1,"MEDIAN_VALUE":1,"P75_VALUE":1,"P90_VALUE":2,"MAX_VALUE":10},"REFILLS_DISTRIBUTION":{"CATEGORY":[],"MIN_VALUE":[],"P10_VALUE":[],"P25_VALUE":[],"MEDIAN_VALUE":[],"P75_VALUE":[],"P90_VALUE":[],"MAX_VALUE":[]}}
