{"AGE_AT_FIRST_EXPOSURE":{"CATEGORY":["MALE","FEMALE"],"MIN_VALUE":[16,18],"P10_VALUE":[37,35],"P25_VALUE":[48,48],"MEDIAN_VALUE":[60,61],"P75_VALUE":[71,73],"P90_VALUE":[80,83],"MAX_VALUE":[304,306]},"DAYS_SUPPLY_DISTRIBUTION":{"CATEGORY":[],"MIN_VALUE":[],"P10_VALUE":[],"P25_VALUE":[],"MEDIAN_VALUE":[],"P75_VALUE":[],"P90_VALUE":[],"MAX_VALUE":[]},"DRUGS_BY_TYPE":{"CONCEPT_NAME":"Prescription written","COUNT_VALUE":3525},"PREVALENCE_BY_GENDER_AGE_YEAR":{"TRELLIS_NAME":["40-49","50-59","60-69","50-59","60-69","60-69","60-69","60-69","60-69","50-59","70-79","60-69","60-69","70-79","60-69","50-59","60-69","50-59","60-69","50-59","70-79","50-59","70-79","50-59","60-69","60-69","40-49","50-59","40-49","60-69","70-79","50-59","60-69","60-69","60-69","60-69","40-49","60-69","50-59","50-59","60-69","70-79"],"SERIES_NAME":["MALE","FEMALE","FEMALE","FEMALE","MALE","FEMALE","MALE","FEMALE","FEMALE","MALE","FEMALE","MALE","FEMALE","MALE","FEMALE","MALE","MALE","FEMALE","FEMALE","FEMALE","FEMALE","FEMALE","MALE","MALE","FEMALE","MALE","MALE","MALE","FEMALE","FEMALE","FEMALE","FEMALE","MALE","FEMALE","MALE","FEMALE","MALE","MALE","MALE","FEMALE","FEMALE","FEMALE"],"X_CALENDAR_YEAR":[2109,2109,2111,2114,2114,2118,2119,2120,2121,2124,2130,2131,2134,2136,2136,2139,2140,2140,2142,2142,2143,2147,2148,2149,2153,2153,2158,2158,2159,2164,2166,2167,2176,2176,2178,2181,2184,2185,2188,2189,2197,2200],"Y_PREVALENCE_1000PP":[300,175,150,187.5,92.10526,134.61538,119.40299,187.5,122.44898,120,117.64706,90.90909,200,93.75,171.42857,137.2549,112.90323,218.75,171.42857,184.21053,120,190.47619,115.38462,166.66667,181.81818,122.80702,230.76923,107.14286,230.76923,214.28571,120,166.66667,132.07547,175,105.26316,176.47059,162.16216,93.75,93.75,193.54839,179.48718,146.34146]},"PREVALENCE_BY_MONTH":{"X_CALENDAR_MONTH":[210012,210410,210501,210902,210906,210911,211008,211201,211502,211806,212304,212306,213008,213101,213103,213209,213510,213808,213809,214010,214104,214211,214304,214507,214605,214805,214906,215004,215006,215106,215202,215406,215504,215609,215902,215907,216005,216612,217612,217908,217911,218607,219402,220004],"Y_PREVALENCE_1000PP":[115.38462,96.77419,105.26316,101.69492,145.83333,111.11111,101.69492,125,89.55224,80,120,93.75,100,109.09091,120.68966,100,98.36066,80,107.69231,96.77419,84.50704,107.69231,93.75,88.60759,140.35088,72.28916,78.94737,82.19178,118.64407,80,111.11111,81.08108,85.71429,109.375,76.92308,95.2381,88.23529,74.07407,77.92208,73.17073,80,130.43478,93.75,71.42857]},"DRUG_FREQUENCY_DISTRIBUTION":{"Y_NUM_PERSONS":[6,1,0,0,0,0,0,0],"X_COUNT":[1,2,3,4,5,6,7,8]},"QUANTITY_DISTRIBUTION":{"CATEGORY":"Quantity","MIN_VALUE":0.2,"P10_VALUE":1,"P25_VALUE":1,"MEDIAN_VALUE":1,"P75_VALUE":1,"P90_VALUE":1,"MAX_VALUE":102},"REFILLS_DISTRIBUTION":{"CATEGORY":[],"MIN_VALUE":[],"P10_VALUE":[],"P25_VALUE":[],"MEDIAN_VALUE":[],"P75_VALUE":[],"P90_VALUE":[],"MAX_VALUE":[]}}
