{"AGE_AT_FIRST_EXPOSURE":{"CATEGORY":["FEMALE","MALE"],"MIN_VALUE":[17,17],"P10_VALUE":[46,45],"P25_VALUE":[58,56],"MEDIAN_VALUE":[71,66],"P75_VALUE":[79,75],"P90_VALUE":[84,81],"MAX_VALUE":[303,300]},"DAYS_SUPPLY_DISTRIBUTION":{"CATEGORY":[],"MIN_VALUE":[],"P10_VALUE":[],"P25_VALUE":[],"MEDIAN_VALUE":[],"P75_VALUE":[],"P90_VALUE":[],"MAX_VALUE":[]},"DRUGS_BY_TYPE":{"CONCEPT_NAME":"Prescription written","COUNT_VALUE":3753},"PREVALENCE_BY_GENDER_AGE_YEAR":{"TRELLIS_NAME":["70-79","70-79","70-79","70-79","70-79","60-69","70-79","70-79","70-79","60-69","50-59","70-79","50-59","70-79","50-59","60-69","70-79","70-79","70-79","60-69","70-79","40-49","60-69","70-79","70-79","60-69","80-89","60-69","70-79","50-59","60-69","50-59","60-69","40-49","70-79","60-69","80-89","70-79","50-59","60-69","70-79","70-79","60-69","50-59","60-69","70-79","60-69","70-79","70-79","70-79","60-69","70-79","80-89","70-79","50-59","60-69","70-79","50-59","60-69","50-59","80-89","70-79","70-79","60-69","70-79","60-69","70-79","70-79","70-79","60-69","70-79","60-69","70-79","50-59","70-79","60-69","60-69","50-59","70-79","50-59","70-79","60-69","70-79","70-79","70-79","70-79","70-79"],"SERIES_NAME":["MALE","MALE","FEMALE","MALE","MALE","MALE","MALE","MALE","FEMALE","MALE","MALE","MALE","MALE","MALE","MALE","MALE","FEMALE","FEMALE","MALE","MALE","MALE","MALE","MALE","FEMALE","MALE","MALE","FEMALE","MALE","MALE","MALE","MALE","MALE","MALE","MALE","FEMALE","MALE","MALE","MALE","MALE","MALE","MALE","MALE","MALE","MALE","MALE","MALE","MALE","MALE","MALE","MALE","MALE","MALE","MALE","MALE","MALE","MALE","MALE","MALE","MALE","MALE","MALE","FEMALE","FEMALE","MALE","MALE","MALE","MALE","FEMALE","MALE","MALE","MALE","MALE","MALE","MALE","MALE","MALE","MALE","MALE","MALE","MALE","MALE","MALE","FEMALE","FEMALE","MALE","MALE","MALE"],"X_CALENDAR_YEAR":[2101,2102,2104,2105,2111,2112,2112,2116,2119,2119,2120,2121,2121,2126,2126,2126,2126,2127,2131,2132,2132,2133,2133,2134,2136,2136,2137,2138,2139,2139,2139,2140,2141,2141,2142,2145,2147,2148,2151,2151,2153,2154,2156,2157,2161,2161,2162,2162,2163,2164,2165,2165,2166,2166,2166,2167,2167,2169,2169,2170,2171,2173,2175,2175,2175,2177,2182,2183,2184,2184,2185,2186,2187,2187,2188,2188,2190,2190,2192,2192,2193,2193,2194,2195,2195,2198,2200],"Y_PREVALENCE_1000PP":[132.07547,122.44898,127.65957,129.62963,145.83333,129.62963,112.90323,170.21277,162.16216,104.47761,127.65957,189.18919,109.09091,127.27273,171.42857,109.58904,130.43478,103.44828,122.80702,101.69492,169.23077,146.34146,102.94118,125,125,114.7541,153.84615,102.94118,157.89474,156.86275,118.64407,142.85714,101.69492,171.42857,153.84615,103.44828,166.66667,153.84615,150,83.33333,129.03226,122.44898,155.17241,117.64706,175.4386,120,112.90323,105.26316,138.46154,145.83333,150,111.11111,133.33333,125,140,195.12195,183.33333,130.43478,81.08108,139.53488,216.21622,111.11111,146.34146,90.90909,166.66667,109.375,148.93617,153.84615,115.38462,136.36364,140,127.65957,116.66667,109.375,148.14815,125,107.14286,136.36364,101.69492,181.81818,142.85714,115.38462,162.16216,139.53488,132.07547,130.43478,92.30769]},"PREVALENCE_BY_MONTH":{"X_CALENDAR_MONTH":[210310,210712,211103,211512,212112,212403,212610,213206,213207,213610,213702,213910,213912,214011,214102,215312,215404,215611,215612,215712,216510,216612,216702,216708,216805,216901,216909,217112,217911,218303,218510,218803,219201,219306,219307,219404,219801],"Y_PREVALENCE_1000PP":[74.07407,122.44898,88.23529,117.64706,81.08108,81.08108,129.03226,82.19178,73.17073,101.44928,93.75,111.11111,82.19178,100,144.92754,96.77419,92.30769,117.64706,80.45977,100,111.11111,74.07407,114.7541,92.30769,92.30769,80,95.89041,118.64407,80,102.94118,123.07692,102.94118,133.33333,101.44928,103.44828,103.44828,89.55224]},"DRUG_FREQUENCY_DISTRIBUTION":{"Y_NUM_PERSONS":[6,1,0,0,0,0,0,0,0],"X_COUNT":[1,2,3,4,5,6,7,8,9]},"QUANTITY_DISTRIBUTION":{"CATEGORY":"Quantity","MIN_VALUE":1,"P10_VALUE":2,"P25_VALUE":2,"MEDIAN_VALUE":2,"P75_VALUE":2,"P90_VALUE":4,"MAX_VALUE":16},"REFILLS_DISTRIBUTION":{"CATEGORY":[],"MIN_VALUE":[],"P10_VALUE":[],"P25_VALUE":[],"MEDIAN_VALUE":[],"P75_VALUE":[],"P90_VALUE":[],"MAX_VALUE":[]}}
