{"AGE_AT_FIRST_EXPOSURE":{"CATEGORY":["FEMALE","MALE"],"MIN_VALUE":[16,17],"P10_VALUE":[38,28],"P25_VALUE":[52,46],"MEDIAN_VALUE":[66,60],"P75_VALUE":[80,75],"P90_VALUE":[87,83],"MAX_VALUE":[306,307]},"DAYS_SUPPLY_DISTRIBUTION":{"CATEGORY":[],"MIN_VALUE":[],"P10_VALUE":[],"P25_VALUE":[],"MEDIAN_VALUE":[],"P75_VALUE":[],"P90_VALUE":[],"MAX_VALUE":[]},"DRUGS_BY_TYPE":{"CONCEPT_NAME":"Prescription written","COUNT_VALUE":9655},"PREVALENCE_BY_GENDER_AGE_YEAR":{"TRELLIS_NAME":["60-69","70-79","60-69","50-59","60-69","80-89","80-89","40-49","60-69","50-59","60-69","80-89","60-69","70-79","70-79","50-59","60-69","50-59","60-69","20-29","70-79","70-79","60-69","70-79","60-69","70-79","60-69","50-59","60-69","70-79","60-69","60-69","50-59","80-89","20-29","40-49","50-59","80-89","60-69","80-89","60-69","50-59","70-79","50-59","80-89","60-69","50-59","70-79","50-59","70-79","60-69","80-89","80-89","60-69","70-79","70-79","60-69","60-69","70-79","60-69"],"SERIES_NAME":["FEMALE","MALE","FEMALE","FEMALE","FEMALE","FEMALE","MALE","MALE","MALE","MALE","FEMALE","FEMALE","MALE","MALE","FEMALE","MALE","MALE","MALE","FEMALE","MALE","MALE","MALE","MALE","MALE","FEMALE","MALE","MALE","MALE","MALE","FEMALE","MALE","MALE","MALE","MALE","MALE","MALE","MALE","FEMALE","MALE","MALE","MALE","MALE","FEMALE","MALE","MALE","MALE","MALE","MALE","MALE","MALE","MALE","MALE","FEMALE","MALE","MALE","FEMALE","MALE","MALE","MALE","MALE"],"X_CALENDAR_YEAR":[2101,2101,2103,2108,2111,2111,2113,2116,2118,2121,2121,2122,2123,2125,2127,2128,2128,2129,2130,2131,2132,2133,2137,2137,2138,2139,2140,2140,2141,2145,2145,2146,2147,2149,2153,2156,2157,2157,2161,2162,2168,2168,2169,2170,2171,2173,2174,2175,2178,2179,2181,2185,2189,2192,2192,2197,2198,2199,2199,2200],"Y_PREVALENCE_1000PP":[162.16216,113.20755,153.84615,241.37931,200,129.62963,153.84615,225.80645,93.75,127.27273,122.44898,157.89474,130.43478,125,155.17241,152.17391,155.55556,136.36364,250,388.88889,123.07692,111.11111,115.38462,120,166.66667,105.26316,96.77419,122.44898,101.69492,122.44898,120.68966,96.77419,115.38462,189.18919,352.94118,171.42857,117.64706,179.48718,122.80702,181.81818,107.14286,173.91304,157.89474,139.53488,189.18919,132.07547,145.83333,142.85714,187.5,95.2381,113.20755,150,166.66667,100,101.69492,139.53488,98.36066,109.09091,101.69492,86.95652]},"PREVALENCE_BY_MONTH":{"X_CALENDAR_MONTH":[210009,210307,210309,210705,211004,211101,211104,211108,211109,211510,211601,211612,211707,211710,211812,211901,212109,212112,212201,212206,212301,212405,212712,212806,212811,212905,213003,213112,213207,213208,213301,213403,213610,213710,213712,213803,213805,214008,214108,214207,214208,214209,214307,214402,214509,214512,214612,214710,215104,215107,215306,215311,215312,215607,215703,215704,215901,215905,215909,216008,216104,216107,216108,216302,216406,216610,216706,216709,216809,216811,216812,216909,217102,217103,217205,217302,217306,217403,217408,217409,217505,217611,217709,217801,217804,217806,217808,218008,218011,218103,218110,218503,218510,218606,218607,218706,219202,219203,219308,219312,219403,219510,219610,219703,219707,219801,219805,219911,220004],"Y_PREVALENCE_1000PP":[98.36066,96.77419,134.32836,95.2381,83.33333,96.77419,96.77419,90.90909,109.375,95.89041,101.69492,92.30769,84.50704,89.55224,89.55224,93.75,114.7541,135.13514,111.11111,85.71429,129.03226,113.20755,92.30769,90.90909,101.44928,82.19178,101.44928,82.19178,97.56098,80.45977,97.22222,97.22222,115.94203,96.77419,126.58228,98.59155,127.27273,82.19178,101.69492,74.07407,89.74359,90.90909,98.59155,114.28571,83.33333,86.95652,81.08108,135.59322,103.44828,128.20513,75.94937,107.14286,112.90323,107.14286,85.71429,95.2381,95.2381,107.69231,89.88764,129.03226,88.23529,120,111.11111,96.77419,93.75,95.89041,109.375,84.50704,90.90909,127.27273,82.19178,82.19178,111.11111,111.11111,103.44828,111.11111,104.47761,78.94737,81.08108,109.375,90.90909,81.08108,82.19178,85.71429,87.5,134.61538,76.92308,75.94937,86.95652,123.07692,94.59459,90.90909,92.30769,95.2381,101.44928,114.7541,148.93617,85.71429,120.68966,112.90323,98.36066,107.14286,83.33333,93.75,105.26316,104.47761,85.71429,115.38462,83.33333]},"DRUG_FREQUENCY_DISTRIBUTION":{"Y_NUM_PERSONS":[7,5,3,2,1,1,1,0,0,0,0,0,0,0,0,0,0,0,0,0,0,0],"X_COUNT":[1,2,3,4,5,6,7,8,9,10,11,12,13,14,15,16,17,18,19,20,21,22]},"QUANTITY_DISTRIBUTION":{"CATEGORY":"Quantity","MIN_VALUE":0.25,"P10_VALUE":1,"P25_VALUE":1,"MEDIAN_VALUE":2,"P75_VALUE":3,"P90_VALUE":4,"MAX_VALUE":20},"REFILLS_DISTRIBUTION":{"CATEGORY":[],"MIN_VALUE":[],"P10_VALUE":[],"P25_VALUE":[],"MEDIAN_VALUE":[],"P75_VALUE":[],"P90_VALUE":[],"MAX_VALUE":[]}}
