{"AGE_AT_FIRST_EXPOSURE":{"CATEGORY":["FEMALE","MALE"],"MIN_VALUE":[17,18],"P10_VALUE":[38,34],"P25_VALUE":[51,48],"MEDIAN_VALUE":[64,61],"P75_VALUE":[77,74],"P90_VALUE":[86,82],"MAX_VALUE":[306,306]},"DAYS_SUPPLY_DISTRIBUTION":{"CATEGORY":[],"MIN_VALUE":[],"P10_VALUE":[],"P25_VALUE":[],"MEDIAN_VALUE":[],"P75_VALUE":[],"P90_VALUE":[],"MAX_VALUE":[]},"DRUGS_BY_TYPE":{"CONCEPT_NAME":"Prescription written","COUNT_VALUE":4217},"PREVALENCE_BY_GENDER_AGE_YEAR":{"TRELLIS_NAME":["60-69","60-69","80-89","60-69","60-69","50-59","70-79","50-59","70-79","70-79","60-69","60-69","80-89","50-59","60-69","60-69","60-69","50-59","60-69"],"SERIES_NAME":["MALE","FEMALE","MALE","FEMALE","MALE","FEMALE","FEMALE","MALE","FEMALE","MALE","MALE","MALE","FEMALE","MALE","MALE","MALE","FEMALE","MALE","MALE"],"X_CALENDAR_YEAR":[2114,2117,2120,2120,2126,2127,2127,2128,2130,2132,2137,2140,2150,2159,2161,2174,2186,2196,2198],"Y_PREVALENCE_1000PP":[78.94737,146.34146,206.89655,166.66667,95.89041,250,120.68966,152.17391,117.64706,107.69231,115.38462,112.90323,179.48718,136.36364,140.35088,127.65957,153.84615,117.64706,98.36066]},"PREVALENCE_BY_MONTH":{"X_CALENDAR_MONTH":[210203,210705,210806,210811,211803,211808,212804,212811,213301,213509,214010,214204,214206,214506,215006,215008,215312,216104,216606,216704,216812,217409,217608,218312,218410,219610],"Y_PREVALENCE_1000PP":[94.59459,95.2381,82.19178,95.2381,111.11111,89.55224,84.50704,86.95652,111.11111,101.69492,96.77419,109.375,92.10526,76.92308,101.69492,104.47761,112.90323,88.23529,84.50704,78.94737,82.19178,125,93.75,103.44828,86.41975,83.33333]},"DRUG_FREQUENCY_DISTRIBUTION":{"Y_NUM_PERSONS":[5,2,1,0,0,0,0,0,0],"X_COUNT":[1,2,3,4,5,6,7,8,9]},"QUANTITY_DISTRIBUTION":{"CATEGORY":"Quantity","MIN_VALUE":1,"P10_VALUE":1,"P25_VALUE":1,"MEDIAN_VALUE":1,"P75_VALUE":1,"P90_VALUE":1,"MAX_VALUE":1},"REFILLS_DISTRIBUTION":{"CATEGORY":[],"MIN_VALUE":[],"P10_VALUE":[],"P25_VALUE":[],"MEDIAN_VALUE":[],"P75_VALUE":[],"P90_VALUE":[],"MAX_VALUE":[]}}
