{"AGE_AT_FIRST_EXPOSURE":{"CATEGORY":["FEMALE","MALE"],"MIN_VALUE":[23,19],"P10_VALUE":[58,57],"P25_VALUE":[69,66],"MEDIAN_VALUE":[79,75],"P75_VALUE":[86,82],"P90_VALUE":[300,87],"MAX_VALUE":[310,304]},"DAYS_SUPPLY_DISTRIBUTION":{"CATEGORY":[],"MIN_VALUE":[],"P10_VALUE":[],"P25_VALUE":[],"MEDIAN_VALUE":[],"P75_VALUE":[],"P90_VALUE":[],"MAX_VALUE":[]},"DRUGS_BY_TYPE":{"CONCEPT_NAME":"Prescription written","COUNT_VALUE":3693},"PREVALENCE_BY_GENDER_AGE_YEAR":{"TRELLIS_NAME":["80-89","80-89","70-79","80-89","80-89","80-89","70-79","80-89","80-89","70-79","70-79","70-79","80-89","60-69","70-79","70-79","80-89","70-79","70-79","70-79","60-69","70-79","60-69","60-69","70-79","80-89","80-89","70-79","80-89","80-89","70-79","70-79","80-89","70-79","60-69","70-79","70-79","70-79","70-79","60-69","80-89","70-79","70-79"],"SERIES_NAME":["MALE","FEMALE","MALE","MALE","FEMALE","FEMALE","MALE","MALE","FEMALE","FEMALE","FEMALE","MALE","MALE","MALE","MALE","MALE","FEMALE","FEMALE","MALE","MALE","MALE","FEMALE","MALE","MALE","MALE","FEMALE","MALE","FEMALE","MALE","MALE","MALE","MALE","MALE","MALE","MALE","MALE","MALE","MALE","MALE","MALE","FEMALE","MALE","FEMALE"],"X_CALENDAR_YEAR":[2101,2105,2105,2106,2106,2111,2112,2116,2120,2122,2124,2124,2125,2127,2129,2132,2133,2133,2141,2142,2146,2154,2157,2158,2159,2161,2161,2161,2166,2167,2171,2174,2176,2180,2182,2184,2185,2188,2190,2191,2191,2195,2199],"Y_PREVALENCE_1000PP":[157.89474,272.72727,111.11111,179.48718,133.33333,111.11111,129.03226,136.36364,132.07547,117.64706,125,107.14286,171.42857,130.43478,107.14286,92.30769,150,136.36364,122.44898,113.20755,96.77419,140,117.64706,125,117.64706,136.36364,162.7907,127.65957,155.55556,264.70588,157.89474,148.93617,136.36364,98.36066,114.7541,115.38462,120,111.11111,105.26316,109.09091,133.33333,113.20755,166.66667]},"PREVALENCE_BY_MONTH":{"X_CALENDAR_MONTH":[211504,212406,212902,212907,213310,215012,216305,217110,217803,218511,219401,219412],"Y_PREVALENCE_1000PP":[88.23529,114.7541,111.11111,85.71429,88.23529,85.71429,84.50704,103.8961,75.94937,107.14286,81.08108,93.33333]},"DRUG_FREQUENCY_DISTRIBUTION":{"Y_NUM_PERSONS":[4,2,1,0,0,0,0,0,0,0,0,0],"X_COUNT":[1,2,3,4,5,6,7,8,9,10,11,12]},"QUANTITY_DISTRIBUTION":{"CATEGORY":"Quantity","MIN_VALUE":0.25,"P10_VALUE":0.5,"P25_VALUE":1,"MEDIAN_VALUE":1,"P75_VALUE":1,"P90_VALUE":1,"MAX_VALUE":10},"REFILLS_DISTRIBUTION":{"CATEGORY":[],"MIN_VALUE":[],"P10_VALUE":[],"P25_VALUE":[],"MEDIAN_VALUE":[],"P75_VALUE":[],"P90_VALUE":[],"MAX_VALUE":[]}}
