{"AGE_AT_FIRST_EXPOSURE":{"CATEGORY":["FEMALE","MALE"],"MIN_VALUE":[0,0],"P10_VALUE":[43,43],"P25_VALUE":[54,54],"MEDIAN_VALUE":[67,66],"P75_VALUE":[78,77],"P90_VALUE":[85,84],"MAX_VALUE":[309,302]},"DAYS_SUPPLY_DISTRIBUTION":{"CATEGORY":[],"MIN_VALUE":[],"P10_VALUE":[],"P25_VALUE":[],"MEDIAN_VALUE":[],"P75_VALUE":[],"P90_VALUE":[],"MAX_VALUE":[]},"DRUGS_BY_TYPE":{"CONCEPT_NAME":"Prescription written","COUNT_VALUE":5597},"PREVALENCE_BY_GENDER_AGE_YEAR":{"TRELLIS_NAME":["80-89","80-89","60-69","60-69","70-79","60-69","60-69","80-89","60-69","60-69","70-79","50-59","80-89","70-79","70-79","60-69","50-59","70-79","70-79","60-69","60-69","60-69","70-79","60-69","50-59","80-89","60-69","60-69","70-79"],"SERIES_NAME":["FEMALE","FEMALE","MALE","MALE","FEMALE","FEMALE","MALE","MALE","MALE","FEMALE","FEMALE","MALE","FEMALE","MALE","MALE","MALE","FEMALE","MALE","MALE","MALE","MALE","MALE","MALE","MALE","MALE","FEMALE","FEMALE","MALE","FEMALE"],"X_CALENDAR_YEAR":[2110,2111,2112,2116,2116,2119,2121,2129,2131,2133,2139,2141,2146,2146,2148,2150,2160,2165,2168,2168,2174,2178,2181,2183,2184,2195,2196,2196,2199],"Y_PREVALENCE_1000PP":[133.33333,111.11111,129.62963,101.69492,175,166.66667,95.2381,218.75,90.90909,133.33333,130.43478,137.2549,133.33333,118.64407,134.61538,93.75,212.12121,111.11111,122.44898,107.14286,148.93617,105.26316,140,142.85714,96.77419,136.36364,195.65217,85.71429,166.66667]},"PREVALENCE_BY_MONTH":{"X_CALENDAR_MONTH":[210012,210701,211004,211605,211704,211804,212009,212111,212612,212908,213002,213501,214008,214204,214205,214905,214907,216008,216602,217411,217507,217703,218011,219101,219312,219401,219504,219803,220004],"Y_PREVALENCE_1000PP":[115.38462,101.69492,83.33333,107.69231,96.77419,85.71429,103.44828,106.06061,95.2381,97.22222,90.90909,95.2381,82.19178,93.75,74.07407,89.55224,103.44828,112.90323,90.90909,152.54237,102.94118,104.47761,86.95652,83.33333,112.90323,81.08108,127.27273,103.44828,71.42857]},"DRUG_FREQUENCY_DISTRIBUTION":{"Y_NUM_PERSONS":[4,2,1,1,1,1,0,0,0,0,0,0,0,0,0,0,0,0,0,0,0,0],"X_COUNT":[1,2,3,4,5,6,7,8,9,10,11,12,13,14,15,16,17,18,19,20,22,23]},"QUANTITY_DISTRIBUTION":{"CATEGORY":"Quantity","MIN_VALUE":0,"P10_VALUE":0.25,"P25_VALUE":0.5,"MEDIAN_VALUE":0.5,"P75_VALUE":1,"P90_VALUE":1,"MAX_VALUE":10},"REFILLS_DISTRIBUTION":{"CATEGORY":[],"MIN_VALUE":[],"P10_VALUE":[],"P25_VALUE":[],"MEDIAN_VALUE":[],"P75_VALUE":[],"P90_VALUE":[],"MAX_VALUE":[]}}
