{"AGE_AT_FIRST_EXPOSURE":{"CATEGORY":["FEMALE","MALE"],"MIN_VALUE":[16,21],"P10_VALUE":[44,46],"P25_VALUE":[56,55],"MEDIAN_VALUE":[68,65],"P75_VALUE":[77,75],"P90_VALUE":[84,81],"MAX_VALUE":[307,307]},"DAYS_SUPPLY_DISTRIBUTION":{"CATEGORY":[],"MIN_VALUE":[],"P10_VALUE":[],"P25_VALUE":[],"MEDIAN_VALUE":[],"P75_VALUE":[],"P90_VALUE":[],"MAX_VALUE":[]},"DRUGS_BY_TYPE":{"CONCEPT_NAME":"Prescription written","COUNT_VALUE":20747},"PREVALENCE_BY_GENDER_AGE_YEAR":{"TRELLIS_NAME":["60-69","60-69","70-79","60-69","60-69","50-59","60-69","70-79","50-59","60-69","70-79","70-79","50-59","60-69","50-59","70-79","50-59","70-79","60-69","70-79","60-69","70-79","60-69","70-79","50-59","70-79","70-79","60-69","70-79","60-69","60-69","80-89","70-79","60-69","50-59","70-79","50-59","60-69","60-69","50-59","60-69","50-59","50-59","50-59","70-79","70-79","60-69","50-59","60-69","50-59","70-79","50-59","50-59","70-79","50-59","50-59","70-79","50-59","60-69","70-79","60-69","60-69","70-79","70-79","60-69","70-79","60-69","60-69","50-59","80-89","50-59","70-79","70-79","50-59","60-69","60-69","70-79","60-69","60-69","60-69","70-79","60-69","70-79"],"SERIES_NAME":["MALE","FEMALE","MALE","MALE","MALE","MALE","FEMALE","MALE","MALE","MALE","MALE","MALE","MALE","MALE","MALE","FEMALE","MALE","FEMALE","FEMALE","FEMALE","MALE","MALE","MALE","FEMALE","MALE","MALE","MALE","MALE","FEMALE","FEMALE","MALE","FEMALE","FEMALE","MALE","MALE","MALE","MALE","MALE","FEMALE","MALE","MALE","MALE","MALE","FEMALE","FEMALE","MALE","MALE","MALE","MALE","MALE","MALE","MALE","MALE","FEMALE","MALE","MALE","FEMALE","MALE","MALE","MALE","MALE","FEMALE","FEMALE","MALE","MALE","MALE","MALE","MALE","FEMALE","MALE","MALE","MALE","MALE","MALE","MALE","FEMALE","MALE","MALE","MALE","MALE","MALE","MALE","MALE"],"X_CALENDAR_YEAR":[2106,2107,2108,2108,2110,2111,2112,2112,2112,2115,2115,2116,2118,2119,2119,2121,2122,2124,2125,2125,2125,2127,2128,2130,2131,2133,2135,2136,2137,2138,2138,2139,2139,2141,2142,2142,2144,2144,2144,2145,2146,2146,2148,2148,2150,2154,2156,2157,2160,2161,2162,2162,2163,2163,2165,2166,2166,2167,2169,2172,2172,2173,2177,2177,2179,2180,2182,2183,2183,2183,2184,2185,2187,2187,2187,2188,2188,2190,2192,2198,2199,2199,2200],"Y_PREVALENCE_1000PP":[88.23529,162.16216,95.2381,107.14286,111.11111,115.38462,171.42857,145.16129,127.27273,150,111.11111,170.21277,96.77419,89.55224,130.43478,195.12195,107.14286,145.83333,175,125,111.11111,103.44828,133.33333,117.64706,125,111.11111,142.85714,98.36066,163.26531,142.85714,132.35294,181.81818,173.91304,135.59322,160,113.20755,133.33333,140.35088,162.7907,160.71429,161.29032,115.38462,115.38462,200,162.16216,142.85714,103.44828,137.2549,86.95652,130.43478,122.80702,150,166.66667,122.80702,130.43478,140,120,212.76596,81.08108,111.11111,177.77778,130.43478,150,174.60317,109.09091,131.14754,98.36066,142.85714,150,162.16216,112.90323,120,100,125,109.09091,176.47059,129.62963,160.71429,100,98.36066,101.69492,109.09091,123.07692]},"PREVALENCE_BY_MONTH":{"X_CALENDAR_MONTH":[210310,210801,210802,210812,210911,211003,211102,211108,211202,211204,211212,211307,211405,211407,211504,211509,211510,211511,211701,211901,212007,212111,212112,212201,212202,212312,212501,212507,212511,212512,212703,212809,212812,213006,213012,213110,213208,213212,213311,213702,213707,213712,213807,213812,213901,214008,214201,214204,214312,214401,214403,214512,214608,214610,214612,214702,214911,215011,215101,215411,215412,215609,216002,216111,216302,216305,216606,216701,216710,216711,216812,216910,217003,217205,217309,217311,217601,217704,217711,217908,218002,218009,218102,218110,218202,218301,218310,218408,218712,218804,219010,219012,219210,219312,219505,219602,219610,219801,219902,220008,220009],"Y_PREVALENCE_1000PP":[74.07407,93.75,88.23529,75.94937,95.2381,111.11111,116.66667,90.90909,128.57143,129.03226,101.69492,89.55224,123.07692,115.94203,117.64706,106.06061,82.19178,100,93.75,93.75,118.64407,106.06061,148.64865,111.11111,86.95652,123.07692,97.22222,112.90323,100,120,98.36066,101.69492,104.47761,115.38462,77.92208,121.21212,80.45977,109.58904,96.77419,93.75,112.67606,75.94937,92.10526,107.14286,112.90323,82.19178,120.68966,93.75,90.90909,80,100,86.95652,100,106.06061,81.08108,98.36066,98.36066,89.55224,95.2381,103.44828,109.09091,125,88.23529,92.30769,96.77419,84.50704,84.50704,92.30769,96.77419,118.64407,95.89041,105.26316,100,103.44828,122.44898,85.71429,107.14286,109.375,140.35088,85.36585,93.75,115.38462,127.27273,121.62162,109.09091,119.40299,89.55224,102.94118,77.92208,80,84.50704,88.23529,85.71429,112.90323,116.66667,120.68966,83.33333,89.55224,113.20755,103.44828,89.55224]},"DRUG_FREQUENCY_DISTRIBUTION":{"Y_NUM_PERSONS":[5,5,4,4,3,3,2,2,2,1,1,1,1,1,1,1,1,1,1,1,0,0,0,0,0,0,0,0,0,0,0,0,0,0,0,0,0,0,0,0,0,0,0,0,0,0,0,0,0,0,0,0,0,0,0,0,0,0,0],"X_COUNT":[1,2,3,4,5,6,7,8,9,10,11,12,13,14,15,16,17,18,19,20,21,22,23,24,25,26,27,28,29,30,31,32,33,34,35,36,37,38,39,40,41,42,43,44,46,48,49,50,51,52,53,55,58,61,62,64,67,70,78]},"QUANTITY_DISTRIBUTION":{"CATEGORY":"Quantity","MIN_VALUE":0,"P10_VALUE":0.05,"P25_VALUE":0.1,"MEDIAN_VALUE":0.15,"P75_VALUE":0.25,"P90_VALUE":0.4,"MAX_VALUE":18.1},"REFILLS_DISTRIBUTION":{"CATEGORY":[],"MIN_VALUE":[],"P10_VALUE":[],"P25_VALUE":[],"MEDIAN_VALUE":[],"P75_VALUE":[],"P90_VALUE":[],"MAX_VALUE":[]}}
