{"AGE_AT_FIRST_EXPOSURE":{"CATEGORY":["FEMALE","MALE"],"MIN_VALUE":[18,19],"P10_VALUE":[43,47],"P25_VALUE":[56,57],"MEDIAN_VALUE":[70,68],"P75_VALUE":[82,78],"P90_VALUE":[88,85],"MAX_VALUE":[308,310]},"DAYS_SUPPLY_DISTRIBUTION":{"CATEGORY":[],"MIN_VALUE":[],"P10_VALUE":[],"P25_VALUE":[],"MEDIAN_VALUE":[],"P75_VALUE":[],"P90_VALUE":[],"MAX_VALUE":[]},"DRUGS_BY_TYPE":{"CONCEPT_NAME":"Prescription written","COUNT_VALUE":2962},"PREVALENCE_BY_GENDER_AGE_YEAR":{"TRELLIS_NAME":["70-79","60-69","60-69","60-69","60-69","70-79","80-89","60-69","60-69","80-89","60-69","60-69","50-59","60-69","60-69","60-69","60-69","60-69"],"SERIES_NAME":["MALE","MALE","MALE","MALE","MALE","MALE","MALE","MALE","MALE","MALE","MALE","FEMALE","MALE","FEMALE","MALE","MALE","FEMALE","MALE"],"X_CALENDAR_YEAR":[2102,2104,2106,2108,2110,2114,2135,2148,2163,2171,2173,2173,2177,2181,2182,2185,2186,2195],"Y_PREVALENCE_1000PP":[142.85714,117.64706,132.35294,107.14286,166.66667,140,159.09091,101.69492,140.35088,189.18919,113.20755,130.43478,127.27273,205.88235,98.36066,93.75,179.48718,85.71429]},"PREVALENCE_BY_MONTH":{"X_CALENDAR_MONTH":[211702,211812,213512,214608,214611,215012,215306,216312,217408,217611,217808,217809,218712,219211],"Y_PREVALENCE_1000PP":[85.71429,89.55224,95.2381,85.71429,93.75,100,88.60759,90.90909,81.08108,81.08108,76.92308,101.69492,77.92208,112.67606]},"DRUG_FREQUENCY_DISTRIBUTION":{"Y_NUM_PERSONS":[4,1,0,0,0,0,0],"X_COUNT":[1,2,3,4,5,6,7]},"QUANTITY_DISTRIBUTION":{"CATEGORY":"Quantity","MIN_VALUE":0.5,"P10_VALUE":1,"P25_VALUE":1,"MEDIAN_VALUE":1,"P75_VALUE":1,"P90_VALUE":1,"MAX_VALUE":2.1765},"REFILLS_DISTRIBUTION":{"CATEGORY":[],"MIN_VALUE":[],"P10_VALUE":[],"P25_VALUE":[],"MEDIAN_VALUE":[],"P75_VALUE":[],"P90_VALUE":[],"MAX_VALUE":[]}}
