{"AGE_AT_FIRST_EXPOSURE":{"CATEGORY":["FEMALE","MALE"],"MIN_VALUE":[18,17],"P10_VALUE":[46,46],"P25_VALUE":[57,57],"MEDIAN_VALUE":[70,67],"P75_VALUE":[81,78],"P90_VALUE":[87,85],"MAX_VALUE":[310,310]},"DAYS_SUPPLY_DISTRIBUTION":{"CATEGORY":[],"MIN_VALUE":[],"P10_VALUE":[],"P25_VALUE":[],"MEDIAN_VALUE":[],"P75_VALUE":[],"P90_VALUE":[],"MAX_VALUE":[]},"DRUGS_BY_TYPE":{"CONCEPT_NAME":["Prescription written","Inpatient administration"],"COUNT_VALUE":[32,83983]},"PREVALENCE_BY_GENDER_AGE_YEAR":{"TRELLIS_NAME":["70-79","60-69","70-79","60-69","50-59","50-59","60-69","60-69","70-79","60-69","70-79","60-69","60-69","70-79","80-89","60-69","70-79","60-69","80-89","60-69","50-59","80-89","70-79","60-69","60-69","70-79","70-79","50-59","70-79","80-89","70-79","70-79","50-59","70-79","80-89","70-79","60-69","40-49","70-79","60-69","80-89","70-79","40-49","80-89","60-69","80-89","60-69","80-89","60-69","80-89","60-69","60-69","60-69","80-89","80-89","60-69","80-89","60-69","60-69","80-89","60-69","70-79","60-69","60-69","60-69","70-79","50-59","80-89","70-79","70-79","60-69","60-69","80-89","60-69"],"SERIES_NAME":["MALE","MALE","MALE","MALE","MALE","MALE","MALE","FEMALE","MALE","MALE","FEMALE","MALE","FEMALE","MALE","FEMALE","MALE","MALE","MALE","MALE","MALE","MALE","FEMALE","MALE","FEMALE","MALE","FEMALE","MALE","MALE","FEMALE","MALE","FEMALE","MALE","MALE","FEMALE","FEMALE","FEMALE","MALE","MALE","MALE","MALE","FEMALE","MALE","MALE","MALE","FEMALE","FEMALE","MALE","MALE","MALE","FEMALE","MALE","MALE","FEMALE","MALE","FEMALE","MALE","FEMALE","MALE","MALE","FEMALE","MALE","MALE","MALE","MALE","MALE","MALE","MALE","FEMALE","FEMALE","FEMALE","MALE","MALE","MALE","MALE"],"X_CALENDAR_YEAR":[2102,2104,2105,2105,2106,2110,2112,2114,2115,2116,2117,2119,2119,2120,2120,2120,2121,2122,2123,2124,2124,2125,2125,2126,2126,2127,2129,2129,2130,2132,2132,2134,2135,2137,2138,2139,2139,2144,2146,2148,2151,2151,2151,2151,2152,2153,2153,2159,2159,2159,2160,2162,2167,2167,2168,2168,2170,2173,2174,2174,2176,2179,2180,2182,2183,2184,2185,2187,2192,2193,2195,2199,2200,2200],"Y_PREVALENCE_1000PP":[142.85714,117.64706,111.11111,100,96.77419,150,166.66667,142.85714,111.11111,135.59322,136.36364,119.40299,142.85714,210.52632,113.20755,173.07692,162.16216,111.11111,181.81818,94.59459,160,153.84615,125,212.12121,136.9863,137.93103,107.14286,159.09091,117.64706,152.17391,186.04651,107.69231,95.2381,122.44898,115.38462,130.43478,101.69492,157.89474,203.38983,118.64407,125,166.66667,187.5,250,155.55556,159.09091,105.26316,166.66667,109.09091,179.48718,101.44928,129.03226,142.85714,264.70588,150,107.14286,195.65217,132.07547,127.65957,146.34146,113.20755,95.2381,122.44898,98.36066,163.26531,153.84615,176.47059,166.66667,146.34146,146.34146,85.71429,127.27273,181.81818,130.43478]},"PREVALENCE_BY_MONTH":{"X_CALENDAR_MONTH":[210009,210201,210601,211211,211302,211501,211606,211911,212001,212002,212101,212111,212207,212309,212403,212506,212510,212603,212612,212703,212808,212812,212906,212912,213002,213003,213202,213308,213408,214206,214207,214503,214505,214604,214607,214608,215008,215012,215101,215103,215111,215301,215304,215308,215310,215601,215705,215803,216008,216206,216410,216701,216704,216706,216803,216810,216811,216812,216901,217006,217011,217204,217802,217808,218108,218502,218608,218701,218803,218811,218909,219303,219308,219401,219411,219508,219705,219806,219909,220007,220008],"Y_PREVALENCE_1000PP":[98.36066,109.09091,90.90909,103.44828,122.44898,75.94937,115.38462,102.94118,125,127.27273,88.23529,106.06061,86.95652,142.85714,81.08108,89.55224,133.33333,95.2381,95.2381,114.7541,89.55224,89.55224,92.10526,120,90.90909,86.95652,95.89041,106.06061,101.69492,92.10526,86.41975,101.44928,90.90909,118.64407,98.36066,85.71429,119.40299,85.71429,126.98413,102.94118,112.90323,102.94118,86.95652,95.89041,85.71429,92.10526,88.23529,85.71429,96.77419,88.23529,76.92308,92.30769,78.94737,109.375,109.375,98.36066,109.09091,82.19178,80,105.26316,98.36066,131.14754,97.22222,89.74359,89.55224,113.20755,107.14286,95.2381,88.23529,131.14754,98.59155,107.14286,137.93103,94.59459,113.20755,88.23529,77.92208,109.09091,88.23529,90.90909,137.93103]},"DRUG_FREQUENCY_DISTRIBUTION":{"Y_NUM_PERSONS":[6,6,6,5,5,5,4,4,4,4,4,3,3,3,3,3,3,3,3,3,2,2,2,2,2,2,2,2,2,2,2,2,2,2,2,2,2,1,1,1,1,1,1,1,1,1,1,1,1,1,1,1,1,1,1,1,1,1,1,1,1,1,1,1,1,1,1,1,1,1,1,1,1,1,1,1,1,1,1,1,0,0,0,0,0,0,0,0,0,0,0,0,0,0,0,0,0,0,0,0,0,0,0,0,0,0,0,0,0,0,0,0,0,0,0,0,0,0,0,0,0,0,0,0,0,0,0,0,0,0,0,0,0,0,0,0,0,0,0,0,0,0,0,0,0,0,0,0,0,0,0,0,0,0,0,0,0,0,0,0,0,0,0,0,0,0,0,0,0,0,0,0,0,0,0,0,0,0,0,0,0,0,0],"X_COUNT":[1,2,3,4,5,6,7,8,9,10,11,12,13,14,15,16,17,18,19,20,21,22,23,24,25,26,27,28,29,30,31,32,33,34,35,36,37,38,39,40,41,42,43,44,45,46,47,48,49,50,51,52,53,54,55,56,57,58,59,60,61,62,63,64,65,66,67,68,69,70,71,72,73,74,75,76,77,78,79,80,81,82,83,84,85,86,87,88,89,90,91,92,93,94,95,96,97,98,99,100,102,103,104,105,107,108,109,110,111,112,113,114,115,116,119,120,121,123,124,127,128,129,130,131,132,133,134,135,136,138,139,140,141,142,143,147,149,150,151,152,154,155,157,158,163,164,170,172,173,174,175,176,179,181,186,187,188,190,191,196,200,203,204,211,214,221,222,236,241,245,249,257,260,272,279,282,298,316,320,332,346,348,380]},"QUANTITY_DISTRIBUTION":{"CATEGORY":"Quantity","MIN_VALUE":0.0002000026,"P10_VALUE":0.0300080167,"P25_VALUE":0.0504926119,"MEDIAN_VALUE":0.1007117847,"P75_VALUE":0.2050000375,"P90_VALUE":0.3504934531,"MAX_VALUE":359.5505842697},"REFILLS_DISTRIBUTION":{"CATEGORY":[],"MIN_VALUE":[],"P10_VALUE":[],"P25_VALUE":[],"MEDIAN_VALUE":[],"P75_VALUE":[],"P90_VALUE":[],"MAX_VALUE":[]}}
