{"AGE_AT_FIRST_EXPOSURE":{"CATEGORY":["FEMALE","MALE"],"MIN_VALUE":[15,16],"P10_VALUE":[30,33],"P25_VALUE":[44,45],"MEDIAN_VALUE":[58,57],"P75_VALUE":[71,68],"P90_VALUE":[81,77],"MAX_VALUE":[302,304]},"DAYS_SUPPLY_DISTRIBUTION":{"CATEGORY":[],"MIN_VALUE":[],"P10_VALUE":[],"P25_VALUE":[],"MEDIAN_VALUE":[],"P75_VALUE":[],"P90_VALUE":[],"MAX_VALUE":[]},"DRUGS_BY_TYPE":{"CONCEPT_NAME":"Prescription written","COUNT_VALUE":3548},"PREVALENCE_BY_GENDER_AGE_YEAR":{"TRELLIS_NAME":["60-69","50-59","60-69","40-49","60-69","50-59","60-69","60-69","60-69","70-79","60-69","60-69","40-49","60-69","50-59","50-59","60-69","50-59","50-59","50-59","60-69","50-59","60-69","40-49","50-59","50-59","50-59","70-79","70-79","60-69","60-69","60-69","50-59","60-69","50-59","50-59","60-69","50-59"],"SERIES_NAME":["FEMALE","MALE","MALE","MALE","MALE","MALE","MALE","FEMALE","MALE","FEMALE","MALE","FEMALE","MALE","MALE","FEMALE","MALE","MALE","FEMALE","MALE","MALE","MALE","MALE","MALE","MALE","MALE","MALE","MALE","FEMALE","FEMALE","MALE","FEMALE","MALE","MALE","MALE","MALE","MALE","FEMALE","MALE"],"X_CALENDAR_YEAR":[2103,2106,2111,2113,2119,2121,2124,2124,2126,2127,2132,2132,2133,2138,2139,2140,2145,2145,2146,2147,2147,2150,2151,2152,2154,2158,2165,2168,2172,2177,2178,2182,2184,2189,2192,2194,2196,2197],"Y_PREVALENCE_1000PP":[153.84615,96.77419,125,206.89655,104.47761,145.45455,81.08108,218.75,95.89041,103.44828,101.69492,177.77778,146.34146,102.94118,233.33333,122.44898,137.93103,193.54839,115.38462,115.38462,111.11111,133.33333,97.22222,233.33333,209.30233,107.14286,152.17391,127.27273,162.16216,125,184.21053,114.7541,129.03226,96.77419,145.45455,150,152.17391,139.53488]},"PREVALENCE_BY_MONTH":{"X_CALENDAR_MONTH":[210306,210309,210604,210705,210911,211307,211403,212110,212607,212807,213002,213012,213201,213203,213708,213802,213812,214008,214408,214505,214703,214705,216506,216511,216612,216710,217307,217704,217710,217905,217911,218212,218602,219002,219212,219410,219602,219709,219809],"Y_PREVALENCE_1000PP":[92.30769,89.55224,76.92308,95.2381,95.2381,89.55224,89.55224,90.90909,123.07692,78.94737,106.06061,77.92208,70.58824,88.23529,82.19178,100,107.14286,109.58904,127.27273,106.06061,120,102.94118,115.94203,96.77419,86.41975,96.77419,86.95652,93.75,93.75,82.19178,93.33333,95.2381,111.11111,92.30769,95.2381,89.55224,103.44828,111.11111,95.2381]},"DRUG_FREQUENCY_DISTRIBUTION":{"Y_NUM_PERSONS":[6,1,0,0,0,0],"X_COUNT":[1,2,3,4,5,6]},"QUANTITY_DISTRIBUTION":{"CATEGORY":"Quantity","MIN_VALUE":0.5,"P10_VALUE":1,"P25_VALUE":1,"MEDIAN_VALUE":1,"P75_VALUE":1,"P90_VALUE":2,"MAX_VALUE":2},"REFILLS_DISTRIBUTION":{"CATEGORY":[],"MIN_VALUE":[],"P10_VALUE":[],"P25_VALUE":[],"MEDIAN_VALUE":[],"P75_VALUE":[],"P90_VALUE":[],"MAX_VALUE":[]}}
