{"AGE_AT_FIRST_EXPOSURE":{"CATEGORY":["MALE","FEMALE"],"MIN_VALUE":[16,17],"P10_VALUE":[47,48],"P25_VALUE":[58,59],"MEDIAN_VALUE":[69,72],"P75_VALUE":[78,81],"P90_VALUE":[84,87],"MAX_VALUE":[310,308]},"DAYS_SUPPLY_DISTRIBUTION":{"CATEGORY":[],"MIN_VALUE":[],"P10_VALUE":[],"P25_VALUE":[],"MEDIAN_VALUE":[],"P75_VALUE":[],"P90_VALUE":[],"MAX_VALUE":[]},"DRUGS_BY_TYPE":{"CONCEPT_NAME":"Prescription written","COUNT_VALUE":4205},"PREVALENCE_BY_GENDER_AGE_YEAR":{"TRELLIS_NAME":["80-89","70-79","60-69","70-79","70-79","80-89","70-79","70-79","60-69","70-79","60-69","80-89","70-79","80-89","80-89","60-69","60-69","70-79","70-79","70-79","80-89","70-79","60-69","70-79","80-89","50-59","60-69","70-79","60-69","50-59","70-79","80-89","80-89","70-79","60-69","60-69","70-79","70-79","60-69","70-79","70-79","80-89","70-79","80-89","60-69","70-79","70-79","80-89","70-79","60-69","70-79","60-69","80-89","50-59","80-89","70-79"],"SERIES_NAME":["MALE","MALE","MALE","MALE","MALE","FEMALE","MALE","FEMALE","MALE","MALE","MALE","FEMALE","MALE","FEMALE","MALE","MALE","MALE","FEMALE","MALE","MALE","MALE","MALE","MALE","MALE","FEMALE","FEMALE","MALE","FEMALE","MALE","MALE","FEMALE","FEMALE","FEMALE","MALE","MALE","MALE","FEMALE","MALE","FEMALE","MALE","MALE","MALE","MALE","MALE","FEMALE","MALE","MALE","FEMALE","FEMALE","MALE","FEMALE","MALE","FEMALE","MALE","MALE","FEMALE"],"X_CALENDAR_YEAR":[2103,2104,2104,2105,2108,2109,2111,2113,2114,2114,2118,2120,2121,2122,2124,2125,2126,2127,2129,2131,2133,2138,2146,2146,2146,2147,2148,2149,2150,2153,2154,2157,2161,2162,2162,2164,2165,2165,2167,2168,2172,2176,2177,2183,2183,2184,2189,2190,2192,2192,2193,2195,2195,2196,2196,2200],"Y_PREVALENCE_1000PP":[200,130.43478,117.64706,148.14815,95.2381,142.85714,125,153.84615,78.94737,140,93.75,150.9434,243.24324,157.89474,153.84615,111.11111,82.19178,120.68966,142.85714,105.26316,136.36364,109.09091,96.77419,118.64407,155.55556,142.85714,101.69492,157.89474,109.375,129.62963,120,153.84615,136.36364,105.26316,96.77419,138.46154,216.21622,111.11111,142.85714,142.85714,129.62963,136.36364,95.2381,189.18919,166.66667,115.38462,113.20755,139.53488,170.73171,133.33333,146.34146,114.28571,204.54545,117.64706,146.34146,170.73171]},"PREVALENCE_BY_MONTH":{"X_CALENDAR_MONTH":[210106,210404,210501,210806,211104,211307,211410,211605,211807,211809,212006,212110,212205,212408,212410,212505,212708,212901,212908,213308,213309,214210,214608,214809,214810,215004,215107,215610,215705,215802,216204,216209,216401,216506,216803,216810,216901,217007,217206,217412,217607,217808,218003,218606,218909,219211,219401,219504],"Y_PREVALENCE_1000PP":[111.11111,105.26316,105.26316,82.19178,112.90323,89.55224,89.55224,92.30769,83.33333,81.08108,100,106.06061,121.21212,130.43478,89.55224,86.95652,113.20755,115.94203,83.33333,90.90909,86.95652,95.2381,85.71429,98.36066,98.36066,82.19178,102.5641,105.26316,88.23529,120.68966,119.40299,100,101.69492,86.95652,93.75,114.7541,80,93.33333,101.69492,93.75,84.33735,76.92308,88.23529,95.2381,84.50704,126.76056,94.59459,145.45455]},"DRUG_FREQUENCY_DISTRIBUTION":{"Y_NUM_PERSONS":[6,2,1,0,0,0,0,0,0],"X_COUNT":[1,2,3,4,5,6,7,8,10]},"QUANTITY_DISTRIBUTION":{"CATEGORY":"Quantity","MIN_VALUE":0.125,"P10_VALUE":0.5,"P25_VALUE":1,"MEDIAN_VALUE":1,"P75_VALUE":1,"P90_VALUE":1,"MAX_VALUE":3},"REFILLS_DISTRIBUTION":{"CATEGORY":[],"MIN_VALUE":[],"P10_VALUE":[],"P25_VALUE":[],"MEDIAN_VALUE":[],"P75_VALUE":[],"P90_VALUE":[],"MAX_VALUE":[]}}
