{"AGE_AT_FIRST_EXPOSURE":{"CATEGORY":["FEMALE","MALE"],"MIN_VALUE":[23,19],"P10_VALUE":[57,52],"P25_VALUE":[67,61],"MEDIAN_VALUE":[76,70],"P75_VALUE":[84,79],"P90_VALUE":[300,85],"MAX_VALUE":[307,306]},"DAYS_SUPPLY_DISTRIBUTION":{"CATEGORY":[],"MIN_VALUE":[],"P10_VALUE":[],"P25_VALUE":[],"MEDIAN_VALUE":[],"P75_VALUE":[],"P90_VALUE":[],"MAX_VALUE":[]},"DRUGS_BY_TYPE":{"CONCEPT_NAME":["Prescription written","Inpatient administration"],"COUNT_VALUE":[1802,72317]},"PREVALENCE_BY_GENDER_AGE_YEAR":{"TRELLIS_NAME":["80-89","80-89","80-89","60-69","60-69","60-69","60-69","70-79","80-89","70-79","70-79","80-89","60-69","70-79","70-79","60-69","60-69","70-79","80-89","50-59","70-79"],"SERIES_NAME":["MALE","MALE","FEMALE","MALE","FEMALE","FEMALE","MALE","FEMALE","MALE","FEMALE","MALE","MALE","MALE","FEMALE","FEMALE","MALE","MALE","MALE","FEMALE","MALE","MALE"],"X_CALENDAR_YEAR":[2102,2107,2108,2116,2120,2121,2124,2125,2125,2130,2131,2133,2139,2141,2145,2153,2161,2179,2180,2184,2187],"Y_PREVALENCE_1000PP":[233.33333,152.17391,162.7907,101.69492,166.66667,122.44898,94.59459,125,171.42857,117.64706,122.80702,136.36364,101.69492,152.17391,122.44898,122.80702,105.26316,126.98413,139.53488,96.77419,116.66667]},"PREVALENCE_BY_MONTH":{"X_CALENDAR_MONTH":[211911,212106,212112,212205,212401,212901,212912,214103,214511,214705,215111,216808,217306,218408,218710,218808,219011,219105,219501,219711],"Y_PREVALENCE_1000PP":[88.23529,105.26316,94.59459,106.06061,86.95652,86.95652,120,78.94737,80,102.94118,96.77419,75,89.55224,88.23529,89.55224,84.50704,88.23529,100,88.23529,86.95652]},"DRUG_FREQUENCY_DISTRIBUTION":{"Y_NUM_PERSONS":[4,4,3,3,3,3,2,2,2,2,2,2,2,2,2,2,2,2,2,2,2,2,1,1,1,1,1,1,1,1,1,1,1,1,1,1,1,1,1,1,1,1,1,1,1,1,1,1,1,1,1,1,1,1,1,1,1,1,1,1,1,1,1,1,1,1,1,1,1,1,1,1,1,1,1,1,1,1,1,1,1,1,1,1,1,1,0,0,0,0,0,0,0,0,0,0,0,0,0,0,0,0,0,0,0,0,0,0,0,0,0,0,0,0,0,0,0,0,0,0,0,0,0,0,0,0,0,0,0,0,0,0,0,0,0,0,0,0,0,0,0,0,0,0,0,0,0,0,0,0,0,0,0,0,0,0,0,0,0,0,0,0,0,0,0,0,0,0,0,0,0,0,0,0,0,0,0,0,0,0,0,0,0,0,0,0,0,0,0,0,0,0,0,0,0,0,0,0,0,0,0,0,0,0,0,0,0,0,0,0,0,0,0,0,0,0,0,0,0,0,0,0,0,0,0,0,0],"X_COUNT":[1,2,3,4,5,6,7,8,9,10,11,12,13,14,15,16,17,18,19,20,21,22,23,24,25,26,27,28,29,30,31,32,33,34,35,36,37,38,39,40,41,42,43,44,45,46,47,48,49,50,51,52,53,54,55,56,57,58,59,60,61,62,63,64,65,66,67,68,69,70,71,72,73,74,75,76,77,78,79,80,81,82,83,84,85,86,87,88,89,90,91,92,93,94,95,96,97,98,99,100,101,103,104,105,106,107,108,110,111,112,113,114,115,116,117,120,121,122,123,125,127,128,129,130,131,133,134,139,140,142,143,144,145,146,148,149,151,153,154,155,156,157,158,159,161,162,164,165,166,167,168,169,170,172,176,177,178,179,181,182,184,185,186,191,192,193,195,196,197,199,200,202,205,206,207,210,215,220,221,224,225,226,227,232,234,240,243,250,256,264,265,282,289,299,306,309,310,314,315,321,326,335,338,340,343,345,346,347,357,362,370,371,374,377,393,402,419,425,426,430,437,470,473,476,512,539,589]},"QUANTITY_DISTRIBUTION":{"CATEGORY":"Quantity","MIN_VALUE":0,"P10_VALUE":2.5,"P25_VALUE":5,"MEDIAN_VALUE":10,"P75_VALUE":15,"P90_VALUE":15,"MAX_VALUE":7500},"REFILLS_DISTRIBUTION":{"CATEGORY":[],"MIN_VALUE":[],"P10_VALUE":[],"P25_VALUE":[],"MEDIAN_VALUE":[],"P75_VALUE":[],"P90_VALUE":[],"MAX_VALUE":[]}}
