{"AGE_AT_FIRST_EXPOSURE":{"CATEGORY":["MALE","FEMALE"],"MIN_VALUE":[18,17],"P10_VALUE":[38,38],"P25_VALUE":[50,50],"MEDIAN_VALUE":[62,62],"P75_VALUE":[72,73],"P90_VALUE":[80,82],"MAX_VALUE":[306,306]},"DAYS_SUPPLY_DISTRIBUTION":{"CATEGORY":[],"MIN_VALUE":[],"P10_VALUE":[],"P25_VALUE":[],"MEDIAN_VALUE":[],"P75_VALUE":[],"P90_VALUE":[],"MAX_VALUE":[]},"DRUGS_BY_TYPE":{"CONCEPT_NAME":"Prescription written","COUNT_VALUE":3063},"PREVALENCE_BY_GENDER_AGE_YEAR":{"TRELLIS_NAME":["50-59","70-79","60-69","50-59","60-69","40-49","60-69","70-79","70-79","50-59","50-59","70-79","60-69","70-79","50-59","60-69","70-79"],"SERIES_NAME":["MALE","FEMALE","MALE","FEMALE","MALE","MALE","MALE","MALE","FEMALE","FEMALE","FEMALE","MALE","MALE","MALE","MALE","FEMALE","MALE"],"X_CALENDAR_YEAR":[2104,2104,2110,2113,2115,2133,2142,2144,2145,2145,2147,2148,2165,2181,2190,2196,2200],"Y_PREVALENCE_1000PP":[107.14286,127.65957,111.11111,260.86957,100,170.73171,101.44928,195.65217,163.26531,193.54839,142.85714,153.84615,100,140,136.36364,130.43478,138.46154]},"PREVALENCE_BY_MONTH":{"X_CALENDAR_MONTH":[212201,212304,212811,212906,213101,213301,213905,214401,214501,214502,214703,215612,215807,217110,218708,219204,219401,220005],"Y_PREVALENCE_1000PP":[86.41975,80,86.95652,92.10526,109.09091,83.33333,118.64407,80,95.2381,103.44828,120,68.96552,101.69492,77.92208,82.19178,90.90909,81.08108,83.33333]},"DRUG_FREQUENCY_DISTRIBUTION":{"Y_NUM_PERSONS":[4,1,0,0,0,0,0,0,0,0,0,0,0],"X_COUNT":[1,2,3,4,5,6,7,8,9,10,12,13,14]},"QUANTITY_DISTRIBUTION":{"CATEGORY":"Quantity","MIN_VALUE":0.25,"P10_VALUE":0.5,"P25_VALUE":1,"MEDIAN_VALUE":1,"P75_VALUE":1,"P90_VALUE":1,"MAX_VALUE":3},"REFILLS_DISTRIBUTION":{"CATEGORY":[],"MIN_VALUE":[],"P10_VALUE":[],"P25_VALUE":[],"MEDIAN_VALUE":[],"P75_VALUE":[],"P90_VALUE":[],"MAX_VALUE":[]}}
