{"AGE_AT_FIRST_EXPOSURE":{"CATEGORY":["MALE","FEMALE"],"MIN_VALUE":[19,17],"P10_VALUE":[44,44],"P25_VALUE":[53,55],"MEDIAN_VALUE":[65,68],"P75_VALUE":[77,79],"P90_VALUE":[85,87],"MAX_VALUE":[310,303]},"DAYS_SUPPLY_DISTRIBUTION":{"CATEGORY":[],"MIN_VALUE":[],"P10_VALUE":[],"P25_VALUE":[],"MEDIAN_VALUE":[],"P75_VALUE":[],"P90_VALUE":[],"MAX_VALUE":[]},"DRUGS_BY_TYPE":{"CONCEPT_NAME":"Prescription written","COUNT_VALUE":3335},"PREVALENCE_BY_GENDER_AGE_YEAR":{"TRELLIS_NAME":["70-79","70-79","50-59","60-69","60-69","50-59","50-59","50-59","70-79","80-89","80-89","50-59","60-69","60-69","70-79","60-69"],"SERIES_NAME":["FEMALE","FEMALE","FEMALE","FEMALE","MALE","MALE","FEMALE","FEMALE","FEMALE","MALE","MALE","MALE","MALE","MALE","MALE","MALE"],"X_CALENDAR_YEAR":[2102,2103,2114,2123,2129,2130,2130,2167,2168,2172,2179,2183,2185,2192,2194,2195],"Y_PREVALENCE_1000PP":[146.34146,170.73171,187.5,136.36364,118.64407,130.43478,146.34146,166.66667,127.27273,127.65957,181.81818,113.20755,93.75,116.66667,109.09091,85.71429]},"PREVALENCE_BY_MONTH":{"X_CALENDAR_MONTH":[211411,211412,211812,212411,213006,213302,213312,213611,214010,214204,215406,215612,215812,216109,216612,216712,216910,217211,217510,218108,218408,218507,219203,219211,219404],"Y_PREVALENCE_1000PP":[94.59459,83.33333,104.47761,112.90323,76.92308,84.50704,107.14286,103.44828,145.16129,93.75,94.59459,68.96552,89.55224,86.95652,74.07407,85.71429,105.26316,107.14286,113.20755,89.55224,88.23529,98.59155,85.71429,98.59155,120.68966]},"DRUG_FREQUENCY_DISTRIBUTION":{"Y_NUM_PERSONS":[4,2,1,0,0,0,0,0,0,0,0],"X_COUNT":[1,2,3,4,5,6,7,8,9,10,11]},"QUANTITY_DISTRIBUTION":{"CATEGORY":"Quantity","MIN_VALUE":0.25,"P10_VALUE":0.5,"P25_VALUE":1,"MEDIAN_VALUE":1,"P75_VALUE":2,"P90_VALUE":2,"MAX_VALUE":4},"REFILLS_DISTRIBUTION":{"CATEGORY":[],"MIN_VALUE":[],"P10_VALUE":[],"P25_VALUE":[],"MEDIAN_VALUE":[],"P75_VALUE":[],"P90_VALUE":[],"MAX_VALUE":[]}}
