{"AGE_AT_FIRST_EXPOSURE":{"CATEGORY":["MALE","FEMALE"],"MIN_VALUE":[18,16],"P10_VALUE":[48,49],"P25_VALUE":[59,62],"MEDIAN_VALUE":[71,76],"P75_VALUE":[81,84],"P90_VALUE":[86,300],"MAX_VALUE":[306,308]},"DAYS_SUPPLY_DISTRIBUTION":{"CATEGORY":[],"MIN_VALUE":[],"P10_VALUE":[],"P25_VALUE":[],"MEDIAN_VALUE":[],"P75_VALUE":[],"P90_VALUE":[],"MAX_VALUE":[]},"DRUGS_BY_TYPE":{"CONCEPT_NAME":"Prescription written","COUNT_VALUE":4400},"PREVALENCE_BY_GENDER_AGE_YEAR":{"TRELLIS_NAME":["70-79","70-79","300-309","50-59","80-89","80-89","300-309","60-69","80-89","80-89","80-89","80-89","60-69","80-89","70-79","80-89","70-79","80-89","80-89","80-89","70-79","80-89","70-79","80-89","70-79","60-69","80-89","80-89","70-79","80-89","70-79","80-89","60-69","80-89","70-79","80-89","70-79","60-69","80-89","70-79","80-89","70-79","80-89","70-79","70-79","70-79","80-89","80-89","80-89","60-69","80-89","70-79","70-79","70-79","60-69","70-79","80-89","80-89","80-89","300-309","80-89","70-79","70-79","60-69","80-89","80-89","60-69","70-79","80-89","70-79","70-79","70-79","80-89","60-69","70-79","70-79","70-79","70-79","300-309","80-89","80-89","60-69","70-79","80-89","80-89","70-79","70-79","60-69","80-89"],"SERIES_NAME":["FEMALE","MALE","FEMALE","MALE","FEMALE","MALE","FEMALE","MALE","MALE","MALE","MALE","FEMALE","FEMALE","MALE","MALE","FEMALE","FEMALE","FEMALE","FEMALE","FEMALE","FEMALE","FEMALE","MALE","MALE","MALE","MALE","MALE","FEMALE","MALE","FEMALE","FEMALE","MALE","MALE","FEMALE","FEMALE","FEMALE","MALE","MALE","FEMALE","FEMALE","FEMALE","MALE","FEMALE","MALE","MALE","MALE","FEMALE","FEMALE","MALE","MALE","MALE","MALE","FEMALE","MALE","MALE","FEMALE","MALE","FEMALE","FEMALE","FEMALE","FEMALE","MALE","FEMALE","FEMALE","FEMALE","FEMALE","FEMALE","FEMALE","MALE","FEMALE","MALE","FEMALE","FEMALE","FEMALE","MALE","MALE","FEMALE","MALE","FEMALE","MALE","FEMALE","FEMALE","FEMALE","FEMALE","MALE","FEMALE","MALE","MALE","FEMALE"],"X_CALENDAR_YEAR":[2101,2101,2102,2102,2103,2104,2106,2106,2107,2108,2110,2111,2114,2115,2115,2116,2117,2119,2123,2125,2129,2130,2130,2130,2131,2132,2132,2133,2135,2135,2136,2137,2138,2138,2141,2142,2142,2143,2143,2144,2145,2147,2149,2149,2150,2151,2151,2152,2153,2153,2155,2158,2159,2159,2159,2160,2160,2160,2161,2161,2163,2165,2166,2167,2170,2172,2173,2173,2174,2175,2177,2179,2179,2179,2180,2181,2182,2185,2187,2188,2190,2190,2192,2193,2193,2195,2195,2197,2199],"Y_PREVALENCE_1000PP":[166.66667,113.20755,260.86957,155.55556,193.54839,222.22222,428.57143,132.35294,130.43478,193.54839,250,111.11111,166.66667,216.21622,142.85714,171.42857,181.81818,152.17391,200,153.84615,130.43478,170.21277,125,187.5,122.80702,101.69492,173.91304,150,204.08163,175,120,222.22222,88.23529,115.38462,173.91304,127.65957,207.54717,95.2381,179.48718,204.54545,162.16216,122.80702,162.16216,133.33333,125,145.83333,145.83333,166.66667,205.12821,105.26316,133.33333,132.07547,162.16216,137.2549,109.09091,153.84615,181.81818,173.91304,181.81818,285.71429,136.36364,111.11111,200,142.85714,152.17391,189.18919,130.43478,111.11111,150,195.12195,142.85714,152.17391,130.43478,152.17391,131.14754,120,139.53488,160,304.34783,204.54545,139.53488,184.21053,146.34146,139.53488,218.75,139.53488,150.9434,166.66667,166.66667]},"PREVALENCE_BY_MONTH":{"X_CALENDAR_MONTH":[210111,210208,210212,210402,210602,210605,211009,211101,211405,211407,211504,211510,211901,212001,212101,212502,213004,213202,213203,213208,213212,213510,213511,213512,213811,214002,214004,214107,214205,214212,214405,214406,214705,214710,214805,215304,215406,215502,215801,215911,216007,216105,216112,216302,216405,216605,216606,216701,216703,216802,217303,217409,217411,217712,217911,218110,218209,218510,219011,219012,219701,219706,219802,219807,219901,219907,220004],"Y_PREVALENCE_1000PP":[101.69492,109.375,116.66667,100,93.75,129.62963,116.66667,96.77419,92.30769,101.44928,102.94118,95.89041,93.75,83.33333,102.94118,117.64706,106.06061,109.58904,88.23529,80.45977,109.58904,98.36066,107.14286,95.2381,125,109.09091,111.11111,80,74.07407,122.44898,109.09091,152.54237,132.35294,118.64407,96.38554,101.44928,108.10811,109.09091,109.375,93.75,85.71429,90.90909,113.20755,112.90323,86.95652,116.66667,84.50704,123.07692,92.30769,107.14286,85.71429,93.75,101.69492,107.69231,93.33333,94.59459,95.2381,92.30769,88.23529,102.94118,98.36066,84.50704,120.68966,120.68966,100,82.19178,71.42857]},"DRUG_FREQUENCY_DISTRIBUTION":{"Y_NUM_PERSONS":[6,2,1,0,0,0,0],"X_COUNT":[1,2,3,4,5,6,7]},"QUANTITY_DISTRIBUTION":{"CATEGORY":"Quantity","MIN_VALUE":0.004,"P10_VALUE":1,"P25_VALUE":1,"MEDIAN_VALUE":1,"P75_VALUE":1,"P90_VALUE":3,"MAX_VALUE":3},"REFILLS_DISTRIBUTION":{"CATEGORY":[],"MIN_VALUE":[],"P10_VALUE":[],"P25_VALUE":[],"MEDIAN_VALUE":[],"P75_VALUE":[],"P90_VALUE":[],"MAX_VALUE":[]}}
