{"AGE_AT_FIRST_EXPOSURE":{"CATEGORY":["FEMALE","MALE"],"MIN_VALUE":[16,16],"P10_VALUE":[35,28],"P25_VALUE":[50,44],"MEDIAN_VALUE":[65,59],"P75_VALUE":[78,74],"P90_VALUE":[86,82],"MAX_VALUE":[304,304]},"DAYS_SUPPLY_DISTRIBUTION":{"CATEGORY":[],"MIN_VALUE":[],"P10_VALUE":[],"P25_VALUE":[],"MEDIAN_VALUE":[],"P75_VALUE":[],"P90_VALUE":[],"MAX_VALUE":[]},"DRUGS_BY_TYPE":{"CONCEPT_NAME":"Prescription written","COUNT_VALUE":2609},"PREVALENCE_BY_GENDER_AGE_YEAR":{"TRELLIS_NAME":["40-49","60-69","70-79","80-89","80-89","60-69"],"SERIES_NAME":["MALE","MALE","FEMALE","FEMALE","FEMALE","MALE"],"X_CALENDAR_YEAR":[2129,2138,2145,2151,2185,2189],"Y_PREVALENCE_1000PP":[166.66667,88.23529,122.44898,125,150,112.90323]},"PREVALENCE_BY_MONTH":{"X_CALENDAR_MONTH":[211504,211512,212905,212911,213907,215407,216606,217808,217811,218510,218511,218901,219608],"Y_PREVALENCE_1000PP":[88.23529,117.64706,82.19178,86.95652,147.05882,78.94737,112.67606,76.92308,101.69492,92.30769,142.85714,101.44928,93.75]},"DRUG_FREQUENCY_DISTRIBUTION":{"Y_NUM_PERSONS":[4,1,0,0],"X_COUNT":[1,2,3,4]},"QUANTITY_DISTRIBUTION":{"CATEGORY":"Quantity","MIN_VALUE":0.5,"P10_VALUE":1,"P25_VALUE":1,"MEDIAN_VALUE":1,"P75_VALUE":1,"P90_VALUE":1,"MAX_VALUE":2},"REFILLS_DISTRIBUTION":{"CATEGORY":[],"MIN_VALUE":[],"P10_VALUE":[],"P25_VALUE":[],"MEDIAN_VALUE":[],"P75_VALUE":[],"P90_VALUE":[],"MAX_VALUE":[]}}
