{"AGE_AT_FIRST_EXPOSURE":{"CATEGORY":["FEMALE","MALE"],"MIN_VALUE":[0,1],"P10_VALUE":[43,44],"P25_VALUE":[55,54],"MEDIAN_VALUE":[68,65],"P75_VALUE":[79,75],"P90_VALUE":[86,82],"MAX_VALUE":[305,304]},"DAYS_SUPPLY_DISTRIBUTION":{"CATEGORY":[],"MIN_VALUE":[],"P10_VALUE":[],"P25_VALUE":[],"MEDIAN_VALUE":[],"P75_VALUE":[],"P90_VALUE":[],"MAX_VALUE":[]},"DRUGS_BY_TYPE":{"CONCEPT_NAME":"Prescription written","COUNT_VALUE":2407},"PREVALENCE_BY_GENDER_AGE_YEAR":{"TRELLIS_NAME":["50-59","70-79","70-79","60-69","50-59","50-59","60-69","70-79","70-79","60-69","50-59","60-69","50-59","70-79","40-49","70-79","50-59","60-69","60-69","70-79","60-69"],"SERIES_NAME":["MALE","MALE","MALE","FEMALE","FEMALE","MALE","MALE","MALE","MALE","MALE","MALE","MALE","MALE","FEMALE","MALE","MALE","MALE","MALE","MALE","MALE","MALE"],"X_CALENDAR_YEAR":[2104,2109,2116,2118,2125,2126,2131,2135,2136,2138,2143,2151,2153,2155,2161,2162,2168,2173,2177,2180,2193],"Y_PREVALENCE_1000PP":[107.14286,150,127.65957,134.61538,218.75,200,90.90909,183.67347,93.75,88.23529,115.38462,83.33333,111.11111,171.42857,181.81818,122.80702,152.17391,113.20755,93.75,98.36066,115.38462]},"PREVALENCE_BY_MONTH":{"X_CALENDAR_MONTH":[210407,211204,211908,212004,212807,213704,214202,216805,217112,217201,219807],"Y_PREVALENCE_1000PP":[88.23529,112.90323,100,156.25,92.10526,89.74359,107.14286,92.30769,118.64407,105.26316,103.44828]},"DRUG_FREQUENCY_DISTRIBUTION":{"Y_NUM_PERSONS":[4,1,0,0],"X_COUNT":[1,2,3,4]},"QUANTITY_DISTRIBUTION":{"CATEGORY":"Quantity","MIN_VALUE":0,"P10_VALUE":0.2027,"P25_VALUE":0.2027,"MEDIAN_VALUE":0.2027,"P75_VALUE":1,"P90_VALUE":1,"MAX_VALUE":1},"REFILLS_DISTRIBUTION":{"CATEGORY":[],"MIN_VALUE":[],"P10_VALUE":[],"P25_VALUE":[],"MEDIAN_VALUE":[],"P75_VALUE":[],"P90_VALUE":[],"MAX_VALUE":[]}}
