{"AGE_AT_FIRST_EXPOSURE":{"CATEGORY":["MALE","FEMALE"],"MIN_VALUE":[0,20],"P10_VALUE":[44,46],"P25_VALUE":[53,59],"MEDIAN_VALUE":[65,71],"P75_VALUE":[77,80],"P90_VALUE":[84,87],"MAX_VALUE":[307,306]},"DAYS_SUPPLY_DISTRIBUTION":{"CATEGORY":[],"MIN_VALUE":[],"P10_VALUE":[],"P25_VALUE":[],"MEDIAN_VALUE":[],"P75_VALUE":[],"P90_VALUE":[],"MAX_VALUE":[]},"DRUGS_BY_TYPE":{"CONCEPT_NAME":"Prescription written","COUNT_VALUE":3947},"PREVALENCE_BY_GENDER_AGE_YEAR":{"TRELLIS_NAME":["40-49","60-69","60-69","70-79","60-69","60-69","50-59","60-69","60-69","50-59","60-69","70-79","80-89","70-79","50-59","60-69","70-79"],"SERIES_NAME":["MALE","MALE","MALE","FEMALE","MALE","MALE","MALE","MALE","MALE","MALE","MALE","MALE","FEMALE","MALE","MALE","MALE","MALE"],"X_CALENDAR_YEAR":[2122,2124,2126,2126,2133,2138,2140,2142,2143,2155,2160,2163,2174,2185,2193,2199,2200],"Y_PREVALENCE_1000PP":[181.81818,81.08108,109.58904,130.43478,88.23529,88.23529,122.44898,101.44928,95.2381,166.66667,101.44928,92.30769,146.34146,140,134.61538,109.09091,92.30769]},"PREVALENCE_BY_MONTH":{"X_CALENDAR_MONTH":[211501,211502,212201,212205,212611,212905,213702,215710,216802,218707,219805,219806],"Y_PREVALENCE_1000PP":[88.60759,89.55224,98.76543,90.90909,78.94737,82.19178,93.75,127.27273,107.14286,83.33333,100,109.09091]},"DRUG_FREQUENCY_DISTRIBUTION":{"Y_NUM_PERSONS":[4,2,1,1,0,0,0,0,0,0,0],"X_COUNT":[1,2,3,4,5,6,7,8,9,10,11]},"QUANTITY_DISTRIBUTION":{"CATEGORY":"Quantity","MIN_VALUE":0.0667,"P10_VALUE":2,"P25_VALUE":2,"MEDIAN_VALUE":2,"P75_VALUE":2,"P90_VALUE":2,"MAX_VALUE":240},"REFILLS_DISTRIBUTION":{"CATEGORY":[],"MIN_VALUE":[],"P10_VALUE":[],"P25_VALUE":[],"MEDIAN_VALUE":[],"P75_VALUE":[],"P90_VALUE":[],"MAX_VALUE":[]}}
