{"AGE_AT_FIRST_EXPOSURE":{"CATEGORY":["FEMALE","MALE"],"MIN_VALUE":[18,23],"P10_VALUE":[53,53],"P25_VALUE":[64,60],"MEDIAN_VALUE":[73,70],"P75_VALUE":[82,78],"P90_VALUE":[87,83],"MAX_VALUE":[310,303]},"DAYS_SUPPLY_DISTRIBUTION":{"CATEGORY":[],"MIN_VALUE":[],"P10_VALUE":[],"P25_VALUE":[],"MEDIAN_VALUE":[],"P75_VALUE":[],"P90_VALUE":[],"MAX_VALUE":[]},"DRUGS_BY_TYPE":{"CONCEPT_NAME":"Prescription written","COUNT_VALUE":3743},"PREVALENCE_BY_GENDER_AGE_YEAR":{"TRELLIS_NAME":["70-79","70-79","60-69","70-79","70-79","60-69","80-89","80-89","80-89","70-79","70-79","60-69","70-79","70-79","60-69","60-69","80-89","70-79","70-79","70-79","70-79","80-89","60-69","70-79","70-79","70-79","70-79","70-79","70-79","70-79","70-79","80-89","70-79","70-79","80-89","70-79","80-89","60-69","60-69","80-89","70-79","70-79","70-79","60-69","70-79","70-79","70-79","80-89","60-69","60-69","70-79","60-69","70-79","70-79","60-69","70-79","60-69","70-79","60-69","70-79","70-79","70-79","60-69","70-79","70-79","80-89","60-69","70-79","60-69","70-79","50-59","70-79","70-79","60-69","60-69","70-79","70-79","60-69","60-69","70-79","50-59","70-79","60-69","60-69","60-69","70-79","80-89","60-69","60-69","60-69","60-69","60-69","80-89","70-79"],"SERIES_NAME":["FEMALE","MALE","MALE","MALE","MALE","MALE","FEMALE","MALE","MALE","FEMALE","MALE","MALE","MALE","MALE","MALE","MALE","MALE","MALE","MALE","MALE","FEMALE","MALE","MALE","FEMALE","FEMALE","MALE","MALE","FEMALE","MALE","FEMALE","MALE","FEMALE","MALE","FEMALE","FEMALE","MALE","FEMALE","MALE","MALE","FEMALE","MALE","MALE","FEMALE","MALE","FEMALE","MALE","MALE","FEMALE","MALE","MALE","MALE","MALE","MALE","FEMALE","MALE","FEMALE","MALE","MALE","MALE","MALE","MALE","MALE","MALE","MALE","MALE","MALE","MALE","FEMALE","MALE","FEMALE","MALE","MALE","MALE","MALE","MALE","MALE","MALE","MALE","FEMALE","FEMALE","FEMALE","MALE","MALE","FEMALE","MALE","MALE","FEMALE","MALE","MALE","MALE","FEMALE","MALE","FEMALE","MALE"],"X_CALENDAR_YEAR":[2102,2102,2102,2103,2104,2104,2104,2106,2107,2107,2108,2109,2109,2112,2113,2114,2115,2115,2116,2117,2118,2119,2124,2125,2126,2127,2129,2130,2130,2131,2131,2133,2133,2134,2135,2136,2137,2138,2139,2140,2141,2143,2143,2143,2144,2144,2145,2146,2147,2151,2151,2152,2153,2153,2156,2156,2157,2159,2160,2160,2161,2162,2162,2163,2164,2164,2164,2164,2165,2166,2169,2172,2173,2174,2175,2176,2177,2177,2178,2179,2183,2184,2185,2187,2188,2188,2190,2191,2192,2193,2193,2194,2197,2200],"Y_PREVALENCE_1000PP":[146.34146,142.85714,113.20755,111.11111,173.91304,117.64706,181.81818,179.48718,130.43478,133.33333,111.11111,186.04651,150,161.29032,115.38462,92.10526,216.21622,111.11111,170.21277,159.09091,125,187.5,94.59459,125,130.43478,103.44828,125,117.64706,125,170.73171,122.80702,150,148.14815,125,225,93.75,205.12821,132.35294,101.69492,130.43478,122.44898,130.43478,120,95.2381,159.09091,130.43478,112.90323,133.33333,166.66667,111.11111,145.83333,137.2549,96.77419,113.20755,120.68966,171.42857,137.2549,137.2549,86.95652,125,160,122.80702,112.90323,153.84615,125,153.84615,107.69231,200,116.66667,120,130.43478,166.66667,190.47619,127.65957,90.90909,163.26531,95.2381,156.25,184.21053,130.43478,150,115.38462,109.375,187.5,145.83333,148.14815,139.53488,163.63636,100,134.61538,142.85714,120,157.89474,92.30769]},"PREVALENCE_BY_MONTH":{"X_CALENDAR_MONTH":[210205,210705,211504,211505,211802,211811,212711,213012,213212,213312,213705,213710,213904,214311,214403,215202,215612,215709,215801,215803,216109,216203,216206,216305,216401,216410,216803,217401,218607,218707,218812,219304,219604],"Y_PREVALENCE_1000PP":[109.09091,95.2381,102.94118,84.50704,100,115.38462,93.75,77.92208,82.19178,142.85714,89.55224,112.90323,126.98413,109.375,85.71429,111.11111,68.96552,90.90909,93.75,85.71429,101.44928,115.94203,88.23529,98.59155,135.59322,89.74359,109.375,100,101.44928,83.33333,75.94937,105.26316,66.66667]},"DRUG_FREQUENCY_DISTRIBUTION":{"Y_NUM_PERSONS":[5,2,1,0,0,0,0],"X_COUNT":[1,2,3,4,5,6,7]},"QUANTITY_DISTRIBUTION":{"CATEGORY":"Quantity","MIN_VALUE":0.5,"P10_VALUE":1,"P25_VALUE":1,"MEDIAN_VALUE":1,"P75_VALUE":1,"P90_VALUE":1,"MAX_VALUE":4},"REFILLS_DISTRIBUTION":{"CATEGORY":[],"MIN_VALUE":[],"P10_VALUE":[],"P25_VALUE":[],"MEDIAN_VALUE":[],"P75_VALUE":[],"P90_VALUE":[],"MAX_VALUE":[]}}
