{"AGE_AT_FIRST_EXPOSURE":{"CATEGORY":["FEMALE","MALE"],"MIN_VALUE":[16,17],"P10_VALUE":[39,38],"P25_VALUE":[54,53],"MEDIAN_VALUE":[66,64],"P75_VALUE":[79,76],"P90_VALUE":[87,84],"MAX_VALUE":[310,306]},"DAYS_SUPPLY_DISTRIBUTION":{"CATEGORY":[],"MIN_VALUE":[],"P10_VALUE":[],"P25_VALUE":[],"MEDIAN_VALUE":[],"P75_VALUE":[],"P90_VALUE":[],"MAX_VALUE":[]},"DRUGS_BY_TYPE":{"CONCEPT_NAME":"Prescription written","COUNT_VALUE":2851},"PREVALENCE_BY_GENDER_AGE_YEAR":{"TRELLIS_NAME":["60-69","60-69","60-69","50-59","60-69","50-59","50-59","60-69","60-69","60-69","50-59"],"SERIES_NAME":["MALE","MALE","MALE","MALE","MALE","MALE","MALE","MALE","MALE","MALE","MALE"],"X_CALENDAR_YEAR":[2105,2110,2112,2115,2116,2138,2143,2150,2164,2169,2189],"Y_PREVALENCE_1000PP":[100,111.11111,129.62963,139.53488,101.69492,142.85714,134.61538,93.75,92.30769,108.10811,103.44828]},"PREVALENCE_BY_MONTH":{"X_CALENDAR_MONTH":[210011,210012,210201,210502,210510,210601,211011,211111,211501,211504,211702,211703,211812,212410,212512,212902,212910,213202,213302,213312,213401,213502,213701,213710,213802,214301,215011,215210,215310,215401,215709,216410,216901,216911,217302,217501,217610,218009,218011,218110,218410,218411,218412,218501,218511,218712,218901,219412,219610,219611,220102],"Y_PREVALENCE_1000PP":[115.38462,115.38462,109.09091,89.55224,132.07547,90.90909,173.07692,86.95652,101.26582,88.23529,114.28571,89.55224,89.55224,89.55224,140,111.11111,89.55224,82.19178,98.59155,107.14286,114.7541,112.90323,107.14286,96.77419,116.66667,109.375,89.55224,86.95652,85.71429,112.5,90.90909,76.92308,106.66667,93.75,95.2381,122.80702,90.90909,115.38462,86.95652,81.08108,74.07407,116.66667,101.69492,109.375,125,90.90909,130.43478,120,83.33333,90.90909,86.95652]},"DRUG_FREQUENCY_DISTRIBUTION":{"Y_NUM_PERSONS":[4,1,0,0,0],"X_COUNT":[1,2,3,4,5]},"QUANTITY_DISTRIBUTION":{"CATEGORY":"Quantity","MIN_VALUE":1,"P10_VALUE":1,"P25_VALUE":1,"MEDIAN_VALUE":1,"P75_VALUE":1,"P90_VALUE":1,"MAX_VALUE":1},"REFILLS_DISTRIBUTION":{"CATEGORY":[],"MIN_VALUE":[],"P10_VALUE":[],"P25_VALUE":[],"MEDIAN_VALUE":[],"P75_VALUE":[],"P90_VALUE":[],"MAX_VALUE":[]}}
