{"AGE_AT_FIRST_EXPOSURE":{"CATEGORY":["FEMALE","MALE"],"MIN_VALUE":[24,15],"P10_VALUE":[50,50],"P25_VALUE":[63,60],"MEDIAN_VALUE":[72,69],"P75_VALUE":[79,78],"P90_VALUE":[85,83],"MAX_VALUE":[302,302]},"DAYS_SUPPLY_DISTRIBUTION":{"CATEGORY":[],"MIN_VALUE":[],"P10_VALUE":[],"P25_VALUE":[],"MEDIAN_VALUE":[],"P75_VALUE":[],"P90_VALUE":[],"MAX_VALUE":[]},"DRUGS_BY_TYPE":{"CONCEPT_NAME":"Inpatient administration","COUNT_VALUE":137429},"PREVALENCE_BY_GENDER_AGE_YEAR":{"TRELLIS_NAME":["60-69","60-69","60-69","70-79","60-69","60-69","50-59","70-79","70-79","70-79"],"SERIES_NAME":["MALE","MALE","MALE","MALE","MALE","MALE","MALE","MALE","MALE","MALE"],"X_CALENDAR_YEAR":[2112,2114,2121,2139,2151,2164,2166,2180,2192,2196],"Y_PREVALENCE_1000PP":[111.11111,78.94737,95.2381,105.26316,97.22222,92.30769,120,114.7541,101.69492,117.64706]},"PREVALENCE_BY_MONTH":{"X_CALENDAR_MONTH":[217408,218704],"Y_PREVALENCE_1000PP":[81.08108,101.69492]},"DRUG_FREQUENCY_DISTRIBUTION":{"Y_NUM_PERSONS":[3,3,3,3,3,2,2,2,2,2,2,2,2,2,2,2,2,2,2,2,2,2,2,2,2,2,2,2,2,2,2,2,2,2,2,2,2,2,2,2,2,2,2,2,2,2,2,2,2,2,1,1,1,1,1,1,1,1,1,1,1,1,1,1,1,1,1,1,1,1,1,1,1,1,1,1,1,1,1,1,1,1,1,1,1,1,1,1,1,1,1,1,1,1,1,1,1,1,1,1,1,1,1,1,1,1,1,1,1,1,1,1,1,1,1,1,1,1,1,1,1,1,1,1,1,1,1,1,1,1,1,1,1,1,1,1,1,1,1,1,1,1,1,1,1,1,1,1,1,1,1,1,1,1,1,1,1,1,1,1,1,1,0,0,0,0,0,0,0,0,0,0,0,0,0,0,0,0,0,0,0,0,0,0,0,0,0,0,0,0,0,0,0,0,0,0,0,0,0,0,0,0,0,0,0,0,0,0,0,0,0,0,0,0,0,0,0,0,0,0,0,0,0,0,0,0,0,0,0,0,0,0,0,0,0,0,0,0,0,0,0,0,0,0,0,0,0,0,0,0,0,0,0,0,0,0,0,0,0,0,0,0,0,0,0,0,0,0,0,0,0,0,0,0,0,0,0,0,0,0,0,0,0,0,0,0,0,0,0,0,0,0,0,0,0,0,0,0,0,0,0,0,0,0,0,0,0,0,0,0,0,0,0,0,0,0,0,0,0,0,0,0,0,0,0,0,0,0,0,0,0],"X_COUNT":[1,2,3,4,5,6,7,8,9,10,11,12,13,14,15,16,17,18,19,20,21,22,23,24,25,26,27,28,29,30,31,32,33,34,35,36,37,38,39,40,41,42,43,44,45,46,47,48,49,50,51,52,53,54,55,56,57,58,59,60,61,62,63,64,65,66,67,68,69,70,71,72,73,74,75,76,77,78,79,80,81,82,83,84,85,86,87,88,89,90,91,92,93,94,95,97,98,99,100,101,102,103,104,105,106,107,108,109,110,111,112,113,114,116,117,118,119,120,121,122,123,124,125,126,127,128,129,130,131,132,133,134,135,136,137,138,139,140,141,143,144,145,148,149,150,151,152,153,155,156,157,160,162,164,165,166,167,168,169,170,171,172,173,174,175,176,177,178,180,182,183,184,187,188,189,190,193,194,196,197,198,199,200,201,202,203,206,207,209,210,211,212,213,215,216,217,218,224,225,229,230,232,233,235,236,238,239,241,243,244,246,247,250,251,252,254,261,262,264,267,270,271,272,273,277,278,280,282,285,286,289,290,291,293,294,295,298,299,302,303,304,306,308,310,325,326,327,328,329,330,335,336,338,339,340,341,342,345,346,349,350,353,354,357,358,361,363,366,370,374,376,379,381,382,386,390,398,401,403,407,408,410,412,414,419,422,425,427,429,430,448,460,462,467,474,481,482,491,495,496,501,502,505,514,516,517,524,525,527,544,560,565,566,567,578,579,589,592,608,609,615,627,630,634,664,702,717,737,757,785,891]},"QUANTITY_DISTRIBUTION":{"CATEGORY":"Quantity","MIN_VALUE":0,"P10_VALUE":0.125,"P25_VALUE":0.25,"MEDIAN_VALUE":0.5,"P75_VALUE":1.0635000229,"P90_VALUE":2.1780000687,"MAX_VALUE":58.8235341176},"REFILLS_DISTRIBUTION":{"CATEGORY":[],"MIN_VALUE":[],"P10_VALUE":[],"P25_VALUE":[],"MEDIAN_VALUE":[],"P75_VALUE":[],"P90_VALUE":[],"MAX_VALUE":[]}}
