{"AGE_AT_FIRST_EXPOSURE":{"CATEGORY":["FEMALE","MALE"],"MIN_VALUE":[16,17],"P10_VALUE":[38,33],"P25_VALUE":[52,50],"MEDIAN_VALUE":[65,62],"P75_VALUE":[76,73],"P90_VALUE":[84,81],"MAX_VALUE":[302,300]},"DAYS_SUPPLY_DISTRIBUTION":{"CATEGORY":[],"MIN_VALUE":[],"P10_VALUE":[],"P25_VALUE":[],"MEDIAN_VALUE":[],"P75_VALUE":[],"P90_VALUE":[],"MAX_VALUE":[]},"DRUGS_BY_TYPE":{"CONCEPT_NAME":"Prescription written","COUNT_VALUE":2515},"PREVALENCE_BY_GENDER_AGE_YEAR":{"TRELLIS_NAME":["60-69","60-69","60-69","70-79","50-59","60-69","50-59","60-69","50-59","70-79"],"SERIES_NAME":["MALE","MALE","MALE","MALE","MALE","FEMALE","MALE","MALE","MALE","MALE"],"X_CALENDAR_YEAR":[2110,2115,2121,2135,2144,2154,2154,2169,2169,2180],"Y_PREVALENCE_1000PP":[111.11111,100,95.2381,122.44898,133.33333,133.33333,162.7907,81.08108,130.43478,98.36066]},"PREVALENCE_BY_MONTH":{"X_CALENDAR_MONTH":[213312,213512,213807,214208,215406,215604,215705,215905,216608,217509],"Y_PREVALENCE_1000PP":[107.14286,95.2381,78.94737,76.92308,81.08108,111.11111,88.23529,123.07692,103.44828,97.22222]},"DRUG_FREQUENCY_DISTRIBUTION":{"Y_NUM_PERSONS":[4,1,0,0,0,0],"X_COUNT":[1,2,3,4,5,6]},"QUANTITY_DISTRIBUTION":{"CATEGORY":"Quantity","MIN_VALUE":0,"P10_VALUE":1,"P25_VALUE":1,"MEDIAN_VALUE":1,"P75_VALUE":1,"P90_VALUE":1,"MAX_VALUE":6},"REFILLS_DISTRIBUTION":{"CATEGORY":[],"MIN_VALUE":[],"P10_VALUE":[],"P25_VALUE":[],"MEDIAN_VALUE":[],"P75_VALUE":[],"P90_VALUE":[],"MAX_VALUE":[]}}
