{"AGE_AT_FIRST_EXPOSURE":{"CATEGORY":["MALE","FEMALE"],"MIN_VALUE":[0,0],"P10_VALUE":[41,40],"P25_VALUE":[53,54],"MEDIAN_VALUE":[65,69],"P75_VALUE":[77,81],"P90_VALUE":[85,88],"MAX_VALUE":[310,305]},"DAYS_SUPPLY_DISTRIBUTION":{"CATEGORY":[],"MIN_VALUE":[],"P10_VALUE":[],"P25_VALUE":[],"MEDIAN_VALUE":[],"P75_VALUE":[],"P90_VALUE":[],"MAX_VALUE":[]},"DRUGS_BY_TYPE":{"CONCEPT_NAME":"Prescription written","COUNT_VALUE":2135},"PREVALENCE_BY_GENDER_AGE_YEAR":{"TRELLIS_NAME":["60-69","60-69","50-59","60-69","40-49","60-69","70-79","60-69","80-89","60-69","70-79","60-69","60-69"],"SERIES_NAME":["MALE","MALE","MALE","MALE","FEMALE","MALE","MALE","MALE","MALE","MALE","FEMALE","FEMALE","MALE"],"X_CALENDAR_YEAR":[2140,2151,2153,2160,2168,2168,2169,2169,2183,2183,2184,2197,2200],"Y_PREVALENCE_1000PP":[96.77419,83.33333,111.11111,101.44928,250,107.14286,166.66667,81.08108,162.16216,122.44898,166.66667,153.84615,115.94203]},"PREVALENCE_BY_MONTH":{"X_CALENDAR_MONTH":[216005,216210,216410,217501,218302,218508,219806],"Y_PREVALENCE_1000PP":[102.94118,105.26316,76.92308,105.26316,93.75,81.08108,109.09091]},"DRUG_FREQUENCY_DISTRIBUTION":{"Y_NUM_PERSONS":[4,1,0,0,0,0],"X_COUNT":[1,2,3,4,5,6]},"QUANTITY_DISTRIBUTION":{"CATEGORY":"Quantity","MIN_VALUE":0.1667,"P10_VALUE":0.1667,"P25_VALUE":0.3333,"MEDIAN_VALUE":0.3333,"P75_VALUE":1,"P90_VALUE":1,"MAX_VALUE":2},"REFILLS_DISTRIBUTION":{"CATEGORY":[],"MIN_VALUE":[],"P10_VALUE":[],"P25_VALUE":[],"MEDIAN_VALUE":[],"P75_VALUE":[],"P90_VALUE":[],"MAX_VALUE":[]}}
