{"AGE_AT_FIRST_EXPOSURE":{"CATEGORY":["FEMALE","MALE"],"MIN_VALUE":[0,0],"P10_VALUE":[35,44],"P25_VALUE":[55,56],"MEDIAN_VALUE":[70,65],"P75_VALUE":[79,74],"P90_VALUE":[84,80],"MAX_VALUE":[300,300]},"DAYS_SUPPLY_DISTRIBUTION":{"CATEGORY":[],"MIN_VALUE":[],"P10_VALUE":[],"P25_VALUE":[],"MEDIAN_VALUE":[],"P75_VALUE":[],"P90_VALUE":[],"MAX_VALUE":[]},"DRUGS_BY_TYPE":{"CONCEPT_NAME":"Prescription written","COUNT_VALUE":2292},"PREVALENCE_BY_GENDER_AGE_YEAR":{"TRELLIS_NAME":["70-79","70-79","60-69","60-69","60-69","60-69","60-69","60-69","50-59","60-69","60-69","70-79","60-69","60-69","70-79","60-69","50-59","50-59","60-69","70-79","70-79","60-69","70-79","50-59","70-79","60-69","60-69","70-79","50-59","70-79","70-79","60-69","70-79","70-79"],"SERIES_NAME":["MALE","MALE","MALE","MALE","MALE","MALE","MALE","MALE","MALE","MALE","MALE","MALE","MALE","MALE","MALE","MALE","MALE","MALE","MALE","MALE","MALE","MALE","MALE","MALE","MALE","MALE","MALE","MALE","MALE","MALE","MALE","MALE","FEMALE","MALE"],"X_CALENDAR_YEAR":[2111,2117,2119,2126,2132,2133,2136,2138,2139,2143,2145,2148,2150,2151,2153,2156,2157,2159,2161,2162,2163,2165,2166,2166,2167,2175,2182,2184,2187,2187,2188,2188,2194,2195],"Y_PREVALENCE_1000PP":[125,136.36364,89.55224,95.89041,101.69492,88.23529,98.36066,88.23529,137.2549,95.2381,120.68966,134.61538,93.75,97.22222,129.03226,137.93103,117.64706,136.36364,140.35088,157.89474,107.69231,100,93.75,140,100,90.90909,98.36066,115.38462,93.75,150,111.11111,125,162.16216,132.07547]},"PREVALENCE_BY_MONTH":{"X_CALENDAR_MONTH":[213305,213910,216203,216702,216708,216807],"Y_PREVALENCE_1000PP":[68.18182,95.2381,86.95652,114.7541,92.30769,83.33333]},"DRUG_FREQUENCY_DISTRIBUTION":{"Y_NUM_PERSONS":[4,1,0,0,0],"X_COUNT":[1,2,3,4,5]},"QUANTITY_DISTRIBUTION":{"CATEGORY":"Quantity","MIN_VALUE":0,"P10_VALUE":1,"P25_VALUE":1,"MEDIAN_VALUE":1,"P75_VALUE":1,"P90_VALUE":1,"MAX_VALUE":10},"REFILLS_DISTRIBUTION":{"CATEGORY":[],"MIN_VALUE":[],"P10_VALUE":[],"P25_VALUE":[],"MEDIAN_VALUE":[],"P75_VALUE":[],"P90_VALUE":[],"MAX_VALUE":[]}}
