{"AGE_AT_FIRST_EXPOSURE":{"CATEGORY":["MALE","FEMALE"],"MIN_VALUE":[0,0],"P10_VALUE":[48,50],"P25_VALUE":[61,62],"MEDIAN_VALUE":[71,75],"P75_VALUE":[80,83],"P90_VALUE":[86,88],"MAX_VALUE":[301,302]},"DAYS_SUPPLY_DISTRIBUTION":{"CATEGORY":[],"MIN_VALUE":[],"P10_VALUE":[],"P25_VALUE":[],"MEDIAN_VALUE":[],"P75_VALUE":[],"P90_VALUE":[],"MAX_VALUE":[]},"DRUGS_BY_TYPE":{"CONCEPT_NAME":"Inpatient administration","COUNT_VALUE":70314},"PREVALENCE_BY_GENDER_AGE_YEAR":{"TRELLIS_NAME":["70-79","70-79"],"SERIES_NAME":["MALE","MALE"],"X_CALENDAR_YEAR":[2166,2181],"Y_PREVALENCE_1000PP":[93.75,120]},"PREVALENCE_BY_MONTH":{"X_CALENDAR_MONTH":216602,"Y_PREVALENCE_1000PP":90.90909},"DRUG_FREQUENCY_DISTRIBUTION":{"Y_NUM_PERSONS":[2,2,2,2,2,2,2,2,2,2,2,1,1,1,1,1,1,1,1,1,1,1,1,1,1,1,1,1,1,1,1,1,1,1,1,1,1,1,1,1,1,1,1,1,1,1,1,1,1,1,1,1,1,1,1,1,1,1,1,1,1,1,1,1,1,1,1,1,1,1,1,1,1,1,1,1,1,1,1,1,1,1,1,1,1,1,1,1,1,1,1,1,0,0,0,0,0,0,0,0,0,0,0,0,0,0,0,0,0,0,0,0,0,0,0,0,0,0,0,0,0,0,0,0,0,0,0,0,0,0,0,0,0,0,0,0,0,0,0,0,0,0,0,0,0,0,0,0,0,0,0,0,0,0,0,0,0,0,0,0,0,0,0,0,0,0,0,0,0,0,0,0,0,0,0,0,0,0,0,0,0,0,0,0,0,0,0,0,0,0,0,0,0,0,0,0,0,0,0,0,0,0,0,0,0,0,0,0,0,0,0,0,0,0,0,0,0,0,0,0,0,0,0,0,0,0,0,0,0,0,0,0,0,0,0,0,0,0,0,0,0],"X_COUNT":[1,2,3,4,5,6,7,8,9,10,11,12,13,14,15,16,17,18,19,20,21,22,23,24,25,26,27,28,29,30,31,32,33,34,35,36,37,38,39,40,41,42,43,44,45,46,47,48,49,50,51,52,53,54,55,56,57,58,59,60,61,62,63,64,65,66,67,68,69,70,71,72,73,74,75,76,77,78,79,80,81,82,83,84,85,86,88,89,90,91,92,93,94,95,96,97,98,99,100,101,102,103,104,106,107,108,109,112,113,114,115,116,117,118,119,120,122,123,124,126,127,128,129,130,131,137,138,139,140,142,143,144,145,146,147,148,150,151,152,153,154,155,156,157,159,160,161,162,163,166,168,169,171,172,173,175,176,177,180,181,182,184,185,186,187,188,189,191,192,193,196,197,198,200,201,202,204,208,210,211,213,214,217,218,219,220,222,225,226,228,230,232,236,240,241,242,244,248,250,253,264,265,277,279,284,285,290,291,294,302,304,309,314,327,342,343,367,370,383,387,395,401,405,411,414,415,418,422,427,434,438,440,441,447,457,476,477,519,523,552,579]},"QUANTITY_DISTRIBUTION":{"CATEGORY":"Quantity","MIN_VALUE":0,"P10_VALUE":0.9999927591,"P25_VALUE":2.5,"MEDIAN_VALUE":5,"P75_VALUE":13.1400003433,"P90_VALUE":29.3040027618,"MAX_VALUE":979.1999511719},"REFILLS_DISTRIBUTION":{"CATEGORY":[],"MIN_VALUE":[],"P10_VALUE":[],"P25_VALUE":[],"MEDIAN_VALUE":[],"P75_VALUE":[],"P90_VALUE":[],"MAX_VALUE":[]}}
