{"AGE_AT_FIRST_EXPOSURE":{"CATEGORY":["FEMALE","MALE"],"MIN_VALUE":[15,17],"P10_VALUE":[37,35],"P25_VALUE":[52,48],"MEDIAN_VALUE":[67,62],"P75_VALUE":[80,75],"P90_VALUE":[87,84],"MAX_VALUE":[309,308]},"DAYS_SUPPLY_DISTRIBUTION":{"CATEGORY":[],"MIN_VALUE":[],"P10_VALUE":[],"P25_VALUE":[],"MEDIAN_VALUE":[],"P75_VALUE":[],"P90_VALUE":[],"MAX_VALUE":[]},"DRUGS_BY_TYPE":{"CONCEPT_NAME":"Prescription written","COUNT_VALUE":4455},"PREVALENCE_BY_GENDER_AGE_YEAR":{"TRELLIS_NAME":["60-69","80-89","60-69","50-59","50-59","50-59","60-69","70-79","60-69","60-69","60-69","70-79","60-69","60-69","50-59","60-69","70-79","80-89","60-69","60-69","70-79","50-59","50-59","80-89","70-79","80-89","70-79","60-69","50-59","70-79","50-59","60-69","80-89","70-79","60-69","80-89","70-79","70-79","60-69","70-79","70-79","50-59","50-59","60-69","40-49","60-69","60-69","50-59","50-59","60-69","60-69","60-69","70-79","60-69","70-79","80-89","60-69","50-59","70-79","60-69","70-79","60-69","50-59","50-59","60-69","70-79","70-79"],"SERIES_NAME":["FEMALE","FEMALE","MALE","MALE","MALE","MALE","FEMALE","MALE","MALE","MALE","FEMALE","MALE","FEMALE","FEMALE","MALE","MALE","FEMALE","FEMALE","MALE","MALE","FEMALE","FEMALE","MALE","FEMALE","FEMALE","MALE","MALE","MALE","FEMALE","MALE","MALE","FEMALE","FEMALE","FEMALE","FEMALE","FEMALE","MALE","FEMALE","MALE","MALE","FEMALE","MALE","MALE","MALE","MALE","FEMALE","MALE","MALE","MALE","MALE","FEMALE","MALE","FEMALE","FEMALE","FEMALE","MALE","FEMALE","MALE","MALE","MALE","FEMALE","MALE","FEMALE","MALE","FEMALE","MALE","MALE"],"X_CALENDAR_YEAR":[2108,2108,2108,2109,2111,2112,2114,2114,2119,2120,2120,2120,2121,2122,2122,2124,2125,2125,2125,2126,2127,2129,2129,2130,2131,2132,2137,2139,2140,2142,2142,2142,2143,2145,2149,2151,2152,2153,2153,2154,2154,2154,2155,2156,2159,2159,2161,2161,2164,2165,2165,2167,2169,2170,2173,2173,2176,2178,2178,2179,2181,2185,2189,2190,2192,2200,2201],"Y_PREVALENCE_1000PP":[142.85714,139.53488,107.14286,103.44828,115.38462,109.09091,142.85714,140,104.47761,134.61538,125,157.89474,183.67347,146.34146,125,81.08108,125,153.84615,129.62963,82.19178,120.68966,162.16216,136.36364,127.65957,146.34146,152.17391,140,101.69492,187.5,113.20755,120,171.42857,153.84615,142.85714,240,145.83333,142.85714,132.07547,105.26316,142.85714,180,162.7907,166.66667,120.68966,175,142.85714,122.80702,130.43478,117.64706,100,139.53488,170.73171,157.89474,222.22222,111.11111,176.47059,175,145.83333,96.77419,109.09091,166.66667,156.25,193.54839,181.81818,181.81818,92.30769,162.16216]},"PREVALENCE_BY_MONTH":{"X_CALENDAR_MONTH":[210101,210203,210803,210806,211202,211211,211510,211902,211903,211905,211909,212003,212110,212205,212302,212501,212502,212505,212510,212703,212807,212901,212903,213110,213204,213209,213306,213704,213708,214008,214206,214302,214406,214407,214602,214811,215105,215202,215302,215304,215404,215405,215509,216201,216402,216606,216903,217210,217311,217405,217406,217410,217603,217709,217810,217811,217905,218103,218106,218503,218505,218708,218712,219003,219005,219105,219802,220012],"Y_PREVALENCE_1000PP":[90.90909,94.59459,101.69492,109.58904,85.71429,103.44828,82.19178,98.59155,95.2381,130.43478,80,109.375,90.90909,106.06061,100,111.11111,102.94118,115.94203,100,114.7541,92.10526,115.94203,75.94937,90.90909,81.08108,87.5,84.50704,128.20513,109.58904,82.19178,92.10526,105.26316,101.69492,102.94118,125,92.30769,120.68966,148.14815,93.33333,86.95652,107.69231,81.08108,92.30769,96.77419,103.44828,84.50704,122.80702,85.71429,114.28571,81.08108,103.44828,96.77419,105.26316,95.89041,129.03226,101.69492,82.19178,92.30769,98.36066,90.90909,86.95652,109.58904,90.90909,89.55224,82.19178,150,103.44828,92.30769]},"DRUG_FREQUENCY_DISTRIBUTION":{"Y_NUM_PERSONS":[7,2,1,0,0,0,0,0],"X_COUNT":[1,2,3,4,5,6,7,8]},"QUANTITY_DISTRIBUTION":{"CATEGORY":"Quantity","MIN_VALUE":-1,"P10_VALUE":1,"P25_VALUE":2,"MEDIAN_VALUE":2,"P75_VALUE":2,"P90_VALUE":2,"MAX_VALUE":2},"REFILLS_DISTRIBUTION":{"CATEGORY":[],"MIN_VALUE":[],"P10_VALUE":[],"P25_VALUE":[],"MEDIAN_VALUE":[],"P75_VALUE":[],"P90_VALUE":[],"MAX_VALUE":[]}}
