{"AGE_AT_FIRST_EXPOSURE":{"CATEGORY":["MALE","FEMALE"],"MIN_VALUE":[18,16],"P10_VALUE":[41,42],"P25_VALUE":[51,55],"MEDIAN_VALUE":[62,68],"P75_VALUE":[74,79],"P90_VALUE":[83,87],"MAX_VALUE":[307,310]},"DAYS_SUPPLY_DISTRIBUTION":{"CATEGORY":[],"MIN_VALUE":[],"P10_VALUE":[],"P25_VALUE":[],"MEDIAN_VALUE":[],"P75_VALUE":[],"P90_VALUE":[],"MAX_VALUE":[]},"DRUGS_BY_TYPE":{"CONCEPT_NAME":"Prescription written","COUNT_VALUE":2838},"PREVALENCE_BY_GENDER_AGE_YEAR":{"TRELLIS_NAME":["70-79","80-89","50-59","60-69","50-59","60-69","70-79","40-49","50-59","60-69"],"SERIES_NAME":["FEMALE","FEMALE","FEMALE","FEMALE","MALE","MALE","FEMALE","MALE","MALE","MALE"],"X_CALENDAR_YEAR":[2102,2113,2124,2136,2146,2153,2154,2178,2187,2196],"Y_PREVALENCE_1000PP":[146.34146,153.84615,240,171.42857,115.38462,105.26316,120,176.47059,125,100]},"PREVALENCE_BY_MONTH":{"X_CALENDAR_MONTH":[211108,211201,212205,212403,213606,214810,215810,217405,217808,218902],"Y_PREVALENCE_1000PP":[90.90909,107.14286,90.90909,81.08108,95.89041,98.36066,96.77419,81.08108,76.92308,102.94118]},"DRUG_FREQUENCY_DISTRIBUTION":{"Y_NUM_PERSONS":[4,1,0,0,0,0,0,0,0],"X_COUNT":[1,2,3,4,5,6,7,8,9]},"QUANTITY_DISTRIBUTION":{"CATEGORY":"Quantity","MIN_VALUE":0.5,"P10_VALUE":1,"P25_VALUE":1,"MEDIAN_VALUE":1,"P75_VALUE":1,"P90_VALUE":2,"MAX_VALUE":10},"REFILLS_DISTRIBUTION":{"CATEGORY":[],"MIN_VALUE":[],"P10_VALUE":[],"P25_VALUE":[],"MEDIAN_VALUE":[],"P75_VALUE":[],"P90_VALUE":[],"MAX_VALUE":[]}}
