{"AGE_AT_FIRST_EXPOSURE":{"CATEGORY":["MALE","FEMALE"],"MIN_VALUE":[27,28],"P10_VALUE":[53,55],"P25_VALUE":[59,63],"MEDIAN_VALUE":[67,73],"P75_VALUE":[77,82],"P90_VALUE":[85,88],"MAX_VALUE":[306,308]},"DAYS_SUPPLY_DISTRIBUTION":{"CATEGORY":[],"MIN_VALUE":[],"P10_VALUE":[],"P25_VALUE":[],"MEDIAN_VALUE":[],"P75_VALUE":[],"P90_VALUE":[],"MAX_VALUE":[]},"DRUGS_BY_TYPE":{"CONCEPT_NAME":"Prescription written","COUNT_VALUE":1644},"PREVALENCE_BY_GENDER_AGE_YEAR":{"TRELLIS_NAME":["60-69","50-59","70-79","80-89","60-69","60-69"],"SERIES_NAME":["MALE","MALE","MALE","FEMALE","MALE","MALE"],"X_CALENDAR_YEAR":[2132,2156,2173,2186,2192,2198],"Y_PREVALENCE_1000PP":[101.69492,127.65957,142.85714,187.5,100,98.36066]},"PREVALENCE_BY_MONTH":{"X_CALENDAR_MONTH":[211112,212203,212403,212412,212511,213201,213202,214512,214611,215411,215412,215612,215812,216612,217012,218102,218902,219401,219910,220101,220102],"Y_PREVALENCE_1000PP":[100,127.27273,81.08108,96.77419,100,94.11765,95.89041,115.94203,93.75,103.44828,109.09091,114.94253,89.55224,74.07407,117.64706,127.27273,88.23529,108.10811,119.40299,89.55224,86.95652]},"DRUG_FREQUENCY_DISTRIBUTION":{"Y_NUM_PERSONS":[3,0,0,0],"X_COUNT":[1,2,3,4]},"QUANTITY_DISTRIBUTION":{"CATEGORY":"Quantity","MIN_VALUE":1,"P10_VALUE":1,"P25_VALUE":1,"MEDIAN_VALUE":1,"P75_VALUE":1,"P90_VALUE":1,"MAX_VALUE":1},"REFILLS_DISTRIBUTION":{"CATEGORY":[],"MIN_VALUE":[],"P10_VALUE":[],"P25_VALUE":[],"MEDIAN_VALUE":[],"P75_VALUE":[],"P90_VALUE":[],"MAX_VALUE":[]}}
