{"AGE_AT_FIRST_EXPOSURE":{"CATEGORY":["MALE","FEMALE"],"MIN_VALUE":[0,0],"P10_VALUE":[40,40],"P25_VALUE":[52,52],"MEDIAN_VALUE":[63,66],"P75_VALUE":[75,77],"P90_VALUE":[82,84],"MAX_VALUE":[310,307]},"DAYS_SUPPLY_DISTRIBUTION":{"CATEGORY":[],"MIN_VALUE":[],"P10_VALUE":[],"P25_VALUE":[],"MEDIAN_VALUE":[],"P75_VALUE":[],"P90_VALUE":[],"MAX_VALUE":[]},"DRUGS_BY_TYPE":{"CONCEPT_NAME":"Prescription written","COUNT_VALUE":4477},"PREVALENCE_BY_GENDER_AGE_YEAR":{"TRELLIS_NAME":["60-69","40-49","60-69","70-79","50-59","70-79","70-79","50-59","80-89","60-69","50-59","60-69","60-69","70-79","60-69","70-79","70-79","60-69","70-79","50-59","60-69","70-79","60-69","70-79","60-69","70-79","80-89","50-59","50-59","60-69","70-79","60-69","40-49","40-49","50-59","60-69","50-59","70-79","60-69","70-79","50-59","70-79","60-69","60-69","60-69","80-89","60-69","40-49","60-69","50-59","50-59","70-79","50-59","60-69","60-69","50-59","50-59","60-69","70-79","60-69","50-59","70-79","60-69","60-69","70-79","50-59","60-69","70-79","60-69","60-69","60-69","60-69","60-69","50-59","50-59","60-69","80-89","60-69","70-79","50-59","70-79","70-79","60-69","70-79","50-59","70-79","60-69","60-69","60-69","40-49","60-69","60-69"],"SERIES_NAME":["FEMALE","FEMALE","FEMALE","FEMALE","MALE","FEMALE","MALE","FEMALE","FEMALE","MALE","MALE","FEMALE","MALE","FEMALE","FEMALE","FEMALE","MALE","MALE","MALE","FEMALE","MALE","FEMALE","FEMALE","FEMALE","MALE","MALE","MALE","MALE","FEMALE","FEMALE","MALE","MALE","MALE","MALE","MALE","MALE","MALE","FEMALE","MALE","MALE","MALE","MALE","MALE","FEMALE","MALE","MALE","FEMALE","MALE","MALE","MALE","MALE","FEMALE","FEMALE","MALE","FEMALE","FEMALE","MALE","MALE","MALE","FEMALE","FEMALE","FEMALE","MALE","FEMALE","MALE","MALE","MALE","MALE","MALE","MALE","FEMALE","MALE","MALE","MALE","FEMALE","MALE","FEMALE","MALE","MALE","MALE","MALE","MALE","MALE","MALE","MALE","MALE","MALE","MALE","FEMALE","FEMALE","MALE","MALE"],"X_CALENDAR_YEAR":[2102,2103,2103,2104,2105,2107,2108,2109,2110,2112,2117,2118,2118,2122,2122,2125,2125,2126,2126,2127,2127,2128,2129,2130,2131,2132,2132,2132,2134,2136,2136,2138,2140,2141,2142,2142,2144,2144,2144,2145,2146,2148,2149,2150,2153,2153,2153,2155,2156,2157,2159,2160,2161,2163,2163,2163,2164,2165,2165,2167,2167,2168,2174,2175,2177,2178,2178,2179,2179,2181,2181,2182,2183,2183,2183,2185,2186,2187,2187,2187,2189,2191,2192,2192,2192,2194,2195,2196,2196,2197,2199,2200],"Y_PREVALENCE_1000PP":[162.16216,260.86957,153.84615,127.65957,133.33333,133.33333,111.11111,150,133.33333,129.62963,166.66667,153.84615,93.75,117.64706,170.73171,125,125,82.19178,127.27273,214.28571,130.43478,136.36364,162.16216,176.47059,106.06061,92.30769,130.43478,129.62963,181.81818,171.42857,93.75,161.76471,250,171.42857,160,115.94203,133.33333,227.27273,105.26316,96.77419,115.38462,115.38462,112.90323,187.5,105.26316,153.84615,181.81818,170.73171,103.44828,117.64706,136.36364,179.48718,176.47059,105.26316,218.75,176.47059,156.86275,100,111.11111,190.47619,166.66667,127.27273,148.93617,133.33333,95.2381,145.83333,105.26316,126.98413,127.27273,113.20755,205.88235,114.7541,142.85714,132.07547,150,125,218.75,145.45455,100,125,113.20755,117.64706,100,118.64407,109.09091,145.45455,128.57143,142.85714,130.43478,285.71429,109.09091,86.95652]},"PREVALENCE_BY_MONTH":{"X_CALENDAR_MONTH":[210106,210107,210207,210306,210307,210310,210608,210901,211412,211504,211711,211712,211805,211808,211810,212101,212201,212701,212703,212905,212911,213101,213108,213207,213305,213602,213609,213907,214003,214007,214011,214103,214110,214205,214401,214402,214403,214411,214607,214612,214710,214808,215101,215108,215308,215310,215402,215601,215606,215906,216108,216301,216409,216506,216511,216702,216710,217108,217306,217307,217503,217803,217804,217906,218003,218102,218209,218211,218212,218310,218705,218708,218710,218807,219003,219101,219205,219208,219312,219512,219601,219604,219908,220004,220006,220010],"Y_PREVALENCE_1000PP":[95.2381,111.11111,132.07547,92.30769,112.90323,86.41975,101.69492,112.90323,83.33333,88.23529,100,93.75,120.68966,89.55224,96.77419,88.23529,98.76543,105.26316,98.36066,82.19178,115.94203,109.09091,86.95652,73.17073,68.18182,89.55224,123.07692,88.23529,93.75,88.23529,85.71429,78.94737,98.36066,74.07407,80,114.28571,85.71429,101.69492,114.7541,81.08108,101.69492,92.30769,111.11111,96.77419,82.19178,85.71429,115.38462,92.10526,81.08108,114.7541,97.22222,75.94937,86.95652,101.44928,96.77419,131.14754,96.77419,137.2549,89.55224,130.43478,95.2381,75.94937,100,98.36066,88.23529,109.09091,111.11111,98.36066,95.2381,89.55224,89.55224,82.19178,104.47761,83.33333,89.55224,97.22222,100,98.36066,112.90323,112.90323,111.11111,66.66667,98.59155,71.42857,111.11111,100]},"DRUG_FREQUENCY_DISTRIBUTION":{"Y_NUM_PERSONS":[7,2,1,0,0,0,0,0],"X_COUNT":[1,2,3,4,5,6,7,8]},"QUANTITY_DISTRIBUTION":{"CATEGORY":"Quantity","MIN_VALUE":0,"P10_VALUE":1,"P25_VALUE":1,"MEDIAN_VALUE":1,"P75_VALUE":1,"P90_VALUE":1,"MAX_VALUE":4},"REFILLS_DISTRIBUTION":{"CATEGORY":[],"MIN_VALUE":[],"P10_VALUE":[],"P25_VALUE":[],"MEDIAN_VALUE":[],"P75_VALUE":[],"P90_VALUE":[],"MAX_VALUE":[]}}
