{"AGE_AT_FIRST_EXPOSURE":{"CATEGORY":["FEMALE","MALE"],"MIN_VALUE":[20,22],"P10_VALUE":[59,56],"P25_VALUE":[68,64],"MEDIAN_VALUE":[76,72],"P75_VALUE":[83,79],"P90_VALUE":[87,84],"MAX_VALUE":[303,300]},"DAYS_SUPPLY_DISTRIBUTION":{"CATEGORY":[],"MIN_VALUE":[],"P10_VALUE":[],"P25_VALUE":[],"MEDIAN_VALUE":[],"P75_VALUE":[],"P90_VALUE":[],"MAX_VALUE":[]},"DRUGS_BY_TYPE":{"CONCEPT_NAME":"Prescription written","COUNT_VALUE":3507},"PREVALENCE_BY_GENDER_AGE_YEAR":{"TRELLIS_NAME":["70-79","70-79","70-79","70-79","70-79","70-79","70-79","60-69","70-79","70-79","80-89","70-79","70-79","80-89"],"SERIES_NAME":["MALE","MALE","MALE","MALE","MALE","FEMALE","MALE","MALE","MALE","MALE","MALE","MALE","MALE","MALE"],"X_CALENDAR_YEAR":[2101,2102,2115,2116,2117,2119,2131,2151,2163,2166,2166,2177,2188,2198],"Y_PREVALENCE_1000PP":[113.20755,122.44898,95.2381,148.93617,159.09091,162.16216,140.35088,83.33333,92.30769,125,133.33333,95.2381,111.11111,181.81818]},"PREVALENCE_BY_MONTH":{"X_CALENDAR_MONTH":[213101,214209,215005,216609,217003],"Y_PREVALENCE_1000PP":[127.27273,121.21212,103.44828,131.14754,85.71429]},"DRUG_FREQUENCY_DISTRIBUTION":{"Y_NUM_PERSONS":[3,2,1,1,0,0,0,0,0,0,0],"X_COUNT":[1,2,3,4,5,6,7,8,9,10,11]},"QUANTITY_DISTRIBUTION":{"CATEGORY":"Quantity","MIN_VALUE":0.25,"P10_VALUE":1,"P25_VALUE":1,"MEDIAN_VALUE":2,"P75_VALUE":2,"P90_VALUE":2,"MAX_VALUE":5},"REFILLS_DISTRIBUTION":{"CATEGORY":[],"MIN_VALUE":[],"P10_VALUE":[],"P25_VALUE":[],"MEDIAN_VALUE":[],"P75_VALUE":[],"P90_VALUE":[],"MAX_VALUE":[]}}
