{"AGE_AT_FIRST_EXPOSURE":{"CATEGORY":["FEMALE","MALE"],"MIN_VALUE":[20,17],"P10_VALUE":[46,47],"P25_VALUE":[58,57],"MEDIAN_VALUE":[70,66],"P75_VALUE":[80,76],"P90_VALUE":[86,83],"MAX_VALUE":[308,301]},"DAYS_SUPPLY_DISTRIBUTION":{"CATEGORY":[],"MIN_VALUE":[],"P10_VALUE":[],"P25_VALUE":[],"MEDIAN_VALUE":[],"P75_VALUE":[],"P90_VALUE":[],"MAX_VALUE":[]},"DRUGS_BY_TYPE":{"CONCEPT_NAME":"Prescription written","COUNT_VALUE":3993},"PREVALENCE_BY_GENDER_AGE_YEAR":{"TRELLIS_NAME":["60-69","70-79","60-69","70-79","70-79","60-69","70-79","70-79","60-69","70-79","60-69","70-79","80-89","60-69","60-69","60-69","60-69","60-69","70-79","80-89","60-69","60-69","80-89","80-89","60-69"],"SERIES_NAME":["MALE","FEMALE","MALE","MALE","FEMALE","MALE","FEMALE","MALE","MALE","FEMALE","MALE","MALE","FEMALE","FEMALE","MALE","MALE","MALE","FEMALE","FEMALE","FEMALE","MALE","FEMALE","FEMALE","MALE","MALE"],"X_CALENDAR_YEAR":[2105,2108,2110,2117,2125,2131,2132,2146,2147,2150,2151,2158,2158,2168,2168,2173,2174,2178,2180,2180,2182,2186,2189,2189,2196],"Y_PREVALENCE_1000PP":[85.71429,127.65957,111.11111,136.36364,145.83333,90.90909,139.53488,152.54237,129.62963,162.16216,125,113.20755,127.65957,187.5,125,132.07547,127.65957,184.21053,130.43478,139.53488,98.36066,153.84615,166.66667,181.81818,100]},"PREVALENCE_BY_MONTH":{"X_CALENDAR_MONTH":[211309,212203,212908,213208,215805,216008,217703,217708,218311,219211,219504,220001,220006],"Y_PREVALENCE_1000PP":[100,109.09091,83.33333,80.45977,100,112.90323,89.55224,86.95652,86.95652,84.50704,127.27273,89.55224,111.11111]},"DRUG_FREQUENCY_DISTRIBUTION":{"Y_NUM_PERSONS":[4,2,1,1,0,0,0,0,0,0,0,0,0,0],"X_COUNT":[1,2,3,4,5,6,7,8,9,10,11,12,13,14]},"QUANTITY_DISTRIBUTION":{"CATEGORY":"Quantity","MIN_VALUE":0.12,"P10_VALUE":1,"P25_VALUE":1,"MEDIAN_VALUE":1,"P75_VALUE":2,"P90_VALUE":2,"MAX_VALUE":250},"REFILLS_DISTRIBUTION":{"CATEGORY":[],"MIN_VALUE":[],"P10_VALUE":[],"P25_VALUE":[],"MEDIAN_VALUE":[],"P75_VALUE":[],"P90_VALUE":[],"MAX_VALUE":[]}}
