{"AGE_AT_FIRST_EXPOSURE":{"CATEGORY":["FEMALE","MALE"],"MIN_VALUE":[17,15],"P10_VALUE":[43,44],"P25_VALUE":[55,54],"MEDIAN_VALUE":[68,66],"P75_VALUE":[79,77],"P90_VALUE":[86,84],"MAX_VALUE":[310,310]},"DAYS_SUPPLY_DISTRIBUTION":{"CATEGORY":[],"MIN_VALUE":[],"P10_VALUE":[],"P25_VALUE":[],"MEDIAN_VALUE":[],"P75_VALUE":[],"P90_VALUE":[],"MAX_VALUE":[]},"DRUGS_BY_TYPE":{"CONCEPT_NAME":"Prescription written","COUNT_VALUE":4281},"PREVALENCE_BY_GENDER_AGE_YEAR":{"TRELLIS_NAME":["60-69","70-79","70-79","60-69","80-89","70-79","60-69","60-69","60-69","70-79","70-79","60-69","50-59","50-59","70-79","50-59","60-69","60-69","70-79","80-89","70-79","80-89","70-79","60-69","60-69","70-79","80-89","70-79","60-69","50-59","60-69","60-69"],"SERIES_NAME":["MALE","FEMALE","MALE","MALE","FEMALE","MALE","MALE","FEMALE","MALE","MALE","MALE","MALE","MALE","MALE","MALE","MALE","MALE","MALE","MALE","MALE","MALE","MALE","FEMALE","MALE","MALE","MALE","MALE","FEMALE","MALE","FEMALE","MALE","MALE"],"X_CALENDAR_YEAR":[2105,2110,2112,2116,2120,2120,2122,2126,2127,2127,2129,2131,2141,2143,2146,2148,2151,2153,2158,2161,2163,2168,2174,2174,2179,2179,2181,2182,2186,2187,2195,2198],"Y_PREVALENCE_1000PP":[100,150,112.90323,118.64407,132.07547,184.21053,111.11111,181.81818,173.91304,103.44828,107.14286,90.90909,117.64706,115.38462,101.69492,115.38462,111.11111,157.89474,113.20755,139.53488,92.30769,153.84615,111.11111,148.93617,109.09091,95.2381,162.16216,139.53488,127.65957,171.42857,85.71429,98.36066]},"PREVALENCE_BY_MONTH":{"X_CALENDAR_MONTH":[210203,210701,211602,211605,212612,212908,213109,213211,213310,214401,215103,215111,215208,215508,216704,216712,216803,217408,217802,217805,217904,218106,218501,218808,219902,220004],"Y_PREVALENCE_1000PP":[81.08108,101.69492,120,92.30769,95.2381,111.11111,86.95652,100,88.23529,80,102.94118,96.77419,89.55224,92.30769,78.94737,85.71429,93.75,108.10811,83.33333,90.90909,76.92308,98.36066,93.75,84.50704,113.20755,83.33333]},"DRUG_FREQUENCY_DISTRIBUTION":{"Y_NUM_PERSONS":[5,2,1,0,0,0,0,0,0,0],"X_COUNT":[1,2,3,4,5,6,7,8,9,10]},"QUANTITY_DISTRIBUTION":{"CATEGORY":"Quantity","MIN_VALUE":0,"P10_VALUE":2,"P25_VALUE":2,"MEDIAN_VALUE":5,"P75_VALUE":5,"P90_VALUE":5,"MAX_VALUE":14.95},"REFILLS_DISTRIBUTION":{"CATEGORY":[],"MIN_VALUE":[],"P10_VALUE":[],"P25_VALUE":[],"MEDIAN_VALUE":[],"P75_VALUE":[],"P90_VALUE":[],"MAX_VALUE":[]}}
