{"AGE_AT_FIRST_EXPOSURE":{"CATEGORY":["MALE","FEMALE"],"MIN_VALUE":[16,20],"P10_VALUE":[44,43],"P25_VALUE":[55,55],"MEDIAN_VALUE":[65,67],"P75_VALUE":[74,77],"P90_VALUE":[80,83],"MAX_VALUE":[300,300]},"DAYS_SUPPLY_DISTRIBUTION":{"CATEGORY":[],"MIN_VALUE":[],"P10_VALUE":[],"P25_VALUE":[],"MEDIAN_VALUE":[],"P75_VALUE":[],"P90_VALUE":[],"MAX_VALUE":[]},"DRUGS_BY_TYPE":{"CONCEPT_NAME":"Prescription written","COUNT_VALUE":2342},"PREVALENCE_BY_GENDER_AGE_YEAR":{"TRELLIS_NAME":["70-79","70-79","50-59","70-79","70-79","70-79","60-69","70-79","50-59","70-79","50-59","60-69","50-59","70-79","70-79","60-69","60-69","50-59","50-59","70-79","60-69","50-59","60-69","70-79","50-59","60-69","60-69","60-69","70-79","70-79","60-69","70-79","60-69","50-59","70-79","60-69","50-59","60-69"],"SERIES_NAME":["MALE","MALE","FEMALE","MALE","MALE","MALE","MALE","MALE","MALE","MALE","MALE","MALE","MALE","MALE","MALE","MALE","MALE","MALE","MALE","MALE","MALE","MALE","MALE","MALE","MALE","MALE","MALE","MALE","MALE","MALE","MALE","MALE","MALE","MALE","MALE","MALE","MALE","MALE"],"X_CALENDAR_YEAR":[2101,2102,2103,2107,2112,2116,2119,2121,2121,2122,2126,2126,2128,2131,2132,2132,2133,2139,2140,2142,2145,2146,2151,2153,2154,2156,2161,2162,2163,2164,2165,2166,2167,2176,2188,2188,2198,2200],"Y_PREVALENCE_1000PP":[113.20755,122.44898,222.22222,107.14286,96.77419,127.65957,164.1791,162.16216,109.09091,148.93617,171.42857,109.58904,130.43478,105.26316,92.30769,101.69492,88.23529,137.2549,122.44898,113.20755,120.68966,115.38462,97.22222,96.77419,162.7907,120.68966,122.80702,96.77419,138.46154,145.83333,116.66667,93.75,170.73171,130.43478,111.11111,145.83333,103.44828,86.95652]},"PREVALENCE_BY_MONTH":{"X_CALENDAR_MONTH":[210811,211901,212504,212610,213205,213504,214102,215301,216407,216711,216810,219401,219412],"Y_PREVALENCE_1000PP":[95.2381,93.75,80,96.77419,90.90909,100,115.94203,117.64706,83.33333,101.69492,98.36066,81.08108,80]},"DRUG_FREQUENCY_DISTRIBUTION":{"Y_NUM_PERSONS":[4,1,0,0,0,0],"X_COUNT":[1,2,3,4,5,6]},"QUANTITY_DISTRIBUTION":{"CATEGORY":"Quantity","MIN_VALUE":0.02,"P10_VALUE":0.25,"P25_VALUE":0.25,"MEDIAN_VALUE":0.25,"P75_VALUE":0.25,"P90_VALUE":0.5,"MAX_VALUE":3},"REFILLS_DISTRIBUTION":{"CATEGORY":[],"MIN_VALUE":[],"P10_VALUE":[],"P25_VALUE":[],"MEDIAN_VALUE":[],"P75_VALUE":[],"P90_VALUE":[],"MAX_VALUE":[]}}
