{"AGE_AT_FIRST_EXPOSURE":{"CATEGORY":["MALE","FEMALE"],"MIN_VALUE":[16,16],"P10_VALUE":[34,36],"P25_VALUE":[47,49],"MEDIAN_VALUE":[59,63],"P75_VALUE":[72,76],"P90_VALUE":[80,84],"MAX_VALUE":[303,305]},"DAYS_SUPPLY_DISTRIBUTION":{"CATEGORY":[],"MIN_VALUE":[],"P10_VALUE":[],"P25_VALUE":[],"MEDIAN_VALUE":[],"P75_VALUE":[],"P90_VALUE":[],"MAX_VALUE":[]},"DRUGS_BY_TYPE":{"CONCEPT_NAME":"Prescription written","COUNT_VALUE":4418},"PREVALENCE_BY_GENDER_AGE_YEAR":{"TRELLIS_NAME":["50-59","50-59","70-79","50-59","50-59","50-59","40-49","50-59","70-79","60-69","60-69","50-59","40-49","70-79","40-49","40-49","50-59","60-69","80-89","60-69","70-79","60-69","50-59","50-59","50-59","60-69","50-59","60-69","50-59","50-59","60-69","60-69","60-69","50-59","70-79","40-49","60-69","60-69","70-79","60-69","50-59","50-59","60-69","60-69"],"SERIES_NAME":["MALE","FEMALE","MALE","FEMALE","MALE","MALE","MALE","FEMALE","FEMALE","MALE","FEMALE","MALE","MALE","MALE","MALE","MALE","FEMALE","MALE","FEMALE","FEMALE","FEMALE","FEMALE","MALE","MALE","FEMALE","FEMALE","FEMALE","FEMALE","MALE","MALE","FEMALE","MALE","FEMALE","MALE","MALE","MALE","FEMALE","MALE","MALE","FEMALE","FEMALE","MALE","FEMALE","FEMALE"],"X_CALENDAR_YEAR":[2106,2109,2112,2114,2117,2118,2122,2123,2127,2131,2132,2132,2132,2133,2134,2136,2137,2138,2142,2142,2144,2148,2148,2150,2150,2154,2157,2157,2161,2163,2163,2164,2165,2169,2169,2175,2179,2187,2187,2189,2191,2192,2195,2199],"Y_PREVALENCE_1000PP":[112.90323,150,112.90323,218.75,142.85714,129.03226,181.81818,184.21053,120.68966,106.06061,155.55556,111.11111,171.42857,111.11111,285.71429,216.21622,176.47059,88.23529,127.65957,171.42857,136.36364,159.09091,153.84615,177.77778,171.42857,133.33333,176.47059,162.7907,130.43478,222.22222,187.5,92.30769,139.53488,173.91304,145.83333,187.5,217.3913,109.09091,116.66667,133.33333,214.28571,109.09091,171.42857,214.28571]},"PREVALENCE_BY_MONTH":{"X_CALENDAR_MONTH":[210202,210307,210310,210312,210602,210612,210802,211101,211204,211508,211612,211707,211812,212004,212011,212108,212110,212112,212202,212204,212212,212301,212303,212304,212602,212702,212712,212802,212807,213002,213110,213112,213201,213204,213206,213209,213304,213402,213609,213711,213801,213811,213902,214203,214207,214208,214209,214211,214501,214805,214806,214807,214812,215101,215302,215601,215905,216102,216103,216204,216302,216703,216808,217003,217110,217210,217212,217404,217803,217902,217911,218412,218801,219009,219101,219102,219404,219712,220005],"Y_PREVALENCE_1000PP":[137.2549,96.77419,74.07407,175.4386,93.75,109.09091,117.64706,129.03226,96.77419,103.44828,169.23077,84.50704,89.55224,93.75,93.75,98.36066,106.06061,94.59459,86.95652,88.23529,95.2381,129.03226,129.03226,80,113.20755,134.61538,92.30769,107.14286,78.94737,90.90909,106.06061,95.89041,82.35294,108.10811,82.19178,100,75.94937,122.80702,107.69231,107.14286,127.27273,125,113.20755,122.80702,74.07407,76.92308,106.06061,107.69231,111.11111,84.33735,115.38462,90.90909,84.50704,95.2381,106.66667,78.94737,107.69231,100,82.19178,89.55224,112.90323,92.30769,75,85.71429,77.92208,85.71429,113.20755,105.26316,88.60759,92.30769,80,101.69492,95.2381,78.94737,97.22222,92.30769,103.44828,98.36066,83.33333]},"DRUG_FREQUENCY_DISTRIBUTION":{"Y_NUM_PERSONS":[6,2,1,0,0,0,0,0,0,0],"X_COUNT":[1,2,3,4,5,6,7,8,9,10]},"QUANTITY_DISTRIBUTION":{"CATEGORY":"Quantity","MIN_VALUE":0.36,"P10_VALUE":1,"P25_VALUE":1,"MEDIAN_VALUE":1,"P75_VALUE":1,"P90_VALUE":1,"MAX_VALUE":8},"REFILLS_DISTRIBUTION":{"CATEGORY":[],"MIN_VALUE":[],"P10_VALUE":[],"P25_VALUE":[],"MEDIAN_VALUE":[],"P75_VALUE":[],"P90_VALUE":[],"MAX_VALUE":[]}}
