{"AGE_AT_FIRST_EXPOSURE":{"CATEGORY":["FEMALE","MALE"],"MIN_VALUE":[19,21],"P10_VALUE":[55,55],"P25_VALUE":[65,62],"MEDIAN_VALUE":[74,70],"P75_VALUE":[83,80],"P90_VALUE":[300,86],"MAX_VALUE":[303,306]},"DAYS_SUPPLY_DISTRIBUTION":{"CATEGORY":[],"MIN_VALUE":[],"P10_VALUE":[],"P25_VALUE":[],"MEDIAN_VALUE":[],"P75_VALUE":[],"P90_VALUE":[],"MAX_VALUE":[]},"DRUGS_BY_TYPE":{"CONCEPT_NAME":"Prescription written","COUNT_VALUE":2048},"PREVALENCE_BY_GENDER_AGE_YEAR":{"TRELLIS_NAME":["60-69","70-79","70-79","60-69","50-59","70-79","80-89","70-79","50-59","60-69","60-69","60-69","70-79","70-79","70-79","80-89","80-89","70-79"],"SERIES_NAME":["MALE","FEMALE","MALE","MALE","MALE","MALE","FEMALE","FEMALE","MALE","MALE","MALE","MALE","MALE","FEMALE","MALE","MALE","FEMALE","MALE"],"X_CALENDAR_YEAR":[2106,2118,2119,2121,2122,2129,2143,2143,2154,2160,2163,2177,2178,2179,2180,2188,2190,2200],"Y_PREVALENCE_1000PP":[102.94118,145.83333,98.36066,126.98413,125,107.14286,153.84615,120,139.53488,86.95652,105.26316,93.75,112.90323,130.43478,114.7541,136.36364,139.53488,107.69231]},"PREVALENCE_BY_MONTH":{"X_CALENDAR_MONTH":[210101,210302,210611,210812,211111,211502,211602,211801,211911,212012,212201,212202,212701,213001,213212,213301,213501,214412,214503,214901,215011,215601,216001,216011,216301,216302,216312,216612,217311,217502,217811,217902,217911,218002,218101,218501,218612,218712,218902,218912,219011,219311,219712,219801,219811,219812,220001],"Y_PREVALENCE_1000PP":[90.90909,100,92.30769,88.60759,86.95652,89.55224,160,96.77419,88.23529,149.25373,86.41975,86.95652,105.26316,122.44898,95.89041,152.77778,95.2381,89.55224,115.94203,100,104.47761,78.94737,111.11111,149.25373,75.94937,96.77419,121.21212,86.41975,85.71429,122.80702,101.69492,107.69231,93.33333,109.375,88.23529,109.375,163.63636,77.92208,132.35294,105.26316,88.23529,107.14286,114.7541,89.55224,127.27273,95.2381,89.55224]},"DRUG_FREQUENCY_DISTRIBUTION":{"Y_NUM_PERSONS":[4,1,0,0],"X_COUNT":[1,2,3,4]},"QUANTITY_DISTRIBUTION":{"CATEGORY":"Quantity","MIN_VALUE":1,"P10_VALUE":1,"P25_VALUE":1,"MEDIAN_VALUE":1,"P75_VALUE":1,"P90_VALUE":1,"MAX_VALUE":1},"REFILLS_DISTRIBUTION":{"CATEGORY":[],"MIN_VALUE":[],"P10_VALUE":[],"P25_VALUE":[],"MEDIAN_VALUE":[],"P75_VALUE":[],"P90_VALUE":[],"MAX_VALUE":[]}}
