{"AGE_AT_FIRST_EXPOSURE":{"CATEGORY":["FEMALE","MALE"],"MIN_VALUE":[25,19],"P10_VALUE":[57,52],"P25_VALUE":[67,61],"MEDIAN_VALUE":[76,71],"P75_VALUE":[84,79],"P90_VALUE":[300,85],"MAX_VALUE":[307,302]},"DAYS_SUPPLY_DISTRIBUTION":{"CATEGORY":[],"MIN_VALUE":[],"P10_VALUE":[],"P25_VALUE":[],"MEDIAN_VALUE":[],"P75_VALUE":[],"P90_VALUE":[],"MAX_VALUE":[]},"DRUGS_BY_TYPE":{"CONCEPT_NAME":"Prescription written","COUNT_VALUE":4043},"PREVALENCE_BY_GENDER_AGE_YEAR":{"TRELLIS_NAME":["70-79","60-69","70-79","60-69","70-79","80-89","80-89","70-79","80-89","70-79","60-69","70-79","70-79","80-89","70-79","80-89","70-79","80-89","80-89","70-79","70-79","80-89"],"SERIES_NAME":["MALE","MALE","MALE","MALE","FEMALE","MALE","FEMALE","FEMALE","FEMALE","FEMALE","FEMALE","MALE","FEMALE","FEMALE","MALE","FEMALE","MALE","FEMALE","FEMALE","FEMALE","MALE","FEMALE"],"X_CALENDAR_YEAR":[2116,2124,2128,2131,2136,2147,2150,2153,2157,2160,2167,2172,2173,2177,2179,2180,2181,2190,2191,2192,2194,2199],"Y_PREVALENCE_1000PP":[127.65957,81.08108,120,90.90909,120,166.66667,179.48718,113.20755,153.84615,179.48718,190.47619,111.11111,129.62963,146.34146,158.73016,139.53488,120,186.04651,200,146.34146,127.27273,142.85714]},"PREVALENCE_BY_MONTH":{"X_CALENDAR_MONTH":[211806,212901,214705,215111,217703,217704],"Y_PREVALENCE_1000PP":[93.33333,101.44928,102.94118,96.77419,104.47761,93.75]},"DRUG_FREQUENCY_DISTRIBUTION":{"Y_NUM_PERSONS":[4,2,1,1,0,0,0,0,0,0,0,0,0],"X_COUNT":[1,2,3,4,5,6,7,8,9,10,11,12,13]},"QUANTITY_DISTRIBUTION":{"CATEGORY":"Quantity","MIN_VALUE":0.5,"P10_VALUE":1,"P25_VALUE":1,"MEDIAN_VALUE":1,"P75_VALUE":1,"P90_VALUE":2,"MAX_VALUE":4},"REFILLS_DISTRIBUTION":{"CATEGORY":[],"MIN_VALUE":[],"P10_VALUE":[],"P25_VALUE":[],"MEDIAN_VALUE":[],"P75_VALUE":[],"P90_VALUE":[],"MAX_VALUE":[]}}
