{"AGE_AT_FIRST_EXPOSURE":{"CATEGORY":["MALE","FEMALE"],"MIN_VALUE":[17,18],"P10_VALUE":[46,42],"P25_VALUE":[57,56],"MEDIAN_VALUE":[68,70],"P75_VALUE":[78,80],"P90_VALUE":[86,87],"MAX_VALUE":[308,308]},"DAYS_SUPPLY_DISTRIBUTION":{"CATEGORY":[],"MIN_VALUE":[],"P10_VALUE":[],"P25_VALUE":[],"MEDIAN_VALUE":[],"P75_VALUE":[],"P90_VALUE":[],"MAX_VALUE":[]},"DRUGS_BY_TYPE":{"CONCEPT_NAME":"Prescription written","COUNT_VALUE":3428},"PREVALENCE_BY_GENDER_AGE_YEAR":{"TRELLIS_NAME":["50-59","80-89","70-79","80-89","70-79","80-89","70-79","70-79","60-69","60-69","70-79","70-79","80-89","60-69","70-79","60-69","60-69"],"SERIES_NAME":["MALE","FEMALE","MALE","MALE","MALE","FEMALE","MALE","MALE","MALE","MALE","FEMALE","MALE","MALE","FEMALE","MALE","MALE","MALE"],"X_CALENDAR_YEAR":[2109,2113,2119,2133,2144,2145,2145,2146,2146,2149,2154,2158,2166,2169,2175,2176,2185],"Y_PREVALENCE_1000PP":[103.44828,153.84615,114.7541,136.36364,173.91304,162.16216,96.77419,101.69492,96.77419,129.03226,120,132.07547,155.55556,150,166.66667,132.07547,109.375]},"PREVALENCE_BY_MONTH":{"X_CALENDAR_MONTH":[210905,212401,212906,213704,215912,216110,216901,217203,217403,218701],"Y_PREVALENCE_1000PP":[103.44828,86.95652,131.57895,89.74359,103.44828,82.19178,93.33333,96.77419,78.94737,95.2381]},"DRUG_FREQUENCY_DISTRIBUTION":{"Y_NUM_PERSONS":[4,2,1,0,0,0,0,0,0,0,0],"X_COUNT":[1,2,3,4,5,6,7,8,9,10,11]},"QUANTITY_DISTRIBUTION":{"CATEGORY":"Quantity","MIN_VALUE":0,"P10_VALUE":0.75,"P25_VALUE":0.75,"MEDIAN_VALUE":0.75,"P75_VALUE":1,"P90_VALUE":10.2,"MAX_VALUE":80},"REFILLS_DISTRIBUTION":{"CATEGORY":[],"MIN_VALUE":[],"P10_VALUE":[],"P25_VALUE":[],"MEDIAN_VALUE":[],"P75_VALUE":[],"P90_VALUE":[],"MAX_VALUE":[]}}
