{"AGE_AT_FIRST_EXPOSURE":{"CATEGORY":["FEMALE","MALE"],"MIN_VALUE":[18,18],"P10_VALUE":[44,42],"P25_VALUE":[55,53],"MEDIAN_VALUE":[67,64],"P75_VALUE":[78,74],"P90_VALUE":[86,82],"MAX_VALUE":[308,307]},"DAYS_SUPPLY_DISTRIBUTION":{"CATEGORY":[],"MIN_VALUE":[],"P10_VALUE":[],"P25_VALUE":[],"MEDIAN_VALUE":[],"P75_VALUE":[],"P90_VALUE":[],"MAX_VALUE":[]},"DRUGS_BY_TYPE":{"CONCEPT_NAME":"Prescription written","COUNT_VALUE":2428},"PREVALENCE_BY_GENDER_AGE_YEAR":{"TRELLIS_NAME":["60-69","60-69","60-69","60-69","60-69","70-79","50-59","60-69","40-49","60-69","60-69","50-59","60-69","50-59","50-59","50-59"],"SERIES_NAME":["MALE","MALE","MALE","FEMALE","FEMALE","MALE","MALE","MALE","MALE","MALE","MALE","MALE","MALE","MALE","MALE","MALE"],"X_CALENDAR_YEAR":[2113,2115,2116,2118,2122,2135,2145,2149,2156,2157,2158,2158,2168,2169,2181,2194],"Y_PREVALENCE_1000PP":[115.38462,116.66667,101.69492,134.61538,146.34146,142.85714,107.14286,96.77419,200,117.64706,125,125,107.14286,130.43478,155.55556,150]},"PREVALENCE_BY_MONTH":{"X_CALENDAR_MONTH":[211209,211302,211501,214809,215004,215601,215912,217611,217701,218212,219503],"Y_PREVALENCE_1000PP":[83.33333,122.44898,75.94937,98.36066,82.19178,78.94737,103.44828,81.08108,125,95.2381,111.11111]},"DRUG_FREQUENCY_DISTRIBUTION":{"Y_NUM_PERSONS":[4,1,0,0,0,0],"X_COUNT":[1,2,3,4,5,6]},"QUANTITY_DISTRIBUTION":{"CATEGORY":"Quantity","MIN_VALUE":1,"P10_VALUE":1,"P25_VALUE":2,"MEDIAN_VALUE":2,"P75_VALUE":2,"P90_VALUE":3,"MAX_VALUE":45},"REFILLS_DISTRIBUTION":{"CATEGORY":[],"MIN_VALUE":[],"P10_VALUE":[],"P25_VALUE":[],"MEDIAN_VALUE":[],"P75_VALUE":[],"P90_VALUE":[],"MAX_VALUE":[]}}
