{"AGE_AT_FIRST_EXPOSURE":{"CATEGORY":["MALE","FEMALE"],"MIN_VALUE":[19,18],"P10_VALUE":[46,47],"P25_VALUE":[57,59],"MEDIAN_VALUE":[68,72],"P75_VALUE":[79,82],"P90_VALUE":[85,89],"MAX_VALUE":[305,308]},"DAYS_SUPPLY_DISTRIBUTION":{"CATEGORY":[],"MIN_VALUE":[],"P10_VALUE":[],"P25_VALUE":[],"MEDIAN_VALUE":[],"P75_VALUE":[],"P90_VALUE":[],"MAX_VALUE":[]},"DRUGS_BY_TYPE":{"CONCEPT_NAME":"Prescription written","COUNT_VALUE":2870},"PREVALENCE_BY_GENDER_AGE_YEAR":{"TRELLIS_NAME":["80-89","60-69","60-69","80-89","70-79","70-79","60-69","70-79","80-89","60-69","80-89","60-69","80-89","60-69","60-69","60-69","60-69","60-69","50-59","80-89","70-79","70-79"],"SERIES_NAME":["MALE","FEMALE","FEMALE","FEMALE","FEMALE","FEMALE","FEMALE","MALE","MALE","MALE","MALE","MALE","MALE","FEMALE","MALE","FEMALE","MALE","MALE","MALE","MALE","MALE","MALE"],"X_CALENDAR_YEAR":[2107,2111,2122,2124,2125,2136,2137,2141,2153,2159,2161,2162,2166,2167,2168,2176,2177,2182,2183,2188,2190,2194],"Y_PREVALENCE_1000PP":[152.17391,175,170.73171,193.54839,125,120,136.36364,122.44898,179.48718,127.27273,139.53488,96.77419,155.55556,142.85714,107.14286,150,93.75,98.36066,113.20755,136.36364,105.26316,127.27273]},"PREVALENCE_BY_MONTH":{"X_CALENDAR_MONTH":[211804,212406,212412,212502,212712,212908,213112,213405,214412,215304,215601,215806,216812,217604,217702,217910,218003,218110,219011,219401,219503,220002],"Y_PREVALENCE_1000PP":[85.71429,98.36066,96.77419,88.23529,92.30769,83.33333,82.19178,83.33333,89.55224,86.95652,78.94737,83.33333,82.19178,142.85714,107.14286,75,88.23529,108.10811,88.23529,108.10811,111.11111,116.66667]},"DRUG_FREQUENCY_DISTRIBUTION":{"Y_NUM_PERSONS":[4,1,0,0,0,0],"X_COUNT":[1,2,3,4,5,6]},"QUANTITY_DISTRIBUTION":{"CATEGORY":"Quantity","MIN_VALUE":0.5,"P10_VALUE":1,"P25_VALUE":1,"MEDIAN_VALUE":1,"P75_VALUE":1,"P90_VALUE":1,"MAX_VALUE":2},"REFILLS_DISTRIBUTION":{"CATEGORY":[],"MIN_VALUE":[],"P10_VALUE":[],"P25_VALUE":[],"MEDIAN_VALUE":[],"P75_VALUE":[],"P90_VALUE":[],"MAX_VALUE":[]}}
