{"AGE_AT_FIRST_EXPOSURE":{"CATEGORY":["MALE","FEMALE"],"MIN_VALUE":[18,20],"P10_VALUE":[47,50],"P25_VALUE":[57,60],"MEDIAN_VALUE":[67,74],"P75_VALUE":[78,82],"P90_VALUE":[84,88],"MAX_VALUE":[303,304]},"DAYS_SUPPLY_DISTRIBUTION":{"CATEGORY":[],"MIN_VALUE":[],"P10_VALUE":[],"P25_VALUE":[],"MEDIAN_VALUE":[],"P75_VALUE":[],"P90_VALUE":[],"MAX_VALUE":[]},"DRUGS_BY_TYPE":{"CONCEPT_NAME":"Prescription written","COUNT_VALUE":2658},"PREVALENCE_BY_GENDER_AGE_YEAR":{"TRELLIS_NAME":["70-79","70-79","60-69","50-59","60-69","70-79","70-79","80-89","80-89","60-69","60-69","70-79","80-89","60-69","50-59"],"SERIES_NAME":["MALE","MALE","MALE","MALE","MALE","FEMALE","MALE","MALE","MALE","MALE","MALE","MALE","MALE","MALE","MALE"],"X_CALENDAR_YEAR":[2108,2115,2120,2123,2126,2129,2133,2137,2139,2151,2165,2177,2178,2182,2198],"Y_PREVALENCE_1000PP":[111.11111,95.2381,115.38462,146.34146,82.19178,130.43478,111.11111,166.66667,176.47059,83.33333,116.66667,111.11111,222.22222,131.14754,103.44828]},"PREVALENCE_BY_MONTH":{"X_CALENDAR_MONTH":[210104,210705,213507,213909,216908,218708],"Y_PREVALENCE_1000PP":[105.26316,111.11111,89.74359,85.71429,89.55224,82.19178]},"DRUG_FREQUENCY_DISTRIBUTION":{"Y_NUM_PERSONS":[4,1,0,0,0,0,0,0],"X_COUNT":[1,2,3,4,5,6,7,8]},"QUANTITY_DISTRIBUTION":{"CATEGORY":"Quantity","MIN_VALUE":0,"P10_VALUE":0.5,"P25_VALUE":0.5,"MEDIAN_VALUE":1,"P75_VALUE":1,"P90_VALUE":1,"MAX_VALUE":3},"REFILLS_DISTRIBUTION":{"CATEGORY":[],"MIN_VALUE":[],"P10_VALUE":[],"P25_VALUE":[],"MEDIAN_VALUE":[],"P75_VALUE":[],"P90_VALUE":[],"MAX_VALUE":[]}}
