{"AGE_AT_FIRST_EXPOSURE":{"CATEGORY":["MALE","FEMALE"],"MIN_VALUE":[23,21],"P10_VALUE":[48,51],"P25_VALUE":[57,60],"MEDIAN_VALUE":[67,71],"P75_VALUE":[76,81],"P90_VALUE":[83,87],"MAX_VALUE":[306,304]},"DAYS_SUPPLY_DISTRIBUTION":{"CATEGORY":[],"MIN_VALUE":[],"P10_VALUE":[],"P25_VALUE":[],"MEDIAN_VALUE":[],"P75_VALUE":[],"P90_VALUE":[],"MAX_VALUE":[]},"DRUGS_BY_TYPE":{"CONCEPT_NAME":"Prescription written","COUNT_VALUE":4266},"PREVALENCE_BY_GENDER_AGE_YEAR":{"TRELLIS_NAME":["60-69","60-69","60-69","50-59","60-69","50-59","60-69","70-79","60-69","70-79","60-69","50-59","70-79","70-79","70-79","60-69","50-59","60-69","70-79","60-69","60-69","80-89","70-79","50-59","60-69","60-69","70-79","60-69","70-79","60-69","60-69","60-69","70-79","60-69","70-79","60-69","60-69","80-89","70-79","70-79","70-79","70-79","60-69","70-79","50-59","70-79","60-69","70-79","60-69","70-79","60-69","70-79","80-89","60-69","70-79"],"SERIES_NAME":["MALE","MALE","MALE","MALE","MALE","MALE","MALE","MALE","FEMALE","MALE","MALE","MALE","MALE","FEMALE","MALE","MALE","MALE","MALE","MALE","MALE","MALE","FEMALE","FEMALE","MALE","MALE","MALE","MALE","FEMALE","FEMALE","MALE","MALE","MALE","FEMALE","MALE","MALE","MALE","MALE","MALE","MALE","MALE","MALE","MALE","MALE","MALE","MALE","MALE","MALE","FEMALE","MALE","MALE","MALE","MALE","FEMALE","FEMALE","MALE"],"X_CALENDAR_YEAR":[2102,2104,2106,2106,2108,2111,2113,2114,2118,2119,2119,2120,2121,2122,2124,2124,2129,2132,2132,2140,2142,2143,2143,2146,2150,2153,2154,2154,2154,2156,2157,2160,2161,2162,2166,2170,2173,2173,2174,2176,2177,2179,2179,2182,2184,2184,2185,2192,2195,2198,2199,2200,2200,2200,2201],"Y_PREVALENCE_1000PP":[132.07547,117.64706,117.64706,96.77419,107.14286,115.38462,134.61538,120,134.61538,98.36066,119.40299,127.65957,162.16216,117.64706,125,94.59459,136.36364,101.69492,138.46154,112.90323,86.95652,153.84615,120,115.38462,125,122.80702,142.85714,133.33333,120,137.93103,117.64706,86.95652,127.65957,112.90323,109.375,125,113.20755,176.47059,148.93617,142.85714,111.11111,95.2381,109.09091,127.65957,112.90323,134.61538,93.75,243.90244,128.57143,130.43478,109.09091,138.46154,242.42424,176.47059,189.18919]},"PREVALENCE_BY_MONTH":{"X_CALENDAR_MONTH":[210205,211104,211305,211307,211805,211806,212204,212401,212808,213208,214108,214205,214310,214311,214401,214803,215107,215401,215402,217001,217405,217601,217703,217902,217905,217908,218712,218901,219512,219705,219805,219905,219907],"Y_PREVALENCE_1000PP":[127.27273,96.77419,117.64706,89.55224,103.44828,80,88.23529,86.95652,89.55224,80.45977,101.69492,74.07407,92.30769,171.875,93.33333,95.2381,76.92308,137.5,115.38462,88.23529,81.08108,142.85714,89.55224,107.69231,109.58904,73.17073,77.92208,86.95652,96.77419,77.92208,85.71429,80,95.89041]},"DRUG_FREQUENCY_DISTRIBUTION":{"Y_NUM_PERSONS":[5,2,1,0,0,0,0,0,0,0,0,0],"X_COUNT":[1,2,3,4,5,6,7,8,9,10,11,12]},"QUANTITY_DISTRIBUTION":{"CATEGORY":"Quantity","MIN_VALUE":0.25,"P10_VALUE":1,"P25_VALUE":1,"MEDIAN_VALUE":1,"P75_VALUE":2,"P90_VALUE":2,"MAX_VALUE":4},"REFILLS_DISTRIBUTION":{"CATEGORY":[],"MIN_VALUE":[],"P10_VALUE":[],"P25_VALUE":[],"MEDIAN_VALUE":[],"P75_VALUE":[],"P90_VALUE":[],"MAX_VALUE":[]}}
