{"AGE_AT_FIRST_EXPOSURE":{"CATEGORY":["MALE","FEMALE"],"MIN_VALUE":[1,18],"P10_VALUE":[49,45],"P25_VALUE":[59,57],"MEDIAN_VALUE":[68,69],"P75_VALUE":[77,79],"P90_VALUE":[84,85],"MAX_VALUE":[308,305]},"DAYS_SUPPLY_DISTRIBUTION":{"CATEGORY":[],"MIN_VALUE":[],"P10_VALUE":[],"P25_VALUE":[],"MEDIAN_VALUE":[],"P75_VALUE":[],"P90_VALUE":[],"MAX_VALUE":[]},"DRUGS_BY_TYPE":{"CONCEPT_NAME":"Prescription written","COUNT_VALUE":3108},"PREVALENCE_BY_GENDER_AGE_YEAR":{"TRELLIS_NAME":["60-69","60-69","70-79","60-69","60-69","70-79","60-69","70-79","60-69","70-79","60-69","70-79","60-69","70-79","70-79","70-79","70-79","70-79","60-69","60-69","60-69","70-79","70-79","70-79","60-69","70-79","70-79"],"SERIES_NAME":["MALE","FEMALE","MALE","FEMALE","MALE","FEMALE","FEMALE","FEMALE","MALE","FEMALE","MALE","MALE","MALE","MALE","MALE","FEMALE","MALE","FEMALE","MALE","MALE","MALE","MALE","MALE","MALE","FEMALE","MALE","FEMALE"],"X_CALENDAR_YEAR":[2104,2108,2116,2119,2121,2124,2143,2144,2148,2149,2155,2160,2162,2162,2165,2166,2166,2168,2169,2174,2175,2178,2179,2182,2186,2192,2195],"Y_PREVALENCE_1000PP":[117.64706,142.85714,127.65957,142.85714,95.2381,166.66667,222.22222,136.36364,135.59322,157.89474,125,107.14286,112.90323,122.80702,111.11111,120,125,109.09091,81.08108,127.65957,136.36364,96.77419,95.2381,127.65957,153.84615,118.64407,186.04651]},"PREVALENCE_BY_MONTH":{"X_CALENDAR_MONTH":[210705,212401,213108,213403,213404,214812,214905,215502,215911,216109,216206,216606,217412,217607,217808,218408,219001,219508],"Y_PREVALENCE_1000PP":[95.2381,115.94203,86.95652,83.33333,140.84507,126.76056,89.55224,109.09091,109.375,86.95652,88.23529,84.50704,93.75,72.28916,76.92308,88.23529,103.44828,88.23529]},"DRUG_FREQUENCY_DISTRIBUTION":{"Y_NUM_PERSONS":[4,2,1,0,0,0,0,0],"X_COUNT":[1,2,3,4,5,6,7,8]},"QUANTITY_DISTRIBUTION":{"CATEGORY":"Quantity","MIN_VALUE":0.01,"P10_VALUE":0.02,"P25_VALUE":0.02,"MEDIAN_VALUE":0.02,"P75_VALUE":0.02,"P90_VALUE":0.02,"MAX_VALUE":1},"REFILLS_DISTRIBUTION":{"CATEGORY":[],"MIN_VALUE":[],"P10_VALUE":[],"P25_VALUE":[],"MEDIAN_VALUE":[],"P75_VALUE":[],"P90_VALUE":[],"MAX_VALUE":[]}}
