{"AGE_AT_FIRST_EXPOSURE":{"CATEGORY":["FEMALE","MALE"],"MIN_VALUE":[18,18],"P10_VALUE":[38,41],"P25_VALUE":[52,52],"MEDIAN_VALUE":[64,62],"P75_VALUE":[75,71],"P90_VALUE":[82,80],"MAX_VALUE":[307,307]},"DAYS_SUPPLY_DISTRIBUTION":{"CATEGORY":[],"MIN_VALUE":[],"P10_VALUE":[],"P25_VALUE":[],"MEDIAN_VALUE":[],"P75_VALUE":[],"P90_VALUE":[],"MAX_VALUE":[]},"DRUGS_BY_TYPE":{"CONCEPT_NAME":"Prescription written","COUNT_VALUE":3606},"PREVALENCE_BY_GENDER_AGE_YEAR":{"TRELLIS_NAME":["70-79","60-69","60-69","60-69","60-69","70-79","50-59","50-59","60-69","60-69","60-69","60-69","50-59","70-79","70-79","50-59","60-69","50-59","60-69","60-69","60-69","60-69","50-59","60-69","60-69","60-69","50-59","60-69","50-59","60-69","70-79","60-69","70-79","60-69","60-69","50-59","60-69","60-69","60-69","60-69","60-69","60-69","60-69","50-59","60-69"],"SERIES_NAME":["FEMALE","MALE","MALE","MALE","MALE","MALE","MALE","MALE","MALE","MALE","MALE","FEMALE","FEMALE","FEMALE","FEMALE","FEMALE","MALE","MALE","MALE","MALE","MALE","FEMALE","MALE","FEMALE","MALE","MALE","MALE","FEMALE","MALE","MALE","MALE","MALE","MALE","MALE","MALE","MALE","MALE","MALE","MALE","MALE","MALE","MALE","MALE","MALE","MALE"],"X_CALENDAR_YEAR":[2107,2111,2114,2116,2118,2119,2121,2124,2124,2125,2126,2126,2128,2130,2138,2140,2145,2148,2150,2152,2157,2163,2165,2167,2168,2169,2172,2175,2177,2177,2178,2179,2181,2183,2185,2187,2188,2189,2192,2193,2194,2195,2196,2196,2200],"Y_PREVALENCE_1000PP":[133.33333,166.66667,105.26316,101.69492,93.75,98.36066,127.27273,160,81.08108,129.62963,82.19178,181.81818,176.47059,117.64706,150,187.5,103.44828,115.38462,109.375,117.64706,137.2549,187.5,130.43478,142.85714,107.14286,108.10811,186.04651,133.33333,127.27273,93.75,145.16129,109.09091,120,183.67347,125,93.75,125,129.03226,150,115.38462,120,128.57143,85.71429,117.64706,86.95652]},"PREVALENCE_BY_MONTH":{"X_CALENDAR_MONTH":[210012,210106,210708,210907,211107,211112,211603,211708,211808,211812,211901,212006,212511,212904,212907,213707,213809,213908,214905,215308,215406,215912,216309,216505,216705,217611,218008,218011,218712,219109,219205,220007],"Y_PREVALENCE_1000PP":[134.61538,111.11111,107.69231,96.77419,109.09091,100,88.23529,86.95652,89.55224,89.55224,93.75,116.66667,100,95.2381,85.71429,98.59155,123.07692,82.19178,89.55224,82.19178,81.08108,103.44828,95.2381,80,103.44828,108.10811,75.94937,86.95652,77.92208,129.62963,100,90.90909]},"DRUG_FREQUENCY_DISTRIBUTION":{"Y_NUM_PERSONS":[5,2,1,0,0,0,0,0,0,0],"X_COUNT":[1,2,3,4,5,6,7,8,9,10]},"QUANTITY_DISTRIBUTION":{"CATEGORY":"Quantity","MIN_VALUE":0,"P10_VALUE":1,"P25_VALUE":1,"MEDIAN_VALUE":1,"P75_VALUE":1,"P90_VALUE":2,"MAX_VALUE":2.5},"REFILLS_DISTRIBUTION":{"CATEGORY":[],"MIN_VALUE":[],"P10_VALUE":[],"P25_VALUE":[],"MEDIAN_VALUE":[],"P75_VALUE":[],"P90_VALUE":[],"MAX_VALUE":[]}}
