{"AGE_AT_FIRST_EXPOSURE":{"CATEGORY":["FEMALE","MALE"],"MIN_VALUE":[18,17],"P10_VALUE":[42,40],"P25_VALUE":[54,52],"MEDIAN_VALUE":[72,67],"P75_VALUE":[83,79],"P90_VALUE":[300,85],"MAX_VALUE":[307,308]},"DAYS_SUPPLY_DISTRIBUTION":{"CATEGORY":[],"MIN_VALUE":[],"P10_VALUE":[],"P25_VALUE":[],"MEDIAN_VALUE":[],"P75_VALUE":[],"P90_VALUE":[],"MAX_VALUE":[]},"DRUGS_BY_TYPE":{"CONCEPT_NAME":"Prescription written","COUNT_VALUE":4325},"PREVALENCE_BY_GENDER_AGE_YEAR":{"TRELLIS_NAME":["70-79","80-89","80-89","70-79","80-89","60-69","70-79","70-79"],"SERIES_NAME":["FEMALE","MALE","FEMALE","MALE","FEMALE","MALE","MALE","MALE"],"X_CALENDAR_YEAR":[2128,2135,2138,2144,2151,2183,2188,2200],"Y_PREVALENCE_1000PP":[136.36364,159.09091,115.38462,130.43478,125,142.85714,111.11111,92.30769]},"PREVALENCE_BY_MONTH":{"X_CALENDAR_MONTH":[210309,210705,211404,212708,213804,216012,216101,216105,216910,218208,218901],"Y_PREVALENCE_1000PP":[104.47761,95.2381,107.14286,113.20755,93.75,90.90909,88.23529,90.90909,122.80702,90.90909,86.95652]},"DRUG_FREQUENCY_DISTRIBUTION":{"Y_NUM_PERSONS":[4,2,1,1,0,0,0,0,0,0,0,0,0,0,0,0,0],"X_COUNT":[1,2,3,4,5,6,7,8,9,10,11,12,13,14,15,17,18]},"QUANTITY_DISTRIBUTION":{"CATEGORY":"Quantity","MIN_VALUE":0,"P10_VALUE":0.5,"P25_VALUE":1,"MEDIAN_VALUE":1,"P75_VALUE":1,"P90_VALUE":2,"MAX_VALUE":32},"REFILLS_DISTRIBUTION":{"CATEGORY":[],"MIN_VALUE":[],"P10_VALUE":[],"P25_VALUE":[],"MEDIAN_VALUE":[],"P75_VALUE":[],"P90_VALUE":[],"MAX_VALUE":[]}}
