{"AGE_AT_FIRST_EXPOSURE":{"CATEGORY":["MALE","FEMALE"],"MIN_VALUE":[17,20],"P10_VALUE":[44,50],"P25_VALUE":[55,60],"MEDIAN_VALUE":[66,72],"P75_VALUE":[77,81],"P90_VALUE":[84,88],"MAX_VALUE":[305,307]},"DAYS_SUPPLY_DISTRIBUTION":{"CATEGORY":[],"MIN_VALUE":[],"P10_VALUE":[],"P25_VALUE":[],"MEDIAN_VALUE":[],"P75_VALUE":[],"P90_VALUE":[],"MAX_VALUE":[]},"DRUGS_BY_TYPE":{"CONCEPT_NAME":["Inpatient administration","Prescription written"],"COUNT_VALUE":[11863,11]},"PREVALENCE_BY_GENDER_AGE_YEAR":{"TRELLIS_NAME":["70-79","50-59","60-69","70-79","60-69","70-79","60-69","70-79","60-69","50-59","70-79","60-69","80-89","80-89","70-79","60-69","70-79","60-69","70-79","60-69","50-59","80-89","60-69","70-79","70-79","80-89","60-69","60-69","80-89","70-79","60-69","60-69","50-59","60-69","60-69","80-89","60-69","80-89","70-79","70-79","70-79","60-69","70-79","60-69","70-79","80-89","60-69","60-69","60-69","70-79","300-309","60-69","60-69","50-59","60-69","60-69","50-59","70-79","60-69","60-69","80-89","80-89","60-69","70-79","80-89","70-79","60-69","50-59","80-89","70-79"],"SERIES_NAME":["FEMALE","MALE","MALE","FEMALE","FEMALE","MALE","MALE","MALE","MALE","MALE","FEMALE","MALE","MALE","FEMALE","FEMALE","MALE","FEMALE","MALE","FEMALE","MALE","MALE","MALE","MALE","MALE","FEMALE","FEMALE","MALE","MALE","FEMALE","MALE","MALE","MALE","MALE","MALE","MALE","MALE","MALE","MALE","MALE","FEMALE","MALE","MALE","FEMALE","FEMALE","MALE","FEMALE","MALE","MALE","MALE","MALE","FEMALE","MALE","MALE","FEMALE","MALE","MALE","FEMALE","MALE","MALE","MALE","MALE","FEMALE","MALE","MALE","FEMALE","MALE","MALE","MALE","FEMALE","MALE"],"X_CALENDAR_YEAR":[2102,2104,2104,2105,2106,2108,2112,2114,2116,2118,2126,2129,2132,2138,2139,2140,2141,2141,2142,2142,2143,2143,2146,2146,2150,2150,2150,2151,2153,2154,2154,2156,2158,2159,2160,2160,2161,2163,2163,2164,2166,2169,2171,2174,2174,2174,2174,2177,2178,2179,2180,2180,2183,2183,2184,2185,2188,2192,2192,2193,2194,2195,2195,2196,2197,2197,2199,2199,2200,2201],"Y_PREVALENCE_1000PP":[146.34146,107.14286,117.64706,166.66667,240,95.2381,111.11111,120,101.69492,112.90323,130.43478,101.69492,130.43478,115.38462,130.43478,96.77419,130.43478,118.64407,153.84615,101.44928,153.84615,194.44444,96.77419,169.49153,162.16216,230.76923,93.75,111.11111,181.81818,142.85714,132.07547,103.44828,107.14286,127.27273,101.44928,181.81818,122.80702,162.16216,92.30769,171.42857,125,108.10811,125,176.47059,127.65957,146.34146,170.21277,93.75,105.26316,111.11111,388.88889,122.44898,122.44898,150,181.81818,93.75,189.18919,101.69492,133.33333,115.38462,153.84615,136.36364,100,117.64706,157.89474,169.81132,145.45455,117.64706,212.12121,162.16216]},"PREVALENCE_BY_MONTH":{"X_CALENDAR_MONTH":[210110,210203,210309,210503,210606,210705,210906,211104,211607,211803,211805,211806,211905,212512,212611,212805,213005,213006,213311,213509,214105,214204,214205,214211,214601,214710,215004,215011,216104,216302,216305,216410,216504,216604,216607,217203,217206,217403,217405,217607,217611,218003,218008,218301,218310,219003,219311,219401,219508,219604,219703,219706,219805,219806,219909],"Y_PREVALENCE_1000PP":[114.7541,81.08108,104.47761,90.90909,90.90909,111.11111,125,129.03226,84.50704,83.33333,103.44828,80,115.94203,120,92.10526,71.42857,76.92308,76.92308,96.77419,118.64407,88.23529,109.375,74.07407,92.30769,109.375,101.69492,136.9863,89.55224,88.23529,96.77419,84.50704,76.92308,150,95.2381,93.75,112.90323,135.59322,78.94737,108.10811,72.28916,94.59459,117.64706,75.94937,89.55224,89.55224,89.55224,107.14286,81.08108,117.64706,77.77778,93.75,84.50704,100,127.27273,117.64706]},"DRUG_FREQUENCY_DISTRIBUTION":{"Y_NUM_PERSONS":[6,4,3,2,2,1,1,1,1,1,1,0,0,0,0,0,0,0,0,0,0,0,0,0,0,0,0,0,0,0,0,0,0,0,0],"X_COUNT":[1,2,3,4,5,6,7,8,9,10,11,12,13,14,15,16,17,18,19,20,21,22,23,24,25,26,28,29,30,31,32,33,35,36,44]},"QUANTITY_DISTRIBUTION":{"CATEGORY":"Quantity","MIN_VALUE":0,"P10_VALUE":10.000001,"P25_VALUE":10.000001,"MEDIAN_VALUE":10.000001,"P75_VALUE":10.000001,"P90_VALUE":20.000001,"MAX_VALUE":75.000003},"REFILLS_DISTRIBUTION":{"CATEGORY":[],"MIN_VALUE":[],"P10_VALUE":[],"P25_VALUE":[],"MEDIAN_VALUE":[],"P75_VALUE":[],"P90_VALUE":[],"MAX_VALUE":[]}}
