{"AGE_AT_FIRST_EXPOSURE":{"CATEGORY":["FEMALE","MALE"],"MIN_VALUE":[15,17],"P10_VALUE":[35,35],"P25_VALUE":[44,45],"MEDIAN_VALUE":[55,54],"P75_VALUE":[66,64],"P90_VALUE":[77,76],"MAX_VALUE":[301,302]},"DAYS_SUPPLY_DISTRIBUTION":{"CATEGORY":[],"MIN_VALUE":[],"P10_VALUE":[],"P25_VALUE":[],"MEDIAN_VALUE":[],"P75_VALUE":[],"P90_VALUE":[],"MAX_VALUE":[]},"DRUGS_BY_TYPE":{"CONCEPT_NAME":"Prescription written","COUNT_VALUE":4179},"PREVALENCE_BY_GENDER_AGE_YEAR":{"TRELLIS_NAME":["40-49","50-59","50-59","50-59","50-59","50-59","60-69","40-49","60-69","50-59","60-69","50-59","40-49","60-69","30-39","50-59","40-49","40-49","40-49","50-59","50-59","60-69","60-69","60-69","50-59","40-49","50-59","40-49","60-69","40-49","60-69","40-49","60-69","50-59","50-59","40-49","60-69","40-49","60-69","50-59","60-69","50-59","50-59","50-59","50-59","40-49","40-49","50-59","40-49","40-49","60-69","50-59","50-59","70-79","40-49","60-69","40-49","40-49","50-59","60-69","50-59","50-59","60-69","50-59","70-79","40-49","40-49","50-59","50-59","40-49","40-49","50-59","40-49","30-39","40-49","50-59","50-59","60-69","60-69","40-49","50-59","50-59","40-49","50-59","60-69","50-59","40-49","40-49","40-49"],"SERIES_NAME":["MALE","MALE","MALE","MALE","MALE","MALE","MALE","MALE","MALE","MALE","MALE","MALE","MALE","MALE","MALE","MALE","MALE","MALE","MALE","MALE","MALE","MALE","MALE","MALE","MALE","MALE","MALE","MALE","MALE","MALE","MALE","MALE","FEMALE","MALE","MALE","MALE","MALE","MALE","MALE","MALE","MALE","MALE","MALE","MALE","MALE","MALE","MALE","MALE","MALE","MALE","MALE","MALE","MALE","MALE","MALE","MALE","MALE","MALE","MALE","MALE","MALE","MALE","FEMALE","FEMALE","MALE","MALE","MALE","MALE","MALE","MALE","MALE","MALE","MALE","MALE","MALE","MALE","MALE","MALE","MALE","MALE","MALE","MALE","MALE","MALE","MALE","MALE","MALE","MALE","MALE"],"X_CALENDAR_YEAR":[2103,2104,2106,2107,2109,2112,2112,2113,2114,2115,2116,2116,2116,2117,2117,2118,2118,2119,2121,2123,2124,2124,2125,2126,2126,2127,2128,2128,2129,2130,2132,2132,2133,2134,2136,2136,2138,2139,2142,2143,2144,2144,2145,2147,2148,2148,2149,2150,2151,2152,2153,2154,2157,2158,2158,2159,2159,2160,2161,2162,2164,2167,2169,2169,2170,2170,2172,2172,2175,2175,2178,2179,2179,2180,2181,2181,2183,2184,2186,2187,2189,2190,2191,2192,2196,2196,2198,2199,2200],"Y_PREVALENCE_1000PP":[242.42424,107.14286,112.90323,194.44444,120.68966,200,111.11111,275.86207,78.94737,139.53488,118.64407,159.09091,193.54839,145.45455,352.94118,161.29032,236.84211,269.23077,259.25926,146.34146,220,94.59459,129.62963,95.89041,200,272.72727,130.43478,193.54839,135.59322,187.5,101.69492,171.42857,133.33333,153.84615,195.65217,162.16216,88.23529,171.42857,101.44928,115.38462,122.80702,155.55556,142.85714,115.38462,211.53846,250,275.86207,155.55556,312.5,233.33333,105.26316,162.7907,137.2549,113.20755,307.69231,109.09091,175,266.66667,130.43478,112.90323,156.86275,170.21277,150,240,113.20755,205.88235,320,139.53488,210.52632,250,235.29412,195.12195,250,466.66667,242.42424,155.55556,150.9434,181.81818,170.21277,294.11765,120.68966,136.36364,321.42857,109.09091,100,137.2549,240,269.23077,250]},"PREVALENCE_BY_MONTH":{"X_CALENDAR_MONTH":[210203,210807,211404,211604,211803,211807,211812,212111,212304,212412,212605,212611,212805,213003,213207,213906,214311,214511,215401,215601,215801,215905,216108,216402,216706,216902,216910,217012,217205,217908,218004,218006,218212,219103,219202,219604,219608,220006],"Y_PREVALENCE_1000PP":[81.08108,130.43478,107.14286,89.55224,97.22222,83.33333,89.55224,106.06061,80,96.77419,115.94203,78.94737,83.33333,101.44928,73.17073,105.26316,93.75,80,75,78.94737,93.75,92.30769,83.33333,120.68966,93.75,111.11111,105.26316,117.64706,103.44828,73.17073,85.71429,111.11111,111.11111,98.59155,170.21277,66.66667,93.75,95.2381]},"DRUG_FREQUENCY_DISTRIBUTION":{"Y_NUM_PERSONS":[6,2,1,0,0,0,0,0],"X_COUNT":[1,2,3,4,5,6,7,8]},"QUANTITY_DISTRIBUTION":{"CATEGORY":"Quantity","MIN_VALUE":0.01,"P10_VALUE":1,"P25_VALUE":1,"MEDIAN_VALUE":1,"P75_VALUE":1,"P90_VALUE":1,"MAX_VALUE":10},"REFILLS_DISTRIBUTION":{"CATEGORY":[],"MIN_VALUE":[],"P10_VALUE":[],"P25_VALUE":[],"MEDIAN_VALUE":[],"P75_VALUE":[],"P90_VALUE":[],"MAX_VALUE":[]}}
