{"AGE_AT_FIRST_EXPOSURE":{"CATEGORY":["MALE","FEMALE"],"MIN_VALUE":[17,18],"P10_VALUE":[41,44],"P25_VALUE":[53,56],"MEDIAN_VALUE":[65,71],"P75_VALUE":[78,83],"P90_VALUE":[85,89],"MAX_VALUE":[308,307]},"DAYS_SUPPLY_DISTRIBUTION":{"CATEGORY":[],"MIN_VALUE":[],"P10_VALUE":[],"P25_VALUE":[],"MEDIAN_VALUE":[],"P75_VALUE":[],"P90_VALUE":[],"MAX_VALUE":[]},"DRUGS_BY_TYPE":{"CONCEPT_NAME":"Prescription written","COUNT_VALUE":7614},"PREVALENCE_BY_GENDER_AGE_YEAR":{"TRELLIS_NAME":["70-79","70-79","70-79","50-59","60-69","60-69","50-59","70-79","70-79","80-89","60-69","60-69","60-69","80-89","70-79","40-49","80-89","60-69","40-49","60-69","50-59","80-89","50-59","70-79","60-69","50-59","50-59","60-69","60-69","60-69","60-69","80-89","80-89","60-69","60-69","50-59"],"SERIES_NAME":["MALE","MALE","MALE","MALE","MALE","MALE","MALE","MALE","FEMALE","FEMALE","MALE","MALE","MALE","MALE","MALE","MALE","FEMALE","MALE","MALE","MALE","FEMALE","MALE","MALE","MALE","MALE","MALE","MALE","MALE","MALE","MALE","FEMALE","MALE","FEMALE","MALE","MALE","MALE"],"X_CALENDAR_YEAR":[2105,2106,2112,2113,2114,2116,2124,2125,2132,2138,2141,2142,2143,2143,2146,2149,2153,2156,2159,2160,2163,2163,2165,2166,2169,2170,2171,2173,2183,2184,2188,2192,2194,2196,2197,2200],"Y_PREVALENCE_1000PP":[111.11111,136.36364,96.77419,120,78.94737,118.64407,140,166.66667,162.7907,134.61538,101.69492,86.95652,95.2381,166.66667,101.69492,275.86207,159.09091,137.93103,150,101.44928,176.47059,162.16216,173.91304,93.75,94.59459,139.53488,127.65957,113.20755,163.26531,136.36364,235.29412,157.89474,176.47059,85.71429,111.11111,125]},"PREVALENCE_BY_MONTH":{"X_CALENDAR_MONTH":[210901,211404,211408,212304,212506,212511,213007,213609,214008,214607,214710,214903,214904,215302,215401,215810,216203,216302,216910,217012,218003,218208,218310,219401,219508,219604],"Y_PREVALENCE_1000PP":[112.90323,107.14286,105.26316,80,89.55224,133.33333,95.89041,123.07692,82.19178,98.36066,101.69492,127.27273,132.07547,80,87.5,96.77419,86.95652,96.77419,105.26316,117.64706,88.23529,90.90909,104.47761,81.08108,88.23529,77.77778]},"DRUG_FREQUENCY_DISTRIBUTION":{"Y_NUM_PERSONS":[5,3,2,1,1,1,1,0,0,0,0,0,0,0,0,0,0,0,0,0,0,0,0,0,0],"X_COUNT":[1,2,3,4,5,6,7,8,9,10,11,12,13,14,15,16,17,18,19,20,21,22,24,25,26]},"QUANTITY_DISTRIBUTION":{"CATEGORY":"Quantity","MIN_VALUE":0,"P10_VALUE":0.1,"P25_VALUE":0.1,"MEDIAN_VALUE":0.2,"P75_VALUE":0.5,"P90_VALUE":1,"MAX_VALUE":5},"REFILLS_DISTRIBUTION":{"CATEGORY":[],"MIN_VALUE":[],"P10_VALUE":[],"P25_VALUE":[],"MEDIAN_VALUE":[],"P75_VALUE":[],"P90_VALUE":[],"MAX_VALUE":[]}}
