{"AGE_AT_FIRST_EXPOSURE":{"CATEGORY":["FEMALE","MALE"],"MIN_VALUE":[18,18],"P10_VALUE":[45,42],"P25_VALUE":[55,54],"MEDIAN_VALUE":[70,65],"P75_VALUE":[81,77],"P90_VALUE":[88,85],"MAX_VALUE":[310,308]},"DAYS_SUPPLY_DISTRIBUTION":{"CATEGORY":[],"MIN_VALUE":[],"P10_VALUE":[],"P25_VALUE":[],"MEDIAN_VALUE":[],"P75_VALUE":[],"P90_VALUE":[],"MAX_VALUE":[]},"DRUGS_BY_TYPE":{"CONCEPT_NAME":"Prescription written","COUNT_VALUE":4750},"PREVALENCE_BY_GENDER_AGE_YEAR":{"TRELLIS_NAME":["70-79","60-69","60-69","60-69","80-89","50-59","80-89","70-79","60-69","70-79","80-89","60-69","60-69","80-89","60-69","50-59","60-69","60-69","60-69","80-89","70-79","60-69","70-79","80-89","80-89","70-79","70-79","60-69"],"SERIES_NAME":["FEMALE","MALE","MALE","MALE","FEMALE","MALE","FEMALE","FEMALE","MALE","FEMALE","MALE","FEMALE","MALE","FEMALE","MALE","MALE","MALE","MALE","FEMALE","MALE","FEMALE","MALE","MALE","FEMALE","MALE","FEMALE","MALE","MALE"],"X_CALENDAR_YEAR":[2104,2105,2116,2119,2120,2124,2125,2125,2128,2130,2132,2144,2150,2150,2160,2161,2162,2163,2167,2169,2174,2176,2180,2188,2189,2193,2194,2200],"Y_PREVALENCE_1000PP":[127.65957,100,101.69492,119.40299,132.07547,120,153.84615,145.83333,155.55556,117.64706,130.43478,139.53488,125,205.12821,101.44928,130.43478,112.90323,105.26316,142.85714,139.53488,111.11111,113.20755,98.36066,179.48718,181.81818,146.34146,145.45455,101.44928]},"PREVALENCE_BY_MONTH":{"X_CALENDAR_MONTH":[210604,210811,211502,211912,213312,213606,213901,214009,214204,214401,214601,214609,214901,215011,215301,215601,215807,216101,216504,216704,216707,216807,216901,217005,217308,217411,218003,218110,218808,218812,219408,219504],"Y_PREVALENCE_1000PP":[76.92308,95.2381,89.55224,83.33333,107.14286,95.89041,112.90323,80,93.75,80,93.75,132.07547,116.66667,149.25373,102.94118,78.94737,101.69492,88.23529,116.66667,105.26316,95.89041,83.33333,80,100,89.55224,118.64407,88.23529,94.59459,98.59155,113.92405,140.35088,127.27273]},"DRUG_FREQUENCY_DISTRIBUTION":{"Y_NUM_PERSONS":[5,3,1,1,0,0,0,0,0,0],"X_COUNT":[1,2,3,4,5,6,7,8,9,10]},"QUANTITY_DISTRIBUTION":{"CATEGORY":"Quantity","MIN_VALUE":0.5,"P10_VALUE":1,"P25_VALUE":1,"MEDIAN_VALUE":1,"P75_VALUE":1,"P90_VALUE":1,"MAX_VALUE":1},"REFILLS_DISTRIBUTION":{"CATEGORY":[],"MIN_VALUE":[],"P10_VALUE":[],"P25_VALUE":[],"MEDIAN_VALUE":[],"P75_VALUE":[],"P90_VALUE":[],"MAX_VALUE":[]}}
