{"AGE_AT_FIRST_EXPOSURE":{"CATEGORY":["MALE","FEMALE"],"MIN_VALUE":[15,17],"P10_VALUE":[32,36],"P25_VALUE":[46,48],"MEDIAN_VALUE":[60,62],"P75_VALUE":[72,76],"P90_VALUE":[80,83],"MAX_VALUE":[300,303]},"DAYS_SUPPLY_DISTRIBUTION":{"CATEGORY":[],"MIN_VALUE":[],"P10_VALUE":[],"P25_VALUE":[],"MEDIAN_VALUE":[],"P75_VALUE":[],"P90_VALUE":[],"MAX_VALUE":[]},"DRUGS_BY_TYPE":{"CONCEPT_NAME":"Prescription written","COUNT_VALUE":3610},"PREVALENCE_BY_GENDER_AGE_YEAR":{"TRELLIS_NAME":["40-49","70-79","60-69","70-79","60-69","60-69","60-69","70-79","50-59","60-69","50-59","50-59","50-59"],"SERIES_NAME":["MALE","FEMALE","MALE","MALE","MALE","MALE","FEMALE","MALE","FEMALE","MALE","FEMALE","MALE","MALE"],"X_CALENDAR_YEAR":[2104,2112,2114,2115,2116,2120,2121,2132,2140,2151,2177,2184,2198],"Y_PREVALENCE_1000PP":[240,162.16216,92.10526,95.2381,101.69492,115.38462,142.85714,92.30769,187.5,97.22222,206.89655,96.77419,103.44828]},"PREVALENCE_BY_MONTH":{"X_CALENDAR_MONTH":[210910,212507,213105,213205,213311,213504,213610,213803,214004,214008,214905,215408,215905,216002,216407,216408,216801,217110,217612,217805,217809,218003,218212,218602,218811,219003,220004],"Y_PREVALENCE_1000PP":[84.50704,96.77419,103.44828,90.90909,112.90323,100,86.95652,84.50704,95.2381,82.19178,89.55224,95.89041,92.30769,88.23529,83.33333,78.94737,101.44928,77.92208,77.92208,121.21212,118.64407,88.23529,111.11111,95.2381,98.36066,89.55224,83.33333]},"DRUG_FREQUENCY_DISTRIBUTION":{"Y_NUM_PERSONS":[5,2,1,0,0,0,0,0,0],"X_COUNT":[1,2,3,4,5,6,7,8,9]},"QUANTITY_DISTRIBUTION":{"CATEGORY":"Quantity","MIN_VALUE":0,"P10_VALUE":0.5,"P25_VALUE":0.5,"MEDIAN_VALUE":0.5,"P75_VALUE":1,"P90_VALUE":1,"MAX_VALUE":24},"REFILLS_DISTRIBUTION":{"CATEGORY":[],"MIN_VALUE":[],"P10_VALUE":[],"P25_VALUE":[],"MEDIAN_VALUE":[],"P75_VALUE":[],"P90_VALUE":[],"MAX_VALUE":[]}}
