{"AGE_AT_FIRST_EXPOSURE":{"CATEGORY":["MALE","FEMALE"],"MIN_VALUE":[0,0],"P10_VALUE":[34,33],"P25_VALUE":[44,44],"MEDIAN_VALUE":[53,54],"P75_VALUE":[63,65],"P90_VALUE":[75,77],"MAX_VALUE":[302,300]},"DAYS_SUPPLY_DISTRIBUTION":{"CATEGORY":[],"MIN_VALUE":[],"P10_VALUE":[],"P25_VALUE":[],"MEDIAN_VALUE":[],"P75_VALUE":[],"P90_VALUE":[],"MAX_VALUE":[]},"DRUGS_BY_TYPE":{"CONCEPT_NAME":"Prescription written","COUNT_VALUE":3310},"PREVALENCE_BY_GENDER_AGE_YEAR":{"TRELLIS_NAME":["40-49","50-59","50-59","50-59","50-59","40-49","60-69","60-69","30-39","40-49","50-59","40-49","40-49","60-69","50-59","60-69","40-49","40-49","40-49","40-49","50-59","50-59","40-49","60-69","50-59","50-59","40-49","40-49","50-59","40-49","40-49","60-69","50-59","50-59","40-49","40-49","40-49","50-59","60-69","50-59","50-59","40-49","40-49","50-59","40-49","50-59","30-39","40-49","50-59","50-59","60-69","60-69","40-49","50-59","40-49","50-59","40-49","40-49"],"SERIES_NAME":["MALE","MALE","MALE","MALE","MALE","MALE","MALE","MALE","MALE","MALE","MALE","MALE","MALE","MALE","MALE","MALE","MALE","MALE","MALE","MALE","MALE","MALE","MALE","MALE","MALE","MALE","MALE","MALE","MALE","MALE","MALE","MALE","MALE","MALE","MALE","MALE","MALE","MALE","MALE","MALE","MALE","MALE","MALE","MALE","MALE","MALE","MALE","MALE","MALE","MALE","MALE","MALE","MALE","MALE","MALE","MALE","MALE","MALE"],"X_CALENDAR_YEAR":[2103,2104,2106,2109,2112,2113,2114,2117,2117,2118,2118,2119,2121,2124,2124,2126,2127,2128,2130,2132,2134,2136,2139,2144,2146,2148,2148,2149,2151,2151,2152,2153,2154,2157,2158,2159,2160,2161,2162,2164,2167,2170,2172,2175,2179,2179,2180,2181,2181,2183,2184,2186,2187,2189,2191,2192,2199,2200],"Y_PREVALENCE_1000PP":[242.42424,107.14286,112.90323,120.68966,200,275.86207,78.94737,109.09091,352.94118,157.89474,161.29032,230.76923,222.22222,94.59459,220,82.19178,272.72727,193.54839,187.5,171.42857,153.84615,130.43478,171.42857,122.80702,115.38462,173.07692,250,310.34483,150,218.75,233.33333,122.80702,162.7907,117.64706,269.23077,175,233.33333,130.43478,112.90323,117.64706,148.93617,205.88235,320,210.52632,218.75,195.12195,466.66667,242.42424,133.33333,150.9434,159.09091,127.65957,294.11765,120.68966,285.71429,109.09091,307.69231,187.5]},"PREVALENCE_BY_MONTH":{"X_CALENDAR_MONTH":[210307,211803,211807,211812,212605,212611,213003,214511,217012,218606],"Y_PREVALENCE_1000PP":[96.77419,83.33333,83.33333,89.55224,86.95652,78.94737,101.44928,80,117.64706,95.2381]},"DRUG_FREQUENCY_DISTRIBUTION":{"Y_NUM_PERSONS":[5,1,1,0,0,0,0,0],"X_COUNT":[1,2,3,4,5,6,7,8]},"QUANTITY_DISTRIBUTION":{"CATEGORY":"Quantity","MIN_VALUE":0.1,"P10_VALUE":0.2,"P25_VALUE":0.2,"MEDIAN_VALUE":0.2,"P75_VALUE":0.2,"P90_VALUE":0.2,"MAX_VALUE":10},"REFILLS_DISTRIBUTION":{"CATEGORY":[],"MIN_VALUE":[],"P10_VALUE":[],"P25_VALUE":[],"MEDIAN_VALUE":[],"P75_VALUE":[],"P90_VALUE":[],"MAX_VALUE":[]}}
