{"AGE_AT_FIRST_EXPOSURE":{"CATEGORY":["MALE","FEMALE"],"MIN_VALUE":[0,0],"P10_VALUE":[35,37],"P25_VALUE":[50,52],"MEDIAN_VALUE":[62,66],"P75_VALUE":[73,79],"P90_VALUE":[82,86],"MAX_VALUE":[305,302]},"DAYS_SUPPLY_DISTRIBUTION":{"CATEGORY":[],"MIN_VALUE":[],"P10_VALUE":[],"P25_VALUE":[],"MEDIAN_VALUE":[],"P75_VALUE":[],"P90_VALUE":[],"MAX_VALUE":[]},"DRUGS_BY_TYPE":{"CONCEPT_NAME":"Prescription written","COUNT_VALUE":3918},"PREVALENCE_BY_GENDER_AGE_YEAR":{"TRELLIS_NAME":["70-79","60-69","50-59","60-69","70-79","70-79","50-59","50-59","60-69","70-79","50-59","60-69","60-69","60-69","60-69","80-89","60-69","60-69","70-79","50-59","60-69","50-59","70-79","60-69","70-79","60-69","40-49","50-59","70-79","40-49","50-59","50-59","60-69","50-59","60-69","50-59","70-79","60-69","60-69","60-69","60-69","50-59","60-69","50-59","70-79","60-69","50-59","40-49","80-89","50-59","60-69","40-49","50-59","50-59","70-79","60-69","70-79","60-69","60-69","60-69","60-69","50-59","60-69","50-59","60-69","60-69","70-79","50-59","60-69","50-59","60-69","60-69","60-69","70-79","70-79","70-79","60-69","60-69","80-89","60-69","60-69"],"SERIES_NAME":["MALE","MALE","MALE","MALE","MALE","MALE","MALE","MALE","MALE","MALE","MALE","MALE","MALE","MALE","MALE","FEMALE","MALE","MALE","FEMALE","FEMALE","MALE","FEMALE","MALE","MALE","MALE","MALE","MALE","MALE","MALE","MALE","MALE","MALE","MALE","MALE","MALE","MALE","MALE","MALE","MALE","MALE","MALE","MALE","MALE","MALE","MALE","MALE","MALE","MALE","FEMALE","MALE","MALE","MALE","MALE","FEMALE","FEMALE","MALE","MALE","FEMALE","MALE","MALE","MALE","MALE","MALE","MALE","MALE","MALE","MALE","MALE","MALE","MALE","MALE","MALE","MALE","MALE","MALE","MALE","MALE","FEMALE","MALE","MALE","MALE"],"X_CALENDAR_YEAR":[2103,2103,2104,2104,2104,2105,2106,2108,2108,2112,2112,2113,2114,2116,2119,2119,2120,2121,2122,2125,2125,2128,2129,2131,2132,2132,2133,2134,2136,2136,2139,2140,2142,2144,2144,2145,2148,2149,2150,2151,2152,2153,2156,2156,2156,2157,2158,2159,2160,2161,2161,2161,2162,2162,2163,2166,2167,2168,2171,2172,2173,2173,2176,2177,2178,2180,2180,2180,2181,2181,2182,2183,2185,2186,2189,2195,2196,2196,2197,2198,2200],"Y_PREVALENCE_1000PP":[111.11111,136.36364,125,117.64706,130.43478,129.62963,112.90323,157.89474,125,96.77419,109.09091,115.38462,131.57895,101.69492,89.55224,130.43478,134.61538,158.73016,117.64706,187.5,166.66667,176.47059,107.14286,121.21212,107.69231,118.64407,146.34146,153.84615,93.75,162.16216,117.64706,122.44898,101.44928,222.22222,122.80702,125,153.84615,112.90323,109.375,166.66667,117.64706,111.11111,155.17241,148.93617,181.81818,156.86275,107.14286,150,130.43478,130.43478,122.80702,181.81818,175,171.42857,105.26316,122.44898,116.66667,187.5,95.2381,133.33333,132.07547,170.21277,113.20755,109.09091,122.80702,122.44898,98.36066,130.43478,113.20755,133.33333,98.36066,122.44898,156.25,133.33333,169.81132,132.07547,85.71429,130.43478,162.16216,98.36066,86.95652]},"PREVALENCE_BY_MONTH":{"X_CALENDAR_MONTH":[210109,210112,210202,210306,210309,210310,210402,210407,210606,210812,210903,211007,211310,211311,211604,212007,212108,212403,212502,212504,212505,212707,212803,212906,213104,213112,213201,213304,213307,213504,213605,213810,214103,214207,214303,214401,214605,214701,214908,215004,215106,215107,215404,215606,215612,215701,215802,216201,216204,216301,216901,216911,217205,217405,217503,217701,217803,217911,218002,218003,218011,218212,218311,218503,218602,218902,218911,219108,219604,219701,219706],"Y_PREVALENCE_1000PP":[93.75,109.09091,156.86275,107.69231,104.47761,86.41975,128.57143,117.64706,106.06061,88.60759,103.44828,103.44828,109.09091,113.20755,104.47761,118.64407,98.36066,94.59459,102.94118,93.33333,86.95652,83.33333,92.30769,92.10526,95.2381,82.19178,82.35294,75.94937,81.08108,100,81.08108,134.61538,105.26316,123.45679,133.33333,93.33333,122.80702,120.68966,92.30769,109.58904,106.66667,102.5641,92.30769,81.08108,91.95402,98.36066,103.44828,112.90323,89.55224,75.94937,80,93.75,120.68966,94.59459,95.2381,97.22222,75.94937,93.33333,125,102.94118,101.44928,95.2381,86.95652,90.90909,95.2381,102.94118,85.71429,98.36066,66.66667,98.36066,98.59155]},"DRUG_FREQUENCY_DISTRIBUTION":{"Y_NUM_PERSONS":[7,1,0,0,0,0,0,0,0],"X_COUNT":[1,2,3,4,5,6,7,8,9]},"QUANTITY_DISTRIBUTION":{"CATEGORY":"Quantity","MIN_VALUE":0,"P10_VALUE":0.2,"P25_VALUE":0.5,"MEDIAN_VALUE":0.5,"P75_VALUE":1,"P90_VALUE":1.5,"MAX_VALUE":10},"REFILLS_DISTRIBUTION":{"CATEGORY":[],"MIN_VALUE":[],"P10_VALUE":[],"P25_VALUE":[],"MEDIAN_VALUE":[],"P75_VALUE":[],"P90_VALUE":[],"MAX_VALUE":[]}}
