{"AGE_AT_FIRST_EXPOSURE":{"CATEGORY":["MALE","FEMALE"],"MIN_VALUE":[21,19],"P10_VALUE":[48,49],"P25_VALUE":[59,61],"MEDIAN_VALUE":[70,72],"P75_VALUE":[79,82],"P90_VALUE":[84,87],"MAX_VALUE":[308,310]},"DAYS_SUPPLY_DISTRIBUTION":{"CATEGORY":[],"MIN_VALUE":[],"P10_VALUE":[],"P25_VALUE":[],"MEDIAN_VALUE":[],"P75_VALUE":[],"P90_VALUE":[],"MAX_VALUE":[]},"DRUGS_BY_TYPE":{"CONCEPT_NAME":"Prescription written","COUNT_VALUE":5659},"PREVALENCE_BY_GENDER_AGE_YEAR":{"TRELLIS_NAME":["70-79","70-79","60-69","80-89","80-89","70-79","60-69","70-79","60-69","70-79","70-79","80-89","60-69","70-79","70-79","60-69","70-79","60-69","70-79","60-69","70-79","70-79","80-89","70-79","70-79","80-89","60-69","70-79","70-79","60-69","60-69","70-79","80-89","50-59","80-89","60-69","80-89","50-59","70-79","60-69","70-79","80-89","50-59","60-69","80-89","80-89","70-79","60-69","70-79","60-69","80-89","60-69","80-89","70-79","70-79","70-79","60-69","50-59","70-79","70-79","70-79","70-79","70-79","60-69","70-79","50-59","60-69","60-69","70-79","70-79","60-69","70-79","60-69","50-59","80-89","80-89","70-79","80-89","70-79","60-69","80-89","80-89","70-79","60-69","70-79","70-79","60-69","80-89","70-79","70-79"],"SERIES_NAME":["MALE","MALE","MALE","MALE","FEMALE","MALE","MALE","MALE","MALE","MALE","FEMALE","MALE","FEMALE","MALE","MALE","MALE","MALE","MALE","MALE","MALE","MALE","MALE","MALE","MALE","MALE","MALE","MALE","MALE","MALE","MALE","FEMALE","MALE","MALE","MALE","FEMALE","MALE","FEMALE","FEMALE","FEMALE","FEMALE","MALE","FEMALE","MALE","MALE","FEMALE","MALE","MALE","MALE","MALE","MALE","FEMALE","MALE","MALE","MALE","FEMALE","MALE","MALE","MALE","MALE","MALE","MALE","MALE","FEMALE","MALE","MALE","MALE","MALE","FEMALE","MALE","MALE","MALE","MALE","MALE","MALE","FEMALE","MALE","MALE","FEMALE","FEMALE","FEMALE","MALE","MALE","MALE","MALE","MALE","MALE","MALE","FEMALE","MALE","MALE"],"X_CALENDAR_YEAR":[2103,2105,2105,2107,2111,2112,2112,2114,2115,2117,2117,2118,2123,2123,2124,2124,2126,2126,2127,2127,2128,2129,2129,2132,2133,2133,2134,2135,2136,2137,2137,2137,2137,2141,2141,2142,2143,2144,2144,2144,2145,2146,2148,2151,2155,2155,2156,2158,2159,2162,2162,2165,2166,2167,2168,2168,2169,2169,2169,2170,2171,2172,2174,2177,2177,2177,2178,2180,2180,2181,2182,2185,2185,2187,2187,2188,2189,2189,2190,2193,2193,2194,2194,2194,2195,2196,2197,2197,2197,2200],"Y_PREVALENCE_1000PP":[129.62963,148.14815,114.28571,130.43478,111.11111,96.77419,148.14815,220,116.66667,136.36364,136.36364,142.85714,159.09091,116.66667,107.14286,81.08108,127.27273,82.19178,103.44828,130.43478,200,142.85714,187.5,92.30769,129.62963,136.36364,127.65957,163.26531,93.75,115.38462,136.36364,140,166.66667,117.64706,157.89474,101.44928,153.84615,187.5,136.36364,139.53488,96.77419,133.33333,115.38462,111.11111,153.84615,133.33333,181.81818,125,117.64706,96.77419,210.52632,133.33333,133.33333,100,145.45455,122.44898,81.08108,173.91304,125,113.20755,157.89474,166.66667,148.14815,125,95.2381,109.09091,122.80702,218.75,131.14754,120,98.36066,120,109.375,93.75,166.66667,136.36364,113.20755,166.66667,170.73171,142.85714,187.5,153.84615,145.45455,140,169.81132,117.64706,111.11111,184.21053,132.07547,107.69231]},"PREVALENCE_BY_MONTH":{"X_CALENDAR_MONTH":[210702,210811,211503,211509,211809,211905,212201,212211,212311,212808,212906,212907,212908,213106,213703,213704,214103,214107,214110,214208,214209,214404,214410,214412,214509,214511,214512,214805,214812,214905,215107,215810,216503,216504,216508,216708,216811,216903,217804,218003,218705,219003,219401,219407,219506,220003],"Y_PREVALENCE_1000PP":[92.30769,95.2381,93.75,106.06061,81.08108,86.95652,74.07407,117.64706,121.21212,119.40299,78.94737,85.71429,97.22222,92.10526,89.74359,76.92308,92.10526,80,98.36066,115.38462,151.51515,115.38462,101.69492,119.40299,83.33333,93.33333,86.95652,72.28916,126.76056,134.32836,76.92308,96.77419,109.375,150,126.98413,138.46154,109.09091,105.26316,87.5,88.23529,89.55224,89.55224,108.10811,153.84615,109.09091,81.08108]},"DRUG_FREQUENCY_DISTRIBUTION":{"Y_NUM_PERSONS":[6,3,1,1,0,0,0,0,0,0,0,0,0,0,0],"X_COUNT":[1,2,3,4,5,6,7,8,9,10,11,12,13,14,15]},"QUANTITY_DISTRIBUTION":{"CATEGORY":"Quantity","MIN_VALUE":0,"P10_VALUE":1,"P25_VALUE":1,"MEDIAN_VALUE":1,"P75_VALUE":2,"P90_VALUE":3,"MAX_VALUE":7},"REFILLS_DISTRIBUTION":{"CATEGORY":[],"MIN_VALUE":[],"P10_VALUE":[],"P25_VALUE":[],"MEDIAN_VALUE":[],"P75_VALUE":[],"P90_VALUE":[],"MAX_VALUE":[]}}
