{"AGE_AT_FIRST_EXPOSURE":{"CATEGORY":["MALE","FEMALE"],"MIN_VALUE":[19,18],"P10_VALUE":[46,47],"P25_VALUE":[59,61],"MEDIAN_VALUE":[73,76],"P75_VALUE":[82,85],"P90_VALUE":[88,300],"MAX_VALUE":[310,307]},"DAYS_SUPPLY_DISTRIBUTION":{"CATEGORY":[],"MIN_VALUE":[],"P10_VALUE":[],"P25_VALUE":[],"MEDIAN_VALUE":[],"P75_VALUE":[],"P90_VALUE":[],"MAX_VALUE":[]},"DRUGS_BY_TYPE":{"CONCEPT_NAME":"Prescription written","COUNT_VALUE":4675},"PREVALENCE_BY_GENDER_AGE_YEAR":{"TRELLIS_NAME":["70-79","80-89","70-79","80-89","50-59","80-89","80-89","80-89","80-89","80-89","70-79","70-79","80-89","70-79","80-89","70-79","80-89","80-89","70-79","80-89","80-89","300-309","70-79","80-89","70-79"],"SERIES_NAME":["MALE","MALE","MALE","FEMALE","MALE","MALE","MALE","FEMALE","MALE","MALE","MALE","MALE","FEMALE","MALE","FEMALE","MALE","MALE","MALE","FEMALE","MALE","MALE","FEMALE","MALE","FEMALE","MALE"],"X_CALENDAR_YEAR":[2106,2107,2108,2109,2112,2117,2118,2119,2124,2127,2130,2140,2152,2153,2154,2154,2166,2169,2174,2179,2182,2183,2185,2188,2199],"Y_PREVALENCE_1000PP":[136.36364,152.17391,126.98413,142.85714,127.27273,136.36364,142.85714,130.43478,153.84615,166.66667,107.14286,133.33333,142.85714,96.77419,241.37931,122.44898,133.33333,139.53488,111.11111,212.12121,150,285.71429,120,153.84615,152.54237]},"PREVALENCE_BY_MONTH":{"X_CALENDAR_MONTH":[211109,211904,211905,212505,213001,213002,213709,214009,214905,215601,217212,217902,217911,218108,218808,219109,219305,219412,219604,220003],"Y_PREVALENCE_1000PP":[93.75,100,86.95652,86.95652,122.44898,90.90909,103.44828,80,89.55224,105.26316,113.20755,107.69231,80,89.55224,84.50704,111.11111,88.23529,80,66.66667,81.08108]},"DRUG_FREQUENCY_DISTRIBUTION":{"Y_NUM_PERSONS":[5,2,1,1,0,0,0,0,0,0,0],"X_COUNT":[1,2,3,4,5,6,7,8,9,10,11]},"QUANTITY_DISTRIBUTION":{"CATEGORY":"Quantity","MIN_VALUE":0,"P10_VALUE":0.5,"P25_VALUE":0.5,"MEDIAN_VALUE":1,"P75_VALUE":1,"P90_VALUE":1,"MAX_VALUE":4},"REFILLS_DISTRIBUTION":{"CATEGORY":[],"MIN_VALUE":[],"P10_VALUE":[],"P25_VALUE":[],"MEDIAN_VALUE":[],"P75_VALUE":[],"P90_VALUE":[],"MAX_VALUE":[]}}
