{"AGE_AT_FIRST_EXPOSURE":{"CATEGORY":["FEMALE","MALE"],"MIN_VALUE":[17,17],"P10_VALUE":[34,34],"P25_VALUE":[44,44],"MEDIAN_VALUE":[54,54],"P75_VALUE":[64,64],"P90_VALUE":[74,73],"MAX_VALUE":[307,300]},"DAYS_SUPPLY_DISTRIBUTION":{"CATEGORY":[],"MIN_VALUE":[],"P10_VALUE":[],"P25_VALUE":[],"MEDIAN_VALUE":[],"P75_VALUE":[],"P90_VALUE":[],"MAX_VALUE":[]},"DRUGS_BY_TYPE":{"CONCEPT_NAME":"Prescription written","COUNT_VALUE":3652},"PREVALENCE_BY_GENDER_AGE_YEAR":{"TRELLIS_NAME":["50-59","40-49","50-59","60-69","50-59","60-69","60-69","50-59","50-59","60-69","50-59","60-69","40-49","60-69","50-59","60-69","60-69","40-49","50-59","40-49","50-59","50-59","60-69","50-59","50-59","40-49","40-49","30-39","50-59","50-59","60-69","60-69","40-49","40-49"],"SERIES_NAME":["MALE","MALE","MALE","MALE","MALE","MALE","MALE","MALE","MALE","MALE","FEMALE","MALE","MALE","MALE","MALE","MALE","MALE","MALE","MALE","MALE","MALE","MALE","MALE","MALE","MALE","MALE","MALE","MALE","MALE","MALE","MALE","MALE","MALE","MALE"],"X_CALENDAR_YEAR":[2102,2103,2111,2116,2118,2120,2124,2125,2126,2126,2127,2129,2131,2132,2134,2137,2138,2144,2148,2149,2149,2154,2158,2161,2164,2166,2179,2180,2181,2184,2184,2185,2187,2191],"Y_PREVALENCE_1000PP":[155.55556,181.81818,115.38462,118.64407,96.77419,115.38462,94.59459,125,171.42857,109.58904,214.28571,152.54237,214.28571,101.69492,153.84615,115.38462,88.23529,157.89474,134.61538,275.86207,166.66667,186.04651,125,152.17391,117.64706,166.66667,187.5,400,155.55556,96.77419,136.36364,93.75,176.47059,214.28571]},"PREVALENCE_BY_MONTH":{"X_CALENDAR_MONTH":[210203,210402,210811,211106,211604,212511,212701,212903,213210,216405,216407,217307,217904,218203,218307,218507,219103,219705],"Y_PREVALENCE_1000PP":[81.08108,85.71429,95.2381,88.23529,119.40299,100,105.26316,75.94937,80,86.95652,83.33333,86.95652,76.92308,100,88.23529,84.50704,84.50704,77.92208]},"DRUG_FREQUENCY_DISTRIBUTION":{"Y_NUM_PERSONS":[4,2,1,0,0,0,0,0,0,0,0,0,0],"X_COUNT":[1,2,3,4,5,6,7,8,9,10,11,12,13]},"QUANTITY_DISTRIBUTION":{"CATEGORY":"Quantity","MIN_VALUE":0.25,"P10_VALUE":1,"P25_VALUE":1,"MEDIAN_VALUE":1,"P75_VALUE":1,"P90_VALUE":2,"MAX_VALUE":7},"REFILLS_DISTRIBUTION":{"CATEGORY":[],"MIN_VALUE":[],"P10_VALUE":[],"P25_VALUE":[],"MEDIAN_VALUE":[],"P75_VALUE":[],"P90_VALUE":[],"MAX_VALUE":[]}}
