{"AGE_AT_FIRST_EXPOSURE":{"CATEGORY":["MALE","FEMALE"],"MIN_VALUE":[18,18],"P10_VALUE":[42,42],"P25_VALUE":[53,53],"MEDIAN_VALUE":[65,67],"P75_VALUE":[78,80],"P90_VALUE":[86,88],"MAX_VALUE":[310,309]},"DAYS_SUPPLY_DISTRIBUTION":{"CATEGORY":[],"MIN_VALUE":[],"P10_VALUE":[],"P25_VALUE":[],"MEDIAN_VALUE":[],"P75_VALUE":[],"P90_VALUE":[],"MAX_VALUE":[]},"DRUGS_BY_TYPE":{"CONCEPT_NAME":"Prescription written","COUNT_VALUE":2685},"PREVALENCE_BY_GENDER_AGE_YEAR":{"TRELLIS_NAME":["60-69","80-89","80-89","60-69","70-79","60-69","70-79","50-59","60-69","60-69"],"SERIES_NAME":["MALE","MALE","MALE","MALE","MALE","MALE","MALE","MALE","MALE","MALE"],"X_CALENDAR_YEAR":[2105,2107,2112,2132,2147,2148,2165,2166,2195,2196],"Y_PREVALENCE_1000PP":[85.71429,130.43478,162.16216,101.69492,122.80702,101.69492,111.11111,140,85.71429,85.71429]},"PREVALENCE_BY_MONTH":{"X_CALENDAR_MONTH":[210512,213002,213604,214503,215304,215703,215907,216105,216109,217601,219211,219602,220004],"Y_PREVALENCE_1000PP":[89.55224,90.90909,83.33333,86.95652,86.95652,114.28571,95.2381,106.06061,101.44928,107.14286,84.50704,120.68966,71.42857]},"DRUG_FREQUENCY_DISTRIBUTION":{"Y_NUM_PERSONS":[4,1,0,0,0],"X_COUNT":[1,2,3,4,5]},"QUANTITY_DISTRIBUTION":{"CATEGORY":"Quantity","MIN_VALUE":1,"P10_VALUE":1,"P25_VALUE":1,"MEDIAN_VALUE":1,"P75_VALUE":1,"P90_VALUE":1,"MAX_VALUE":1},"REFILLS_DISTRIBUTION":{"CATEGORY":[],"MIN_VALUE":[],"P10_VALUE":[],"P25_VALUE":[],"MEDIAN_VALUE":[],"P75_VALUE":[],"P90_VALUE":[],"MAX_VALUE":[]}}
