{"AGE_AT_FIRST_EXPOSURE":{"CATEGORY":["FEMALE","MALE"],"MIN_VALUE":[22,19],"P10_VALUE":[53,49],"P25_VALUE":[62,58],"MEDIAN_VALUE":[73,67],"P75_VALUE":[83,76],"P90_VALUE":[88,84],"MAX_VALUE":[304,310]},"DAYS_SUPPLY_DISTRIBUTION":{"CATEGORY":[],"MIN_VALUE":[],"P10_VALUE":[],"P25_VALUE":[],"MEDIAN_VALUE":[],"P75_VALUE":[],"P90_VALUE":[],"MAX_VALUE":[]},"DRUGS_BY_TYPE":{"CONCEPT_NAME":"Prescription written","COUNT_VALUE":3284},"PREVALENCE_BY_GENDER_AGE_YEAR":{"TRELLIS_NAME":["70-79","60-69","80-89","60-69","60-69","70-79","60-69","60-69","60-69","80-89","70-79","60-69","50-59","70-79","70-79","60-69","60-69","80-89","60-69","60-69","70-79","60-69","50-59","60-69","60-69","60-69","70-79","60-69","70-79","70-79","80-89","80-89","60-69","60-69","60-69","60-69","70-79","50-59","80-89","70-79"],"SERIES_NAME":["MALE","MALE","FEMALE","MALE","MALE","MALE","MALE","FEMALE","MALE","FEMALE","MALE","MALE","MALE","MALE","FEMALE","MALE","MALE","FEMALE","MALE","MALE","FEMALE","MALE","MALE","MALE","MALE","MALE","FEMALE","MALE","MALE","FEMALE","MALE","FEMALE","FEMALE","MALE","MALE","MALE","FEMALE","MALE","FEMALE","MALE"],"X_CALENDAR_YEAR":[2105,2108,2111,2113,2118,2119,2121,2125,2126,2127,2128,2130,2131,2132,2138,2138,2141,2143,2143,2145,2146,2150,2153,2154,2156,2160,2160,2162,2162,2163,2165,2173,2174,2179,2184,2185,2191,2193,2195,2197],"Y_PREVALENCE_1000PP":[129.62963,107.14286,129.62963,153.84615,93.75,180.32787,95.2381,150,82.19178,187.5,140,127.65957,125,107.69231,175,102.94118,101.69492,153.84615,111.11111,155.17241,176.47059,93.75,111.11111,150.9434,103.44828,130.43478,153.84615,112.90323,140.35088,122.80702,150,145.83333,176.47059,109.09091,136.36364,93.75,139.53488,134.61538,136.36364,113.20755]},"PREVALENCE_BY_MONTH":{"X_CALENDAR_MONTH":[211806,213002,214311,214312,214612,215406,216803,217405,219107,219604,219706,219907],"Y_PREVALENCE_1000PP":[80,90.90909,93.75,90.90909,94.59459,94.59459,109.375,108.10811,116.66667,77.77778,98.59155,82.19178]},"DRUG_FREQUENCY_DISTRIBUTION":{"Y_NUM_PERSONS":[5,2,1,0,0,0,0],"X_COUNT":[1,2,3,4,5,6,7]},"QUANTITY_DISTRIBUTION":{"CATEGORY":"Quantity","MIN_VALUE":0.25,"P10_VALUE":1,"P25_VALUE":1,"MEDIAN_VALUE":1,"P75_VALUE":1,"P90_VALUE":1.5,"MAX_VALUE":4},"REFILLS_DISTRIBUTION":{"CATEGORY":[],"MIN_VALUE":[],"P10_VALUE":[],"P25_VALUE":[],"MEDIAN_VALUE":[],"P75_VALUE":[],"P90_VALUE":[],"MAX_VALUE":[]}}
