{"AGE_AT_FIRST_EXPOSURE":{"CATEGORY":["MALE","FEMALE"],"MIN_VALUE":[25,20],"P10_VALUE":[51,55],"P25_VALUE":[60,65],"MEDIAN_VALUE":[68,74],"P75_VALUE":[77,82],"P90_VALUE":[84,88],"MAX_VALUE":[311,310]},"DAYS_SUPPLY_DISTRIBUTION":{"CATEGORY":[],"MIN_VALUE":[],"P10_VALUE":[],"P25_VALUE":[],"MEDIAN_VALUE":[],"P75_VALUE":[],"P90_VALUE":[],"MAX_VALUE":[]},"DRUGS_BY_TYPE":{"CONCEPT_NAME":"Prescription written","COUNT_VALUE":3745},"PREVALENCE_BY_GENDER_AGE_YEAR":{"TRELLIS_NAME":["60-69","80-89","70-79","70-79","80-89","70-79","70-79","60-69","70-79","60-69","70-79","70-79","80-89","60-69","70-79","70-79","60-69","60-69","70-79","70-79","70-79","70-79","60-69","50-59","60-69","80-89","70-79","70-79","60-69","70-79","60-69","60-69","70-79","70-79","60-69","80-89","60-69","80-89","70-79","60-69","60-69","60-69","70-79","50-59","70-79","70-79","60-69","60-69","60-69","50-59","60-69","60-69","60-69","60-69","80-89","80-89","60-69","70-79","60-69","70-79","80-89","70-79","70-79","70-79","70-79","70-79","70-79","60-69","70-79","80-89","60-69","70-79","60-69","60-69","60-69","60-69","80-89","60-69","70-79","60-69","70-79","60-69","70-79","60-69","60-69","80-89","60-69","80-89","70-79","80-89","60-69","70-79","80-89","70-79","70-79"],"SERIES_NAME":["MALE","FEMALE","MALE","MALE","FEMALE","MALE","MALE","MALE","MALE","MALE","MALE","MALE","MALE","FEMALE","MALE","FEMALE","MALE","MALE","MALE","FEMALE","MALE","MALE","MALE","MALE","MALE","FEMALE","MALE","MALE","MALE","MALE","MALE","MALE","MALE","MALE","MALE","MALE","MALE","FEMALE","MALE","MALE","MALE","MALE","FEMALE","MALE","MALE","FEMALE","MALE","MALE","MALE","MALE","MALE","FEMALE","MALE","MALE","MALE","FEMALE","MALE","MALE","MALE","FEMALE","MALE","FEMALE","MALE","MALE","MALE","MALE","FEMALE","MALE","MALE","FEMALE","MALE","MALE","MALE","MALE","MALE","MALE","FEMALE","MALE","MALE","MALE","MALE","MALE","MALE","MALE","MALE","FEMALE","MALE","MALE","FEMALE","MALE","MALE","MALE","MALE","MALE","MALE"],"X_CALENDAR_YEAR":[2102,2103,2105,2106,2106,2107,2112,2113,2114,2114,2115,2116,2118,2118,2119,2119,2120,2122,2122,2122,2123,2124,2125,2125,2126,2127,2128,2129,2129,2131,2131,2132,2134,2136,2136,2137,2138,2138,2139,2139,2142,2143,2145,2145,2146,2146,2147,2150,2152,2153,2153,2156,2156,2157,2158,2160,2161,2162,2162,2163,2165,2166,2167,2170,2171,2172,2173,2175,2177,2177,2177,2178,2178,2179,2182,2183,2184,2185,2187,2188,2188,2189,2190,2190,2191,2192,2193,2194,2194,2195,2197,2197,2198,2199,2200],"Y_PREVALENCE_1000PP":[207.54717,193.54839,111.11111,136.36364,133.33333,142.85714,96.77419,115.38462,120,92.10526,158.73016,127.65957,142.85714,134.61538,98.36066,189.18919,115.38462,111.11111,127.65957,137.2549,100,142.85714,111.11111,166.66667,136.9863,218.75,120,125,101.69492,105.26316,106.06061,118.64407,92.30769,93.75,147.54098,194.44444,102.94118,115.38462,105.26316,135.59322,101.44928,95.2381,142.85714,107.14286,101.69492,176.47059,111.11111,140.625,117.64706,111.11111,105.26316,142.85714,120.68966,137.2549,162.16216,130.43478,140.35088,105.26316,96.77419,122.80702,150,120,100,132.07547,157.89474,111.11111,111.11111,121.21212,95.2381,146.34146,156.25,96.77419,105.26316,109.09091,147.54098,142.85714,166.66667,125,100,125,111.11111,112.90323,122.80702,160.71429,109.09091,146.34146,115.38462,179.48718,189.18919,162.16216,111.11111,169.81132,181.81818,101.69492,123.07692]},"PREVALENCE_BY_MONTH":{"X_CALENDAR_MONTH":[210206,210209,210406,211203,211502,211608,211806,211905,211909,212201,212406,212412,212512,212708,212901,213101,213208,213704,213706,213812,213904,213908,213909,213912,214704,215103,215306,215406,215505,215612,216112,216501,217312,217506,217701,217703,217706,217901,218102,218810,219002,219102,219907,220105],"Y_PREVALENCE_1000PP":[125,109.09091,150.9434,85.36585,89.55224,90.90909,80,101.44928,93.33333,74.07407,114.7541,96.77419,120,113.20755,101.44928,127.27273,68.96552,76.92308,111.11111,107.14286,95.2381,82.19178,114.28571,95.89041,148.93617,88.23529,113.92405,81.08108,93.75,103.44828,132.07547,90.90909,90.90909,118.64407,83.33333,119.40299,105.26316,103.44828,127.27273,131.14754,107.69231,92.30769,82.19178,103.44828]},"DRUG_FREQUENCY_DISTRIBUTION":{"Y_NUM_PERSONS":[5,2,1,0,0,0,0],"X_COUNT":[1,2,3,4,5,6,7]},"QUANTITY_DISTRIBUTION":{"CATEGORY":"Quantity","MIN_VALUE":0.25,"P10_VALUE":1,"P25_VALUE":1,"MEDIAN_VALUE":1,"P75_VALUE":1,"P90_VALUE":2,"MAX_VALUE":2},"REFILLS_DISTRIBUTION":{"CATEGORY":[],"MIN_VALUE":[],"P10_VALUE":[],"P25_VALUE":[],"MEDIAN_VALUE":[],"P75_VALUE":[],"P90_VALUE":[],"MAX_VALUE":[]}}
