{"PREVALENCE_BY_GENDER_AGE_YEAR":{"TRELLIS_NAME":["70-79","40-49","60-69","70-79","60-69","70-79","50-59","60-69","50-59","70-79","60-69","70-79","70-79","50-59"],"SERIES_NAME":["MALE","MALE","MALE","MALE","MALE","MALE","MALE","MALE","MALE","MALE","MALE","MALE","MALE","FEMALE"],"X_CALENDAR_YEAR":[2116,2118,2127,2129,2131,2139,2148,2150,2150,2162,2168,2179,2185,2187],"Y_PREVALENCE_1000PP":[148.93617,157.89474,130.43478,107.14286,90.90909,105.26316,134.61538,109.375,133.33333,105.26316,107.14286,95.2381,140,171.42857]},"PREVALENCE_BY_MONTH":{"X_CALENDAR_MONTH":[211810,213012,213307,214812,215612,217801,218406,218509],"Y_PREVALENCE_1000PP":[96.77419,90.90909,81.08108,84.50704,103.44828,114.28571,95.2381,107.14286]},"PROCEDURE_FREQUENCY_DISTRIBUTION":{"Y_NUM_PERSONS":[4,0,0],"X_COUNT":[1,2,3]},"PROCEDURES_BY_TYPE":{"CONCEPT_NAME":"Procedure recorded as diagnostic code","COUNT_VALUE":2028},"AGE_AT_FIRST_OCCURRENCE":{"CATEGORY":["FEMALE","MALE"],"MIN_VALUE":[0,0],"P10_VALUE":[39,41],"P25_VALUE":[53,53],"MEDIAN_VALUE":[68,66],"P75_VALUE":[79,77],"P90_VALUE":[86,84],"MAX_VALUE":[306,306]}}
