{"PREVALENCE_BY_GENDER_AGE_YEAR":{"TRELLIS_NAME":["70-79","70-79","80-89","70-79","70-79","70-79","80-89","70-79","70-79","80-89","70-79","70-79","70-79","60-69","80-89","70-79"],"SERIES_NAME":["MALE","MALE","MALE","FEMALE","FEMALE","MALE","FEMALE","FEMALE","MALE","FEMALE","FEMALE","MALE","FEMALE","MALE","MALE","MALE"],"X_CALENDAR_YEAR":[2104,2105,2106,2122,2129,2129,2135,2143,2146,2146,2150,2162,2163,2165,2174,2197],"Y_PREVALENCE_1000PP":[152.17391,148.14815,153.84615,117.64706,130.43478,107.14286,150,120,135.59322,133.33333,162.16216,105.26316,105.26316,116.66667,175,113.20755]},"PREVALENCE_BY_MONTH":{"X_CALENDAR_MONTH":[211605,219706],"Y_PREVALENCE_1000PP":[107.69231,84.50704]},"PROCEDURE_FREQUENCY_DISTRIBUTION":{"Y_NUM_PERSONS":[3,0],"X_COUNT":[1,2]},"PROCEDURES_BY_TYPE":{"CONCEPT_NAME":"Procedure recorded as diagnostic code","COUNT_VALUE":1419},"AGE_AT_FIRST_OCCURRENCE":{"CATEGORY":["MALE","FEMALE"],"MIN_VALUE":[23,32],"P10_VALUE":[54,63],"P25_VALUE":[64,71],"MEDIAN_VALUE":[73,77],"P75_VALUE":[80,82],"P90_VALUE":[84,86],"MAX_VALUE":[310,307]}}
