{"PREVALENCE_BY_GENDER_AGE_YEAR":{"TRELLIS_NAME":["50-59","50-59","60-69","70-79","60-69","60-69","50-59","50-59","60-69"],"SERIES_NAME":["FEMALE","MALE","MALE","MALE","FEMALE","FEMALE","MALE","FEMALE","MALE"],"X_CALENDAR_YEAR":[2104,2129,2161,2166,2167,2173,2174,2185,2192],"Y_PREVALENCE_1000PP":[176.47059,136.36364,105.26316,125,166.66667,130.43478,125,187.5,100]},"PREVALENCE_BY_MONTH":{"X_CALENDAR_MONTH":[210107,211708,213003,215107,217405,217509,218710],"Y_PREVALENCE_1000PP":[95.2381,86.95652,101.44928,76.92308,81.08108,83.33333,89.55224]},"PROCEDURE_FREQUENCY_DISTRIBUTION":{"Y_NUM_PERSONS":[4,1,0,0],"X_COUNT":[1,2,3,4]},"PROCEDURES_BY_TYPE":{"CONCEPT_NAME":"EHR order list entry","COUNT_VALUE":2153},"AGE_AT_FIRST_OCCURRENCE":{"CATEGORY":["MALE","FEMALE"],"MIN_VALUE":[16,18],"P10_VALUE":[32,36],"P25_VALUE":[48,50],"MEDIAN_VALUE":[60,63],"P75_VALUE":[72,77],"P90_VALUE":[81,86],"MAX_VALUE":[303,305]}}
