{"PREVALENCE_BY_GENDER_AGE_YEAR":{"TRELLIS_NAME":["70-79","60-69","70-79","60-69","60-69","60-69","60-69","60-69","70-79","60-69","70-79","70-79","60-69","70-79","70-79","60-69","70-79","60-69","60-69","60-69","60-69","60-69","60-69","70-79","60-69","60-69","70-79","70-79","70-79","60-69","60-69","50-59","60-69","60-69","60-69","60-69","60-69","70-79","70-79","60-69","60-69"],"SERIES_NAME":["MALE","MALE","MALE","MALE","MALE","MALE","MALE","MALE","MALE","MALE","MALE","MALE","MALE","MALE","MALE","MALE","MALE","MALE","MALE","MALE","MALE","MALE","MALE","MALE","MALE","MALE","MALE","MALE","MALE","MALE","MALE","MALE","MALE","MALE","MALE","MALE","MALE","MALE","MALE","MALE","MALE"],"X_CALENDAR_YEAR":[2101,2104,2105,2105,2107,2110,2114,2118,2121,2126,2129,2132,2133,2133,2138,2138,2141,2150,2151,2152,2154,2155,2157,2158,2162,2164,2165,2166,2168,2171,2175,2177,2177,2178,2180,2182,2185,2187,2190,2199,2200],"Y_PREVALENCE_1000PP":[132.07547,117.64706,111.11111,100,195.12195,111.11111,78.94737,93.75,162.16216,136.9863,107.14286,92.30769,132.35294,111.11111,109.09091,102.94118,122.44898,140.625,97.22222,137.2549,113.20755,125,137.2549,113.20755,112.90323,107.69231,111.11111,93.75,122.44898,95.2381,121.21212,145.45455,93.75,105.26316,122.44898,114.7541,93.75,100,105.26316,109.09091,86.95652]},"PREVALENCE_BY_MONTH":{"X_CALENDAR_MONTH":[211007,212906,216205,219003],"Y_PREVALENCE_1000PP":[103.44828,78.94737,105.26316,89.55224]},"PROCEDURE_FREQUENCY_DISTRIBUTION":{"Y_NUM_PERSONS":[3,2],"X_COUNT":[1,2]},"PROCEDURES_BY_TYPE":{"CONCEPT_NAME":"Hospitalization Cost Record","COUNT_VALUE":2216},"AGE_AT_FIRST_OCCURRENCE":{"CATEGORY":["FEMALE","MALE"],"MIN_VALUE":[45,26],"P10_VALUE":[58,54],"P25_VALUE":[64,61],"MEDIAN_VALUE":[72,67],"P75_VALUE":[79,75],"P90_VALUE":[84,81],"MAX_VALUE":[300,300]}}
