{"PREVALENCE_BY_GENDER_AGE_YEAR":{"TRELLIS_NAME":["60-69","50-59","60-69","60-69","60-69","60-69","70-79","50-59","80-89"],"SERIES_NAME":["MALE","MALE","FEMALE","MALE","MALE","FEMALE","FEMALE","MALE","FEMALE"],"X_CALENDAR_YEAR":[2122,2124,2128,2129,2140,2167,2174,2179,2179],"Y_PREVALENCE_1000PP":[111.11111,120,187.5,101.69492,96.77419,142.85714,111.11111,146.34146,130.43478]},"PREVALENCE_BY_MONTH":{"X_CALENDAR_MONTH":[210911,211607,211711,216704,217910,218406,218812],"Y_PREVALENCE_1000PP":[95.2381,84.50704,100,78.94737,87.5,95.2381,75.94937]},"PROCEDURE_FREQUENCY_DISTRIBUTION":{"Y_NUM_PERSONS":[4,1,0,0,0,0,0],"X_COUNT":[1,2,3,4,5,6,7]},"PROCEDURES_BY_TYPE":{"CONCEPT_NAME":"EHR order list entry","COUNT_VALUE":2848},"AGE_AT_FIRST_OCCURRENCE":{"CATEGORY":["MALE","FEMALE"],"MIN_VALUE":[16,17],"P10_VALUE":[34,41],"P25_VALUE":[50,54],"MEDIAN_VALUE":[63,68],"P75_VALUE":[74,81],"P90_VALUE":[83,88],"MAX_VALUE":[310,309]}}
