{"PREVALENCE_BY_GENDER_AGE_YEAR":{"TRELLIS_NAME":["60-69","70-79","60-69","60-69","70-79","60-69","80-89","70-79","60-69","50-59","40-49","60-69","70-79","80-89","60-69","70-79","80-89","70-79","50-59","60-69","50-59","70-79","60-69","60-69","60-69","70-79","50-59","40-49","70-79","50-59","40-49","50-59","60-69","70-79","50-59","80-89","50-59","70-79"],"SERIES_NAME":["MALE","MALE","MALE","MALE","MALE","MALE","FEMALE","MALE","MALE","MALE","MALE","MALE","MALE","FEMALE","MALE","MALE","MALE","FEMALE","MALE","MALE","MALE","MALE","MALE","MALE","MALE","MALE","MALE","MALE","FEMALE","MALE","MALE","MALE","MALE","MALE","MALE","FEMALE","MALE","MALE"],"X_CALENDAR_YEAR":[2116,2116,2118,2119,2122,2123,2130,2135,2136,2137,2137,2138,2140,2142,2142,2148,2149,2154,2158,2160,2162,2162,2163,2165,2171,2176,2177,2178,2179,2179,2180,2184,2185,2185,2187,2188,2193,2199],"Y_PREVALENCE_1000PP":[118.64407,148.93617,140.625,119.40299,170.21277,130.43478,127.65957,122.44898,98.36066,150,200,102.94118,133.33333,127.65957,86.95652,153.84615,162.16216,120,107.14286,86.95652,150,105.26316,105.26316,116.66667,111.11111,122.44898,109.09091,176.47059,152.17391,146.34146,222.22222,96.77419,109.375,160,109.375,179.48718,115.38462,101.69492]},"PREVALENCE_BY_MONTH":{"X_CALENDAR_MONTH":[210710,211010,211807,211907,212205,212406,212608,213003,213212,213612,213710,215004,215808,216710,216803,217803,217910,218011,218710,219009,219212],"Y_PREVALENCE_1000PP":[107.14286,115.38462,83.33333,101.69492,90.90909,114.7541,84.50704,86.95652,95.89041,120,96.77419,82.19178,86.95652,112.90323,93.75,88.60759,100,101.44928,89.55224,131.57895,95.2381]},"PROCEDURE_FREQUENCY_DISTRIBUTION":{"Y_NUM_PERSONS":[5,1,0,0,0],"X_COUNT":[1,2,3,4,5]},"PROCEDURES_BY_TYPE":{"CONCEPT_NAME":"Procedure recorded as diagnostic code","COUNT_VALUE":2919},"AGE_AT_FIRST_OCCURRENCE":{"CATEGORY":["FEMALE","MALE"],"MIN_VALUE":[0,0],"P10_VALUE":[43,43],"P25_VALUE":[55,52],"MEDIAN_VALUE":[68,65],"P75_VALUE":[80,77],"P90_VALUE":[88,84],"MAX_VALUE":[307,306]}}
