{"PREVALENCE_BY_GENDER_AGE_YEAR":{"TRELLIS_NAME":["70-79","70-79","70-79","60-69","60-69","70-79","60-69","60-69","70-79","60-69","60-69","50-59","70-79","70-79","70-79","70-79","60-69","60-69","60-69","60-69","70-79","50-59","60-69","70-79","70-79","80-89","70-79","60-69","70-79","60-69","70-79","60-69","60-69","50-59","60-69","60-69","60-69","70-79"],"SERIES_NAME":["MALE","MALE","MALE","MALE","MALE","FEMALE","MALE","MALE","FEMALE","MALE","MALE","MALE","FEMALE","MALE","FEMALE","MALE","MALE","MALE","MALE","MALE","MALE","MALE","MALE","MALE","MALE","MALE","MALE","MALE","MALE","MALE","FEMALE","MALE","MALE","MALE","MALE","MALE","MALE","FEMALE"],"X_CALENDAR_YEAR":[2102,2104,2109,2111,2115,2121,2124,2126,2127,2129,2133,2135,2137,2138,2139,2147,2148,2149,2151,2152,2153,2154,2156,2158,2159,2165,2165,2167,2169,2177,2179,2179,2182,2185,2188,2189,2192,2200],"Y_PREVALENCE_1000PP":[122.44898,130.43478,150,125,100,170.73171,94.59459,82.19178,137.93103,135.59322,102.94118,95.2381,183.67347,109.09091,130.43478,105.26316,101.69492,96.77419,111.11111,137.2549,96.77419,139.53488,120.68966,150.9434,176.47059,150,148.14815,170.73171,125,109.375,130.43478,109.09091,114.7541,117.64706,145.83333,96.77419,100,146.34146]},"PREVALENCE_BY_MONTH":{"X_CALENDAR_MONTH":[211410,211505,212605,213311,213908,215908,217209,217709,218707],"Y_PREVALENCE_1000PP":[89.55224,84.50704,86.95652,96.77419,82.19178,82.19178,90.90909,82.19178,83.33333]},"PROCEDURE_FREQUENCY_DISTRIBUTION":{"Y_NUM_PERSONS":[4,0],"X_COUNT":[1,2]},"PROCEDURES_BY_TYPE":{"CONCEPT_NAME":"Procedure recorded as diagnostic code","COUNT_VALUE":2113},"AGE_AT_FIRST_OCCURRENCE":{"CATEGORY":["MALE","FEMALE"],"MIN_VALUE":[18,25],"P10_VALUE":[50,54],"P25_VALUE":[57,64],"MEDIAN_VALUE":[66,73],"P75_VALUE":[75,81],"P90_VALUE":[82,86],"MAX_VALUE":[302,301]}}
