{"PREVALENCE_BY_GENDER_AGE_YEAR":{"TRELLIS_NAME":["70-79","60-69","70-79","60-69","60-69","70-79","60-69","70-79","70-79","70-79","60-69","60-69","70-79","70-79","60-69","70-79","60-69","70-79","50-59","70-79","60-69","70-79","60-69","60-69","70-79","70-79","60-69","60-69","60-69","60-69","70-79","70-79","60-69","60-69","60-69","70-79","70-79","60-69","70-79","60-69","60-69","70-79","70-79","60-69","70-79","60-69","60-69","60-69","50-59","60-69","60-69","60-69","70-79","70-79","60-69","60-69","60-69","70-79","60-69","60-69","70-79","60-69","70-79","60-69"],"SERIES_NAME":["MALE","MALE","MALE","MALE","MALE","MALE","MALE","MALE","MALE","MALE","MALE","MALE","MALE","MALE","MALE","MALE","MALE","MALE","MALE","MALE","MALE","MALE","MALE","MALE","MALE","MALE","MALE","MALE","MALE","MALE","MALE","MALE","MALE","MALE","MALE","MALE","MALE","MALE","MALE","MALE","MALE","MALE","MALE","MALE","MALE","MALE","MALE","MALE","MALE","MALE","MALE","MALE","MALE","MALE","MALE","MALE","MALE","MALE","MALE","MALE","FEMALE","MALE","MALE","MALE"],"X_CALENDAR_YEAR":[2101,2105,2105,2106,2109,2109,2110,2110,2111,2112,2114,2115,2116,2117,2117,2119,2119,2121,2122,2123,2126,2128,2129,2133,2136,2140,2141,2142,2143,2145,2146,2147,2147,2150,2151,2152,2153,2157,2159,2162,2165,2166,2167,2169,2172,2174,2175,2177,2177,2178,2180,2182,2182,2184,2187,2188,2189,2190,2190,2192,2194,2196,2199,2200],"Y_PREVALENCE_1000PP":[113.20755,85.71429,111.11111,88.23529,139.53488,150,111.11111,162.7907,166.66667,145.16129,118.42105,116.66667,127.65957,204.54545,127.27273,98.36066,104.47761,189.18919,107.14286,100,109.58904,120,101.69492,88.23529,109.375,133.33333,135.59322,159.42029,111.11111,155.17241,118.64407,157.89474,111.11111,125,111.11111,122.44898,112.90323,117.64706,137.2549,129.03226,116.66667,125,150,81.08108,129.62963,127.65957,136.36364,125,163.63636,105.26316,122.44898,131.14754,127.65957,115.38462,127.27273,125,112.90323,140.35088,107.14286,133.33333,162.16216,114.28571,101.69492,115.94203]},"PREVALENCE_BY_MONTH":{"X_CALENDAR_MONTH":[214211,217905,218204,218912,219003,219210],"Y_PREVALENCE_1000PP":[92.30769,82.19178,83.33333,78.94737,89.55224,85.71429]},"PROCEDURE_FREQUENCY_DISTRIBUTION":{"Y_NUM_PERSONS":4,"X_COUNT":1},"PROCEDURES_BY_TYPE":{"CONCEPT_NAME":"Procedure recorded as diagnostic code","COUNT_VALUE":1903},"AGE_AT_FIRST_OCCURRENCE":{"CATEGORY":["FEMALE","MALE"],"MIN_VALUE":[35,26],"P10_VALUE":[56,53],"P25_VALUE":[64,61],"MEDIAN_VALUE":[73,68],"P75_VALUE":[79,76],"P90_VALUE":[84,82],"MAX_VALUE":[301,301]}}
