{"PREVALENCE_BY_GENDER_AGE_YEAR":{"TRELLIS_NAME":["70-79","60-69","60-69","60-69","70-79","70-79","60-69","70-79","60-69","60-69","60-69","60-69","70-79","70-79","60-69","60-69","60-69","70-79","60-69","50-59","60-69","70-79","70-79","60-69","70-79","60-69","70-79","60-69","70-79","70-79","60-69","60-69","60-69","70-79","60-69","60-69","60-69","60-69","70-79","60-69","60-69","70-79","70-79","50-59","70-79","60-69","60-69","60-69","60-69","70-79","60-69","60-69","50-59","60-69","60-69","70-79","60-69","60-69","70-79","60-69","70-79","70-79","70-79","70-79","80-89","60-69","60-69"],"SERIES_NAME":["MALE","MALE","MALE","MALE","MALE","MALE","MALE","MALE","MALE","MALE","MALE","MALE","MALE","MALE","MALE","MALE","MALE","MALE","MALE","MALE","MALE","MALE","MALE","MALE","MALE","MALE","MALE","MALE","MALE","MALE","MALE","MALE","MALE","MALE","MALE","MALE","MALE","MALE","MALE","MALE","MALE","MALE","MALE","MALE","MALE","MALE","MALE","MALE","MALE","MALE","MALE","MALE","MALE","MALE","MALE","MALE","MALE","MALE","MALE","MALE","MALE","MALE","MALE","MALE","MALE","MALE","MALE"],"X_CALENDAR_YEAR":[2101,2101,2102,2104,2104,2105,2105,2107,2107,2108,2109,2110,2111,2114,2114,2115,2118,2121,2122,2124,2126,2129,2132,2133,2133,2134,2138,2138,2141,2147,2150,2151,2152,2153,2154,2155,2156,2157,2158,2162,2164,2165,2166,2166,2168,2169,2171,2173,2174,2175,2175,2177,2177,2178,2180,2180,2182,2185,2185,2186,2187,2190,2195,2196,2197,2199,2200],"Y_PREVALENCE_1000PP":[150.9434,120,113.20755,137.2549,152.17391,129.62963,128.57143,107.14286,195.12195,125,139.53488,129.62963,125,120,118.42105,100,109.375,189.18919,111.11111,120,164.38356,125,92.30769,132.35294,148.14815,127.65957,163.63636,132.35294,122.44898,105.26316,156.25,111.11111,176.47059,96.77419,132.07547,145.83333,103.44828,137.2549,113.20755,129.03226,123.07692,111.11111,93.75,120,163.26531,81.08108,111.11111,113.20755,127.65957,142.85714,136.36364,93.75,145.45455,122.80702,142.85714,98.36066,147.54098,140.625,120,127.65957,100,122.80702,113.20755,137.2549,162.16216,145.45455,115.94203]},"PREVALENCE_BY_MONTH":{"X_CALENDAR_MONTH":[211007,211403,211809,212103,212211,212906,213807,215012,216205,216601,217405,217501,219003],"Y_PREVALENCE_1000PP":[103.44828,89.55224,81.08108,93.75,137.2549,78.94737,78.94737,85.71429,140.35088,112.90323,81.08108,105.26316,89.55224]},"PROCEDURE_FREQUENCY_DISTRIBUTION":{"Y_NUM_PERSONS":[4,3,0,0],"X_COUNT":[1,2,3,4]},"PROCEDURES_BY_TYPE":{"CONCEPT_NAME":"Hospitalization Cost Record","COUNT_VALUE":3364},"AGE_AT_FIRST_OCCURRENCE":{"CATEGORY":["FEMALE","MALE"],"MIN_VALUE":[41,36],"P10_VALUE":[58,54],"P25_VALUE":[65,61],"MEDIAN_VALUE":[73,68],"P75_VALUE":[80,75],"P90_VALUE":[84,82],"MAX_VALUE":[300,300]}}
