{"PREVALENCE_BY_GENDER_AGE_YEAR":{"TRELLIS_NAME":["80-89","70-79","60-69","60-69","70-79","80-89","60-69","60-69","60-69","70-79","50-59","80-89","60-69","70-79","60-69","80-89","70-79","60-69","60-69","60-69","80-89","50-59","60-69","70-79","50-59","60-69","60-69","60-69","70-79","70-79","80-89","70-79","70-79","70-79","70-79","70-79","60-69","80-89","60-69","60-69","50-59","40-49","70-79","60-69","70-79","50-59","70-79","60-69","80-89","70-79","50-59","60-69","60-69","60-69","50-59","60-69","60-69","60-69","60-69","70-79","70-79","60-69","70-79","80-89","60-69","50-59","70-79","60-69","80-89","80-89","50-59","80-89","70-79","60-69","70-79","60-69","70-79","70-79","80-89","70-79","70-79","60-69","60-69","80-89","70-79","70-79","50-59","70-79","70-79","70-79","80-89","70-79","80-89","40-49","70-79","80-89","80-89","60-69","60-69"],"SERIES_NAME":["MALE","MALE","MALE","MALE","FEMALE","FEMALE","MALE","FEMALE","FEMALE","FEMALE","FEMALE","FEMALE","FEMALE","MALE","MALE","FEMALE","MALE","FEMALE","FEMALE","FEMALE","FEMALE","MALE","MALE","MALE","FEMALE","MALE","FEMALE","MALE","FEMALE","MALE","MALE","MALE","MALE","MALE","MALE","FEMALE","MALE","MALE","MALE","MALE","MALE","MALE","FEMALE","MALE","MALE","FEMALE","MALE","MALE","FEMALE","FEMALE","MALE","MALE","MALE","MALE","MALE","MALE","MALE","FEMALE","MALE","FEMALE","MALE","FEMALE","FEMALE","FEMALE","MALE","MALE","MALE","MALE","FEMALE","MALE","MALE","MALE","MALE","FEMALE","MALE","FEMALE","MALE","FEMALE","FEMALE","MALE","MALE","MALE","MALE","MALE","MALE","FEMALE","MALE","FEMALE","FEMALE","FEMALE","FEMALE","FEMALE","MALE","FEMALE","MALE","FEMALE","FEMALE","FEMALE","MALE"],"X_CALENDAR_YEAR":[2101,2102,2103,2104,2104,2105,2106,2107,2108,2109,2109,2110,2111,2112,2112,2114,2117,2118,2119,2122,2124,2124,2124,2125,2125,2126,2126,2128,2130,2133,2133,2135,2136,2137,2138,2139,2139,2141,2142,2143,2143,2144,2146,2146,2146,2146,2148,2149,2150,2153,2153,2157,2158,2160,2161,2161,2163,2165,2165,2166,2166,2167,2168,2168,2168,2168,2168,2169,2170,2171,2172,2172,2172,2173,2173,2174,2174,2177,2179,2179,2180,2181,2183,2183,2184,2184,2187,2188,2190,2192,2193,2193,2194,2194,2194,2195,2197,2198,2201],"Y_PREVALENCE_1000PP":[157.89474,163.26531,159.09091,137.2549,148.93617,212.12121,88.23529,243.24324,166.66667,189.18919,200,133.33333,175,112.90323,111.11111,176.47059,159.09091,173.07692,142.85714,170.73171,193.54839,140,108.10811,125,187.5,109.58904,181.81818,177.77778,137.2549,111.11111,159.09091,142.85714,109.375,120,109.09091,130.43478,101.69492,166.66667,130.43478,95.2381,134.61538,157.89474,205.88235,129.03226,101.69492,187.5,115.38462,96.77419,179.48718,150.9434,129.62963,137.2549,125,115.94203,130.43478,122.80702,105.26316,139.53488,116.66667,120,109.375,214.28571,109.09091,175,125,130.43478,142.85714,94.59459,130.43478,162.16216,162.7907,127.65957,111.11111,130.43478,190.47619,176.47059,127.65957,150,130.43478,111.11111,98.36066,132.07547,163.26531,162.16216,115.38462,142.85714,109.375,171.42857,146.34146,146.34146,139.53488,146.34146,153.84615,206.89655,109.09091,136.36364,157.89474,218.75,200]},"PREVALENCE_BY_MONTH":{"X_CALENDAR_MONTH":[210208,210605,210806,210811,211104,211202,211205,211308,211309,211408,211605,211703,211704,211709,211807,211907,212002,212003,212201,212203,212209,212304,212403,212404,212406,212407,212412,212501,212502,212503,212607,212611,212612,212805,212812,212907,212908,212911,212912,213003,213005,213212,213301,213302,213305,213504,213505,213808,213809,213811,213908,214007,214009,214103,214105,214206,214208,214312,214505,214604,214610,214611,214801,214812,214912,215105,215304,215306,215308,215807,215808,216005,216101,216109,216204,216301,216408,216503,216505,216506,216704,216707,216803,216805,216806,216808,216811,216905,216909,216911,217102,217210,217303,217403,217408,217409,217608,217611,217808,217810,217910,218108,218205,218302,218310,218312,218406,218409,218510,218712,218810,218812,219002,219005,219104,219210,219308,219404,219508,219602,219610,219711,219912,220102],"Y_PREVALENCE_1000PP":[93.75,148.14815,82.19178,95.2381,96.77419,85.71429,88.60759,82.19178,100,92.10526,107.69231,89.55224,129.03226,129.62963,97.22222,118.64407,127.27273,93.75,74.07407,109.09091,120.68966,80,108.10811,101.69492,98.36066,102.94118,112.90323,97.22222,102.94118,101.69492,138.46154,92.10526,95.2381,71.42857,104.47761,85.71429,83.33333,86.95652,120,115.94203,89.74359,82.19178,83.33333,98.59155,68.18182,100,88.23529,80,92.30769,107.14286,82.19178,88.23529,93.33333,78.94737,88.23529,78.94737,102.5641,90.90909,90.90909,101.69492,106.06061,109.375,104.47761,84.50704,125,103.44828,115.94203,75.94937,82.19178,118.64407,86.95652,161.76471,102.94118,101.44928,89.55224,75.94937,92.10526,93.75,106.66667,86.95652,92.10526,82.19178,93.75,107.69231,85.71429,75,109.09091,129.03226,82.19178,93.75,111.11111,85.71429,85.71429,78.94737,81.08108,109.375,109.375,94.59459,153.84615,96.77419,75,104.47761,97.22222,93.75,104.47761,103.44828,95.2381,95.89041,92.30769,77.92208,98.36066,113.92405,123.07692,109.58904,90.90909,100,103.44828,155.17241,102.94118,103.44828,97.22222,86.95652,95.2381,130.43478]},"PROCEDURE_FREQUENCY_DISTRIBUTION":{"Y_NUM_PERSONS":[7,2,1,0,0,0,0,0,0,0],"X_COUNT":[1,2,3,4,5,6,7,8,9,10]},"PROCEDURES_BY_TYPE":{"CONCEPT_NAME":"EHR order list entry","COUNT_VALUE":4773},"AGE_AT_FIRST_OCCURRENCE":{"CATEGORY":["FEMALE","MALE"],"MIN_VALUE":[18,18],"P10_VALUE":[44,44],"P25_VALUE":[56,55],"MEDIAN_VALUE":[69,66],"P75_VALUE":[80,77],"P90_VALUE":[87,84],"MAX_VALUE":[308,309]}}
