{"PREVALENCE_BY_GENDER_AGE_YEAR":{"TRELLIS_NAME":["0-9","0-9","0-9","0-9","0-9","0-9","0-9","0-9","0-9","0-9","0-9","0-9","0-9","0-9","0-9","0-9","0-9","0-9","0-9","0-9","0-9","0-9","0-9","0-9","0-9","0-9","0-9","0-9","0-9","0-9","0-9","0-9","0-9","0-9","0-9","0-9","0-9","0-9","0-9","0-9","0-9","0-9","0-9","0-9","0-9","0-9","0-9","0-9","0-9","0-9","0-9","0-9","0-9","0-9","0-9","0-9","0-9","0-9","0-9","0-9","0-9","0-9","0-9","0-9","0-9","0-9","0-9","0-9","0-9","0-9","0-9","0-9","0-9","0-9","0-9","0-9","0-9","0-9","0-9","0-9","0-9","0-9","0-9","0-9","0-9","0-9","0-9","0-9","0-9","0-9","0-9","0-9","0-9","0-9","0-9","0-9","0-9","0-9","0-9","0-9","0-9","0-9"],"SERIES_NAME":["MALE","MALE","MALE","MALE","MALE","MALE","MALE","MALE","MALE","MALE","MALE","MALE","MALE","MALE","MALE","MALE","MALE","MALE","MALE","MALE","MALE","MALE","MALE","MALE","MALE","MALE","MALE","MALE","MALE","MALE","MALE","MALE","MALE","MALE","MALE","MALE","MALE","MALE","MALE","MALE","MALE","MALE","MALE","MALE","MALE","MALE","MALE","MALE","MALE","MALE","MALE","MALE","MALE","MALE","MALE","MALE","MALE","MALE","MALE","MALE","MALE","MALE","MALE","MALE","MALE","MALE","MALE","MALE","MALE","MALE","MALE","MALE","MALE","MALE","MALE","MALE","MALE","MALE","MALE","MALE","MALE","MALE","MALE","MALE","MALE","MALE","MALE","MALE","MALE","MALE","MALE","MALE","MALE","MALE","MALE","MALE","MALE","MALE","MALE","MALE","MALE","MALE"],"X_CALENDAR_YEAR":[2100,2101,2102,2103,2104,2105,2106,2107,2108,2109,2110,2111,2112,2113,2114,2115,2116,2117,2118,2119,2120,2121,2122,2123,2124,2125,2126,2127,2128,2129,2130,2131,2132,2133,2134,2135,2136,2137,2138,2139,2140,2141,2142,2143,2144,2145,2146,2147,2148,2149,2150,2151,2152,2153,2154,2155,2156,2157,2158,2159,2160,2161,2162,2163,2164,2165,2166,2167,2168,2169,2170,2171,2172,2173,2174,2175,2176,2177,2178,2179,2180,2181,2182,2183,2184,2185,2186,2187,2188,2189,2190,2191,2192,2193,2194,2195,2196,2197,2198,2199,2200,2201],"Y_PREVALENCE_1000PP":[666.66667,437.5,435.89744,333.33333,565.21739,465.11628,543.47826,552.63158,460,386.36364,473.68421,619.04762,488.37209,473.68421,500,533.33333,439.02439,458.33333,333.33333,434.78261,444.44444,340.42553,482.75862,408.16327,567.56757,611.11111,390.2439,444.44444,461.53846,500,500,210.52632,458.33333,560.97561,479.16667,552.63158,409.09091,491.80328,564.10256,400,490.90909,547.61905,468.75,444.44444,484.84848,483.33333,555.55556,424.24242,469.38776,525,658.53659,550,423.07692,500,540,549.01961,454.54545,437.5,465.11628,500,488.37209,625,550,448.97959,404.7619,490.90909,490.19608,589.74359,473.68421,512.82051,447.36842,456.52174,363.63636,558.13953,578.94737,454.54545,511.62791,469.38776,440,542.85714,482.75862,459.45946,666.66667,631.57895,558.13953,414.63415,500,527.77778,475,512.82051,368.42105,473.68421,395.34884,480,500,575.75758,460,355.55556,382.97872,533.33333,428.57143,645.16129]},"PREVALENCE_BY_MONTH":{"X_CALENDAR_MONTH":[210604,212704,212911,213210,213806,214607,219607,220105],"Y_PREVALENCE_1000PP":[102.5641,90.90909,86.95652,80,92.30769,98.36066,89.55224,103.44828]},"PROCEDURE_FREQUENCY_DISTRIBUTION":{"Y_NUM_PERSONS":5,"X_COUNT":1},"PROCEDURES_BY_TYPE":{"CONCEPT_NAME":"Procedure recorded as diagnostic code","COUNT_VALUE":2123},"AGE_AT_FIRST_OCCURRENCE":{"CATEGORY":"MALE","MIN_VALUE":0,"P10_VALUE":0,"P25_VALUE":0,"MEDIAN_VALUE":0,"P75_VALUE":0,"P90_VALUE":0,"MAX_VALUE":75}}
