{"PREVALENCE_BY_GENDER_AGE_YEAR":{"TRELLIS_NAME":["60-69","70-79","50-59","60-69","50-59","50-59","50-59","80-89","60-69","70-79","60-69","60-69","50-59","40-49","60-69","60-69","60-69","80-89","60-69","70-79","50-59","70-79","60-69","70-79","70-79","60-69","70-79","80-89","50-59","60-69","50-59","70-79","60-69","80-89","40-49","70-79","50-59","60-69","50-59","50-59","60-69","50-59","50-59","70-79","60-69","80-89","60-69","80-89","70-79","80-89","50-59","40-49","60-69","60-69","60-69","60-69","50-59","60-69","50-59","70-79","70-79","70-79","60-69","50-59","60-69","50-59","60-69","60-69","50-59","60-69","50-59","60-69","60-69","60-69","50-59","60-69","60-69","80-89","60-69","80-89","60-69","70-79","60-69","60-69","60-69","60-69"],"SERIES_NAME":["MALE","MALE","MALE","MALE","MALE","FEMALE","MALE","FEMALE","MALE","MALE","MALE","MALE","MALE","MALE","MALE","FEMALE","MALE","FEMALE","MALE","MALE","MALE","FEMALE","MALE","FEMALE","FEMALE","MALE","FEMALE","MALE","MALE","MALE","MALE","MALE","MALE","MALE","MALE","MALE","MALE","MALE","MALE","MALE","MALE","MALE","MALE","MALE","MALE","FEMALE","MALE","FEMALE","FEMALE","MALE","MALE","MALE","MALE","MALE","MALE","MALE","FEMALE","FEMALE","MALE","MALE","FEMALE","FEMALE","FEMALE","MALE","MALE","FEMALE","FEMALE","MALE","MALE","MALE","MALE","MALE","MALE","FEMALE","FEMALE","MALE","MALE","FEMALE","MALE","MALE","MALE","MALE","MALE","MALE","MALE","MALE"],"X_CALENDAR_YEAR":[2104,2105,2106,2108,2109,2110,2111,2111,2112,2113,2115,2116,2117,2118,2119,2119,2120,2120,2122,2123,2124,2125,2126,2127,2128,2128,2130,2130,2130,2131,2131,2133,2134,2135,2137,2138,2139,2142,2144,2145,2146,2147,2148,2148,2148,2150,2153,2153,2153,2155,2157,2159,2159,2160,2161,2162,2162,2164,2165,2166,2166,2168,2168,2169,2171,2172,2173,2173,2174,2178,2179,2179,2180,2182,2183,2184,2185,2185,2187,2188,2190,2190,2192,2195,2198,2201],"Y_PREVALENCE_1000PP":[117.64706,203.7037,96.77419,107.14286,137.93103,206.89655,115.38462,111.11111,148.14815,142.85714,100,169.49153,142.85714,157.89474,104.47761,142.85714,115.38462,132.07547,129.62963,100,140,125,82.19178,137.93103,159.09091,133.33333,137.2549,187.5,130.43478,106.06061,187.5,166.66667,127.65957,181.81818,171.42857,109.09091,137.2549,101.44928,133.33333,107.14286,112.90323,134.61538,134.61538,115.38462,101.69492,153.84615,105.26316,159.09091,113.20755,177.77778,137.2549,150,127.27273,159.42029,105.26316,96.77419,171.42857,214.28571,130.43478,156.25,120,127.27273,218.75,130.43478,126.98413,218.75,152.17391,113.20755,125,105.26316,146.34146,127.27273,122.44898,176.47059,150,136.36364,93.75,175,127.27273,159.09091,107.14286,105.26316,100,85.71429,114.7541,171.42857]},"PREVALENCE_BY_MONTH":{"X_CALENDAR_MONTH":[210201,210203,210509,210607,210806,211003,211103,211109,211307,211408,211501,211604,211605,211607,211610,211810,211812,211906,211908,211912,212009,212406,212410,212412,212509,212511,212804,213002,213003,213005,213008,213112,213407,213408,213412,213609,213710,214005,214006,214009,214308,214401,214411,214503,214511,214601,214701,214710,214812,214904,215304,215308,215310,215401,215504,215609,215709,216008,216109,216203,216208,216211,216309,216404,216410,216509,216704,216803,216805,217005,217012,217103,217204,217209,217403,217411,217502,217611,217809,217902,218003,218110,218205,218301,218603,218710,218711,218803,218811,218812,218903,219303,219312,219404,219603,219708,219803,219806,219809,219909,220004],"Y_PREVALENCE_1000PP":[109.09091,81.08108,116.66667,120.68966,82.19178,95.2381,88.23529,109.375,89.55224,118.42105,75.94937,89.55224,92.30769,84.50704,101.69492,161.29032,89.55224,109.09091,100,97.22222,103.44828,114.7541,89.55224,112.90323,136.36364,116.66667,84.50704,90.90909,101.44928,76.92308,85.71429,82.19178,103.44828,101.69492,111.11111,92.30769,96.77419,101.69492,90.90909,80,83.33333,80,101.69492,101.44928,93.33333,109.375,103.44828,101.69492,84.50704,132.07547,115.94203,95.89041,100,75,85.71429,109.375,106.06061,96.77419,115.94203,101.44928,114.7541,113.20755,95.2381,109.09091,76.92308,88.23529,92.10526,93.75,92.30769,133.33333,117.64706,95.2381,98.36066,106.06061,78.94737,101.69492,105.26316,81.08108,101.69492,92.30769,132.35294,121.62162,83.33333,89.55224,120,89.55224,90.90909,88.23529,98.36066,101.26582,123.07692,125,96.77419,137.93103,88.23529,109.09091,103.44828,109.09091,111.11111,88.23529,71.42857]},"PROCEDURE_FREQUENCY_DISTRIBUTION":{"Y_NUM_PERSONS":[7,2,1,0,0,0,0,0,0],"X_COUNT":[1,2,3,4,5,6,7,8,9]},"PROCEDURES_BY_TYPE":{"CONCEPT_NAME":"EHR order list entry","COUNT_VALUE":4511},"AGE_AT_FIRST_OCCURRENCE":{"CATEGORY":["FEMALE","MALE"],"MIN_VALUE":[19,16],"P10_VALUE":[41,41],"P25_VALUE":[54,52],"MEDIAN_VALUE":[67,63],"P75_VALUE":[79,75],"P90_VALUE":[86,83],"MAX_VALUE":[309,310]}}
