{"PREVALENCE_BY_GENDER_AGE_YEAR":{"TRELLIS_NAME":["60-69","70-79","60-69","70-79","60-69","80-89","70-79","70-79","60-69","70-79","70-79","60-69","60-69","70-79","60-69","60-69","70-79","60-69","70-79","50-59","70-79","70-79","70-79","70-79","80-89","60-69","70-79","70-79","70-79","80-89","60-69","70-79","60-69","60-69","70-79","60-69","60-69","60-69","70-79","60-69","70-79","70-79","60-69","60-69","70-79","60-69","60-69","60-69","70-79","60-69","60-69","60-69","60-69","60-69","60-69","70-79","70-79","60-69","50-59","60-69","70-79","70-79","60-69","70-79","60-69","70-79","70-79","60-69","70-79","70-79","60-69","60-69","80-89","70-79","60-69","70-79","60-69","60-69","50-59","70-79","80-89","50-59","70-79","60-69","60-69","60-69","60-69","60-69","60-69","70-79","70-79","70-79","60-69","70-79","80-89","60-69","60-69","50-59","70-79"],"SERIES_NAME":["MALE","MALE","MALE","MALE","MALE","MALE","MALE","MALE","MALE","MALE","MALE","MALE","MALE","MALE","MALE","MALE","MALE","MALE","FEMALE","MALE","MALE","MALE","MALE","FEMALE","MALE","MALE","MALE","MALE","MALE","MALE","MALE","MALE","MALE","MALE","MALE","MALE","MALE","MALE","FEMALE","MALE","MALE","MALE","MALE","MALE","FEMALE","FEMALE","MALE","MALE","MALE","FEMALE","MALE","MALE","MALE","MALE","MALE","MALE","MALE","MALE","MALE","MALE","FEMALE","FEMALE","MALE","MALE","MALE","MALE","MALE","MALE","FEMALE","MALE","MALE","MALE","MALE","MALE","MALE","FEMALE","MALE","MALE","MALE","MALE","MALE","MALE","MALE","MALE","MALE","MALE","MALE","MALE","MALE","MALE","FEMALE","MALE","MALE","MALE","MALE","MALE","MALE","MALE","FEMALE"],"X_CALENDAR_YEAR":[2101,2101,2104,2104,2105,2106,2107,2108,2110,2111,2112,2112,2114,2114,2115,2116,2117,2118,2118,2119,2121,2122,2125,2125,2125,2126,2127,2128,2129,2130,2133,2133,2134,2136,2138,2138,2142,2143,2143,2144,2145,2146,2149,2150,2150,2151,2151,2152,2153,2154,2154,2155,2156,2157,2158,2158,2159,2161,2162,2162,2163,2164,2164,2165,2165,2166,2168,2169,2170,2171,2173,2174,2174,2175,2175,2176,2176,2177,2177,2177,2179,2179,2179,2180,2181,2182,2185,2186,2187,2189,2192,2195,2196,2196,2197,2198,2199,2200,2200],"Y_PREVALENCE_1000PP":[120,113.20755,156.86275,173.91304,128.57143,153.84615,142.85714,95.2381,129.62963,166.66667,96.77419,111.11111,131.57895,160,100,135.59322,136.36364,109.375,125,130.43478,162.16216,148.93617,125,125,171.42857,95.89041,120.68966,120,107.14286,187.5,132.35294,148.14815,191.48936,163.93443,163.63636,117.64706,115.94203,142.85714,140,122.80702,96.77419,169.49153,112.90323,171.875,216.21622,176.47059,111.11111,117.64706,112.90323,133.33333,132.07547,125,120.68966,176.47059,125,113.20755,117.64706,122.80702,150,161.29032,122.80702,200,123.07692,111.11111,100,93.75,122.44898,81.08108,181.81818,157.89474,169.81132,148.93617,150,142.85714,90.90909,142.85714,132.07547,109.375,109.09091,111.11111,181.81818,146.34146,95.2381,163.26531,113.20755,114.7541,109.375,148.93617,163.63636,132.07547,146.34146,113.20755,114.28571,117.64706,189.18919,98.36066,109.09091,125,146.34146]},"PREVALENCE_BY_MONTH":{"X_CALENDAR_MONTH":[210203,210402,211104,211403,211410,211605,211809,212110,212211,212407,212408,212504,213009,213202,213402,213608,214311,214401,214512,214612,215106,215401,215404,215701,215811,216205,216303,217205,217405,217408,217607,217904,218710,219701],"Y_PREVALENCE_1000PP":[94.59459,85.71429,112.90323,104.47761,104.47761,123.07692,81.08108,90.90909,117.64706,88.23529,86.95652,80,111.11111,82.19178,105.26316,112.90323,125,80,86.95652,81.08108,93.33333,75,123.07692,147.54098,101.69492,140.35088,83.33333,103.44828,81.08108,81.08108,72.28916,76.92308,89.55224,114.7541]},"PROCEDURE_FREQUENCY_DISTRIBUTION":{"Y_NUM_PERSONS":[6,0,0,0],"X_COUNT":[1,2,3,4]},"PROCEDURES_BY_TYPE":{"CONCEPT_NAME":"EHR order list entry","COUNT_VALUE":2818},"AGE_AT_FIRST_OCCURRENCE":{"CATEGORY":["MALE","FEMALE"],"MIN_VALUE":[17,21],"P10_VALUE":[51,53],"P25_VALUE":[59,63],"MEDIAN_VALUE":[67,72],"P75_VALUE":[76,80],"P90_VALUE":[82,85],"MAX_VALUE":[310,307]}}
