{"PREVALENCE_BY_GENDER_AGE_YEAR":{"TRELLIS_NAME":["70-79","60-69","50-59","80-89","70-79","70-79","60-69","60-69","70-79","60-69","60-69","60-69","70-79","60-69","70-79"],"SERIES_NAME":["MALE","MALE","MALE","FEMALE","MALE","MALE","MALE","MALE","FEMALE","MALE","MALE","MALE","MALE","MALE","MALE"],"X_CALENDAR_YEAR":[2108,2126,2135,2135,2141,2142,2147,2151,2155,2157,2160,2165,2180,2187,2193],"Y_PREVALENCE_1000PP":[111.11111,82.19178,95.2381,175,142.85714,113.20755,129.62963,83.33333,171.42857,137.2549,86.95652,116.66667,147.54098,109.09091,142.85714]},"PREVALENCE_BY_MONTH":{"X_CALENDAR_MONTH":[210607,213402,213502,213507,218011,218707],"Y_PREVALENCE_1000PP":[103.44828,105.26316,129.03226,76.92308,101.44928,83.33333]},"PROCEDURE_FREQUENCY_DISTRIBUTION":{"Y_NUM_PERSONS":[4,0],"X_COUNT":[1,2]},"PROCEDURES_BY_TYPE":{"CONCEPT_NAME":"Procedure recorded as diagnostic code","COUNT_VALUE":1740},"AGE_AT_FIRST_OCCURRENCE":{"CATEGORY":["FEMALE","MALE"],"MIN_VALUE":[35,28],"P10_VALUE":[54,48],"P25_VALUE":[63,55],"MEDIAN_VALUE":[75,65],"P75_VALUE":[82,75],"P90_VALUE":[87,83],"MAX_VALUE":[302,302]}}
