{"PREVALENCE_BY_GENDER_AGE_YEAR":{"TRELLIS_NAME":["70-79","60-69","60-69","70-79","60-69","70-79","60-69","60-69","60-69","60-69","60-69","70-79","60-69","70-79","60-69","60-69","70-79","60-69","50-59","60-69","70-79","70-79","70-79","70-79","60-69","60-69","70-79","60-69","60-69","70-79","60-69","60-69","60-69","70-79","60-69","60-69","60-69","60-69","70-79","60-69","60-69","70-79","70-79","70-79","60-69","70-79","60-69","60-69","70-79","60-69","50-59","60-69","60-69","70-79","60-69","60-69","70-79","60-69","60-69","70-79","70-79","70-79","80-89","60-69","60-69"],"SERIES_NAME":["MALE","MALE","MALE","MALE","MALE","MALE","MALE","MALE","MALE","MALE","MALE","MALE","MALE","MALE","MALE","MALE","MALE","MALE","MALE","MALE","MALE","MALE","MALE","MALE","MALE","MALE","MALE","MALE","MALE","MALE","MALE","MALE","MALE","MALE","MALE","MALE","MALE","MALE","MALE","MALE","MALE","MALE","MALE","MALE","MALE","MALE","MALE","MALE","MALE","MALE","MALE","MALE","MALE","MALE","MALE","MALE","MALE","MALE","MALE","MALE","MALE","MALE","MALE","MALE","MALE"],"X_CALENDAR_YEAR":[2101,2101,2102,2104,2104,2105,2105,2107,2108,2109,2110,2111,2114,2114,2115,2118,2121,2122,2124,2126,2127,2128,2129,2133,2133,2134,2138,2138,2140,2141,2150,2151,2152,2153,2154,2155,2156,2157,2158,2162,2164,2165,2166,2168,2169,2172,2173,2174,2175,2175,2177,2177,2178,2179,2180,2182,2185,2185,2186,2187,2190,2196,2197,2199,2200],"Y_PREVALENCE_1000PP":[169.81132,120,113.20755,130.43478,137.2549,148.14815,128.57143,195.12195,107.14286,139.53488,129.62963,125,118.42105,140,100,93.75,189.18919,111.11111,120,164.38356,103.44828,160,107.14286,148.14815,132.35294,127.65957,145.45455,132.35294,96.77419,122.44898,156.25,111.11111,176.47059,96.77419,132.07547,145.83333,103.44828,137.2549,113.20755,129.03226,138.46154,129.62963,93.75,142.85714,81.08108,111.11111,113.20755,127.65957,142.85714,136.36364,145.45455,93.75,122.80702,95.2381,142.85714,131.14754,120,140.625,127.65957,100,105.26316,117.64706,162.16216,145.45455,101.44928]},"PREVALENCE_BY_MONTH":{"X_CALENDAR_MONTH":[211007,211403,211809,212103,212211,212906,213807,215012,216205,216303,217405,217501],"Y_PREVALENCE_1000PP":[103.44828,89.55224,81.08108,93.75,137.2549,78.94737,78.94737,85.71429,140.35088,83.33333,81.08108,105.26316]},"PROCEDURE_FREQUENCY_DISTRIBUTION":{"Y_NUM_PERSONS":[4,2],"X_COUNT":[1,2]},"PROCEDURES_BY_TYPE":{"CONCEPT_NAME":"Hospitalization Cost Record","COUNT_VALUE":2851},"AGE_AT_FIRST_OCCURRENCE":{"CATEGORY":["FEMALE","MALE"],"MIN_VALUE":[45,26],"P10_VALUE":[58,53],"P25_VALUE":[64,61],"MEDIAN_VALUE":[73,68],"P75_VALUE":[79,75],"P90_VALUE":[84,82],"MAX_VALUE":[306,300]}}
