{"PREVALENCE_BY_GENDER_AGE_YEAR":{"TRELLIS_NAME":["80-89","80-89","80-89","70-79","70-79","60-69","70-79","70-79","70-79","60-69","60-69","50-59","70-79","70-79","70-79","70-79","70-79","60-69","70-79","80-89","50-59","70-79","80-89","70-79","60-69","70-79","70-79","80-89","70-79","70-79","70-79","60-69","70-79","70-79","60-69","70-79","80-89","50-59","60-69","70-79","50-59","70-79","60-69","80-89","60-69","60-69","60-69","70-79","60-69","70-79","60-69","60-69","70-79","70-79","50-59","70-79","60-69","80-89","60-69","70-79","80-89","80-89","80-89","70-79","80-89","60-69","70-79","60-69","70-79","70-79","60-69","70-79","60-69","60-69","70-79","70-79","80-89","70-79"],"SERIES_NAME":["FEMALE","MALE","FEMALE","MALE","MALE","MALE","MALE","FEMALE","MALE","MALE","MALE","MALE","MALE","MALE","FEMALE","FEMALE","FEMALE","MALE","FEMALE","MALE","MALE","MALE","FEMALE","FEMALE","MALE","MALE","FEMALE","FEMALE","MALE","FEMALE","MALE","MALE","FEMALE","FEMALE","MALE","FEMALE","FEMALE","MALE","MALE","MALE","MALE","FEMALE","MALE","MALE","MALE","MALE","FEMALE","MALE","MALE","MALE","MALE","MALE","MALE","FEMALE","MALE","MALE","MALE","MALE","MALE","MALE","MALE","FEMALE","MALE","FEMALE","FEMALE","MALE","MALE","MALE","FEMALE","MALE","MALE","MALE","MALE","MALE","MALE","MALE","FEMALE","MALE"],"X_CALENDAR_YEAR":[2106,2106,2108,2108,2110,2114,2117,2118,2118,2119,2121,2123,2124,2126,2126,2127,2128,2129,2132,2132,2133,2133,2133,2133,2133,2134,2134,2135,2136,2138,2139,2139,2139,2140,2142,2143,2143,2147,2147,2147,2148,2150,2151,2153,2155,2156,2157,2158,2158,2160,2160,2161,2162,2163,2164,2165,2165,2166,2167,2169,2170,2171,2174,2179,2180,2181,2182,2182,2183,2188,2188,2190,2190,2192,2196,2198,2199,2199],"Y_PREVALENCE_1000PP":[133.33333,153.84615,162.7907,142.85714,139.53488,92.10526,136.36364,125,140,104.47761,95.2381,146.34146,125,109.09091,130.43478,103.44828,181.81818,118.64407,162.7907,130.43478,142.85714,129.62963,150,159.09091,132.35294,92.30769,187.5,150,93.75,150,192.98246,101.69492,152.17391,230.76923,86.95652,120,179.48718,134.61538,148.14815,157.89474,115.38462,162.16216,111.11111,153.84615,125,120.68966,139.53488,132.07547,145.83333,107.14286,101.44928,105.26316,105.26316,105.26316,117.64706,166.66667,100,177.77778,146.34146,125,171.42857,153.84615,150,152.17391,139.53488,132.07547,148.93617,98.36066,205.12821,148.14815,145.83333,105.26316,178.57143,133.33333,117.64706,130.43478,142.85714,101.69492]},"PREVALENCE_BY_MONTH":{"X_CALENDAR_MONTH":[210901,210907,211410,211802,213310,213311,213402,213604,213901,213908,214112,214211,214303,214701,214709,214805,215103,215104,215505,215612,216112,216307,216509,216604,216812,217210,217403,217911,218111,218408,218607,219003,219801,219808],"Y_PREVALENCE_1000PP":[96.77419,129.03226,119.40299,100,88.23529,96.77419,105.26316,111.11111,96.77419,95.89041,96.77419,92.30769,100,103.44828,115.38462,84.33735,88.23529,103.44828,93.75,68.96552,113.20755,86.95652,88.23529,95.2381,82.19178,100,78.94737,80,96.77419,88.23529,86.95652,89.55224,89.55224,122.80702]},"PROCEDURE_FREQUENCY_DISTRIBUTION":{"Y_NUM_PERSONS":[6,0],"X_COUNT":[1,2]},"PROCEDURES_BY_TYPE":{"CONCEPT_NAME":"Procedure recorded as diagnostic code","COUNT_VALUE":2711},"AGE_AT_FIRST_OCCURRENCE":{"CATEGORY":["FEMALE","MALE"],"MIN_VALUE":[20,20],"P10_VALUE":[54,49],"P25_VALUE":[64,58],"MEDIAN_VALUE":[75,68],"P75_VALUE":[82,77],"P90_VALUE":[88,84],"MAX_VALUE":[301,302]}}
