{"PREVALENCE_BY_GENDER_AGE_YEAR":{"TRELLIS_NAME":["60-69","70-79","60-69","50-59","70-79","40-49","60-69"],"SERIES_NAME":["MALE","FEMALE","FEMALE","FEMALE","FEMALE","FEMALE","MALE"],"X_CALENDAR_YEAR":[2112,2123,2167,2168,2174,2194,2195],"Y_PREVALENCE_1000PP":[111.11111,139.53488,142.85714,193.54839,111.11111,206.89655,85.71429]},"PREVALENCE_BY_MONTH":{"X_CALENDAR_MONTH":[211502,214905,219308],"Y_PREVALENCE_1000PP":[89.55224,89.55224,103.44828]},"PROCEDURE_FREQUENCY_DISTRIBUTION":{"Y_NUM_PERSONS":[3,0,0,0],"X_COUNT":[1,2,3,4]},"PROCEDURES_BY_TYPE":{"CONCEPT_NAME":"Procedure recorded as diagnostic code","COUNT_VALUE":1681},"AGE_AT_FIRST_OCCURRENCE":{"CATEGORY":["FEMALE","MALE"],"MIN_VALUE":[18,18],"P10_VALUE":[43,43],"P25_VALUE":[54,54],"MEDIAN_VALUE":[67,64],"P75_VALUE":[79,76],"P90_VALUE":[87,85],"MAX_VALUE":[308,310]}}
