{"PREVALENCE_BY_GENDER_AGE_YEAR":{"TRELLIS_NAME":["60-69","60-69","60-69","70-79","70-79","60-69","60-69","70-79","70-79","50-59","70-79"],"SERIES_NAME":["MALE","MALE","MALE","MALE","MALE","MALE","MALE","FEMALE","MALE","MALE","MALE"],"X_CALENDAR_YEAR":[2107,2108,2113,2124,2127,2154,2160,2172,2180,2180,2191],"Y_PREVALENCE_1000PP":[146.34146,125,115.38462,125,120.68966,113.20755,101.44928,216.21622,98.36066,130.43478,117.64706]},"PREVALENCE_BY_MONTH":{"X_CALENDAR_MONTH":[212204,213704,218707],"Y_PREVALENCE_1000PP":[88.23529,89.74359,97.22222]},"PROCEDURE_FREQUENCY_DISTRIBUTION":{"Y_NUM_PERSONS":[3,0,0],"X_COUNT":[1,2,3]},"PROCEDURES_BY_TYPE":{"CONCEPT_NAME":"Procedure recorded as diagnostic code","COUNT_VALUE":1656},"AGE_AT_FIRST_OCCURRENCE":{"CATEGORY":["FEMALE","MALE"],"MIN_VALUE":[20,19],"P10_VALUE":[53,49],"P25_VALUE":[63,58],"MEDIAN_VALUE":[74,67],"P75_VALUE":[82,76],"P90_VALUE":[87,83],"MAX_VALUE":[310,308]}}
