{"PREVALENCE_BY_GENDER_AGE_YEAR":{"TRELLIS_NAME":["60-69","70-79","60-69","70-79","70-79","70-79","50-59","70-79"],"SERIES_NAME":["MALE","FEMALE","FEMALE","MALE","FEMALE","MALE","MALE","MALE"],"X_CALENDAR_YEAR":[2103,2105,2122,2132,2153,2166,2177,2195],"Y_PREVALENCE_1000PP":[159.09091,166.66667,170.73171,92.30769,113.20755,93.75,109.09091,132.07547]},"PREVALENCE_BY_MONTH":{"X_CALENDAR_MONTH":[210104,212202,213206,213710,216609],"Y_PREVALENCE_1000PP":[105.26316,86.95652,95.89041,96.77419,98.36066]},"PROCEDURE_FREQUENCY_DISTRIBUTION":{"Y_NUM_PERSONS":[4,0],"X_COUNT":[1,2]},"PROCEDURES_BY_TYPE":{"CONCEPT_NAME":"Procedure recorded as diagnostic code","COUNT_VALUE":1776},"AGE_AT_FIRST_OCCURRENCE":{"CATEGORY":["FEMALE","MALE"],"MIN_VALUE":[17,17],"P10_VALUE":[41,34],"P25_VALUE":[55,50],"MEDIAN_VALUE":[68,64],"P75_VALUE":[78,76],"P90_VALUE":[84,82],"MAX_VALUE":[304,302]}}
