{"PREVALENCE_BY_GENDER_AGE_YEAR":{"TRELLIS_NAME":["70-79","60-69","60-69","60-69","60-69","60-69","70-79","70-79","70-79","80-89","60-69","60-69","60-69","60-69","80-89","70-79","50-59","60-69","50-59","60-69","60-69","60-69","70-79","70-79","60-69","60-69","40-49","60-69","50-59","80-89","60-69","50-59","60-69","50-59","40-49","50-59","60-69","70-79","40-49","70-79","50-59","70-79","60-69","70-79","60-69","70-79","60-69"],"SERIES_NAME":["MALE","MALE","MALE","MALE","FEMALE","FEMALE","MALE","MALE","MALE","MALE","MALE","MALE","MALE","FEMALE","MALE","MALE","MALE","MALE","MALE","MALE","MALE","MALE","FEMALE","FEMALE","MALE","MALE","MALE","MALE","MALE","MALE","MALE","FEMALE","FEMALE","FEMALE","MALE","MALE","FEMALE","MALE","MALE","MALE","MALE","MALE","MALE","MALE","MALE","MALE","MALE"],"X_CALENDAR_YEAR":[2101,2103,2108,2110,2112,2114,2115,2116,2117,2117,2118,2119,2121,2122,2123,2123,2124,2124,2125,2126,2128,2132,2136,2139,2140,2142,2142,2144,2145,2146,2147,2148,2167,2169,2170,2172,2173,2173,2174,2179,2184,2184,2185,2188,2195,2195,2196],"Y_PREVALENCE_1000PP":[113.20755,204.54545,107.14286,111.11111,171.42857,142.85714,111.11111,127.65957,136.36364,159.09091,93.75,89.55224,95.2381,146.34146,181.81818,100,120,81.08108,125,82.19178,155.55556,101.69492,120,130.43478,112.90323,86.95652,240,105.26316,125,181.81818,129.62963,200,142.85714,240,235.29412,186.04651,152.17391,190.47619,214.28571,95.2381,129.03226,115.38462,93.75,129.62963,100,113.20755,114.28571]},"PREVALENCE_BY_MONTH":{"X_CALENDAR_MONTH":[210602,211001,211105,211505,211704,212303,212312,212403,212407,212502,212506,213807,213908,214207,214212,214610,214701,216211,216507,216904,217002,217304,217308,218110,218511,218805,219012,219103,219104,219604,219609],"Y_PREVALENCE_1000PP":[93.75,111.11111,105.26316,84.50704,96.77419,96.77419,92.30769,81.08108,88.23529,88.23529,89.55224,78.94737,82.19178,74.07407,163.26531,90.90909,120.68966,113.20755,109.375,96.77419,103.44828,90.90909,89.55224,81.08108,125,89.55224,88.23529,84.50704,106.06061,77.77778,112.90323]},"PROCEDURE_FREQUENCY_DISTRIBUTION":{"Y_NUM_PERSONS":[5,1,0,0,0,0,0],"X_COUNT":[1,2,3,4,5,6,7]},"PROCEDURES_BY_TYPE":{"CONCEPT_NAME":"Procedure recorded as diagnostic code","COUNT_VALUE":3269},"AGE_AT_FIRST_OCCURRENCE":{"CATEGORY":["FEMALE","MALE"],"MIN_VALUE":[17,17],"P10_VALUE":[41,39],"P25_VALUE":[53,50],"MEDIAN_VALUE":[65,62],"P75_VALUE":[76,74],"P90_VALUE":[84,82],"MAX_VALUE":[302,308]}}
