{"PREVALENCE_BY_GENDER_AGE_YEAR":{"TRELLIS_NAME":["60-69","60-69","60-69","80-89","50-59","60-69","60-69","50-59","50-59"],"SERIES_NAME":["MALE","MALE","MALE","MALE","MALE","MALE","FEMALE","MALE","MALE"],"X_CALENDAR_YEAR":[2120,2124,2126,2135,2145,2153,2173,2187,2188],"Y_PREVALENCE_1000PP":[115.38462,81.08108,82.19178,136.36364,142.85714,105.26316,130.43478,93.75,93.75]},"PREVALENCE_BY_MONTH":{"X_CALENDAR_MONTH":[211901,212902,213506,214401,215306,217304,217611,218109,218510,218708,218804],"Y_PREVALENCE_1000PP":[93.75,111.11111,109.375,80,75.94937,90.90909,81.08108,127.65957,92.30769,95.89041,93.33333]},"PROCEDURE_FREQUENCY_DISTRIBUTION":{"Y_NUM_PERSONS":[3,2,2,1,1,1,1,0,0,0,0,0,0,0,0,0,0,0,0,0,0,0,0,0,0,0,0,0,0,0],"X_COUNT":[1,2,3,4,5,6,7,8,9,10,11,12,13,14,15,16,17,18,19,20,21,22,24,25,26,29,30,31,32,35]},"PROCEDURES_BY_TYPE":{"CONCEPT_NAME":"Hospitalization Cost Record","COUNT_VALUE":6510},"AGE_AT_FIRST_OCCURRENCE":{"CATEGORY":["FEMALE","MALE"],"MIN_VALUE":[20,17],"P10_VALUE":[43,44],"P25_VALUE":[53,52],"MEDIAN_VALUE":[67,64],"P75_VALUE":[76,75],"P90_VALUE":[82,81],"MAX_VALUE":[309,303]}}
