{"PREVALENCE_BY_GENDER_AGE_YEAR":{"TRELLIS_NAME":["0-9","70-79","0-9","0-9","0-9","0-9","50-59","0-9","0-9","50-59"],"SERIES_NAME":["MALE","MALE","FEMALE","MALE","MALE","MALE","FEMALE","MALE","MALE","MALE"],"X_CALENDAR_YEAR":[2105,2134,2146,2148,2156,2172,2175,2175,2191,2192],"Y_PREVALENCE_1000PP":[209.30233,92.30769,285.71429,142.85714,136.36364,136.36364,240,204.54545,157.89474,109.09091]},"PREVALENCE_BY_MONTH":{"X_CALENDAR_MONTH":[212502,212905,214512,214805,217505,217509,219308,219607],"Y_PREVALENCE_1000PP":[88.23529,82.19178,86.95652,72.28916,90.90909,83.33333,120.68966,89.55224]},"PROCEDURE_FREQUENCY_DISTRIBUTION":{"Y_NUM_PERSONS":[4,0,0,0],"X_COUNT":[1,2,3,4]},"PROCEDURES_BY_TYPE":{"CONCEPT_NAME":"Procedure recorded as diagnostic code","COUNT_VALUE":2205},"AGE_AT_FIRST_OCCURRENCE":{"CATEGORY":["MALE","FEMALE"],"MIN_VALUE":[0,0],"P10_VALUE":[0,0],"P25_VALUE":[1,27],"MEDIAN_VALUE":[50,52],"P75_VALUE":[64,66],"P90_VALUE":[77,77],"MAX_VALUE":[302,301]}}
