{"PREVALENCE_BY_GENDER_AGE_YEAR":{"TRELLIS_NAME":["60-69","70-79","60-69","60-69","70-79","60-69","70-79","60-69","60-69","60-69","70-79","60-69","50-59","60-69","60-69","60-69","70-79","60-69","60-69","60-69","70-79","60-69","60-69","70-79","70-79","60-69","60-69","70-79","60-69","60-69","60-69","60-69","70-79","70-79","60-69","60-69","60-69","60-69","60-69","60-69"],"SERIES_NAME":["MALE","MALE","MALE","MALE","MALE","MALE","MALE","MALE","MALE","MALE","MALE","MALE","MALE","MALE","MALE","MALE","MALE","MALE","MALE","MALE","MALE","MALE","MALE","MALE","MALE","MALE","MALE","MALE","MALE","MALE","MALE","MALE","MALE","MALE","MALE","MALE","MALE","MALE","MALE","MALE"],"X_CALENDAR_YEAR":[2102,2103,2104,2107,2115,2119,2121,2125,2126,2132,2133,2133,2135,2136,2138,2141,2142,2151,2152,2156,2158,2161,2162,2163,2166,2169,2171,2172,2173,2175,2176,2177,2179,2181,2182,2185,2186,2189,2199,2200],"Y_PREVALENCE_1000PP":[113.20755,111.11111,117.64706,146.34146,95.2381,104.47761,162.16216,129.62963,82.19178,135.59322,111.11111,102.94118,111.11111,131.14754,102.94118,101.69492,113.20755,125,196.07843,155.17241,113.20755,140.35088,96.77419,107.69231,109.375,81.08108,126.98413,148.14815,150.9434,151.51515,150.9434,109.375,95.2381,140,131.14754,109.375,127.65957,112.90323,109.09091,86.95652]},"PREVALENCE_BY_MONTH":{"X_CALENDAR_MONTH":[210811,212510,213312,216612,217607,218208],"Y_PREVALENCE_1000PP":[95.2381,116.66667,107.14286,74.07407,72.28916,90.90909]},"PROCEDURE_FREQUENCY_DISTRIBUTION":{"Y_NUM_PERSONS":3,"X_COUNT":1},"PROCEDURES_BY_TYPE":{"CONCEPT_NAME":"Procedure recorded as diagnostic code","COUNT_VALUE":1504},"AGE_AT_FIRST_OCCURRENCE":{"CATEGORY":["MALE","FEMALE"],"MIN_VALUE":[36,28],"P10_VALUE":[53,57],"P25_VALUE":[59,64],"MEDIAN_VALUE":[67,71],"P75_VALUE":[74,78],"P90_VALUE":[79,82],"MAX_VALUE":[300,300]}}
