{"PREVALENCE_BY_GENDER_AGE_YEAR":{"TRELLIS_NAME":["70-79","50-59","50-59","60-69","60-69","60-69","60-69","60-69","60-69","60-69","40-49","60-69","60-69","70-79","60-69","50-59","80-89","80-89","60-69","70-79","50-59","70-79","50-59","70-79","50-59","60-69","50-59","60-69","60-69","60-69","60-69","70-79","70-79","60-69","50-59","70-79","60-69","70-79","70-79","60-69","70-79","60-69","50-59","50-59","60-69","70-79","60-69","50-59","50-59","60-69"],"SERIES_NAME":["MALE","MALE","MALE","MALE","FEMALE","MALE","MALE","MALE","FEMALE","MALE","MALE","MALE","MALE","MALE","MALE","MALE","MALE","MALE","MALE","MALE","MALE","MALE","MALE","MALE","MALE","MALE","MALE","MALE","FEMALE","MALE","MALE","MALE","FEMALE","MALE","FEMALE","MALE","FEMALE","MALE","MALE","FEMALE","MALE","FEMALE","MALE","MALE","MALE","MALE","FEMALE","MALE","MALE","MALE"],"X_CALENDAR_YEAR":[2103,2110,2111,2112,2115,2115,2116,2118,2120,2120,2123,2124,2126,2129,2129,2131,2133,2135,2138,2139,2139,2140,2141,2144,2145,2146,2148,2151,2152,2153,2159,2163,2163,2166,2167,2167,2168,2171,2172,2173,2174,2181,2184,2187,2187,2187,2188,2188,2189,2196],"Y_PREVALENCE_1000PP":[129.62963,150,115.38462,111.11111,194.44444,100,118.64407,125,125,153.84615,214.28571,108.10811,95.89041,107.14286,118.64407,125,136.36364,159.09091,117.64706,105.26316,117.64706,133.33333,117.64706,130.43478,125,96.77419,153.84615,97.22222,133.33333,140.35088,109.09091,92.30769,105.26316,122.44898,166.66667,100,187.5,157.89474,111.11111,173.91304,127.65957,176.47059,96.77419,93.75,109.09091,100,205.88235,125,120.68966,100]},"PREVALENCE_BY_MONTH":{"X_CALENDAR_MONTH":[210310,211203,211210,211501,211502,211505,211507,211701,211801,212403,212802,212809,212903,212905,213109,213208,213504,213509,213902,213909,214005,214206,214207,214305,214402,215001,215007,215305,215405,215508,216305,216410,216604,216701,216704,216707,216811,217105,217304,217312,217408,217507,217601,217611,217703,217903,218008,218303,218304,218510,218608,218708,218804,218805,218811,218901,218912,219302,219604,219610],"Y_PREVALENCE_1000PP":[74.07407,73.17073,84.50704,88.60759,104.47761,112.67606,105.26316,93.75,96.77419,81.08108,125,101.69492,88.60759,95.89041,101.44928,103.44828,100,101.69492,113.20755,100,101.69492,78.94737,74.07407,125,100,120,96.77419,125,81.08108,92.30769,98.59155,76.92308,111.11111,123.07692,78.94737,82.19178,109.09091,101.69492,121.21212,106.06061,135.13514,102.94118,107.14286,81.08108,89.55224,85.71429,75.94937,88.23529,111.11111,92.30769,125,136.9863,80,104.47761,114.7541,86.95652,78.94737,142.85714,88.88889,83.33333]},"PROCEDURE_FREQUENCY_DISTRIBUTION":{"Y_NUM_PERSONS":[5,1,1,0,0,0,0,0,0,0,0,0,0],"X_COUNT":[1,2,3,4,5,6,7,8,9,10,11,12,14]},"PROCEDURES_BY_TYPE":{"CONCEPT_NAME":"Procedure recorded as diagnostic code","COUNT_VALUE":3254},"AGE_AT_FIRST_OCCURRENCE":{"CATEGORY":["FEMALE","MALE"],"MIN_VALUE":[19,15],"P10_VALUE":[42,44],"P25_VALUE":[53,53],"MEDIAN_VALUE":[65,64],"P75_VALUE":[75,75],"P90_VALUE":[83,82],"MAX_VALUE":[308,302]}}
