{"PREVALENCE_BY_GENDER_AGE_YEAR":{"TRELLIS_NAME":["50-59","50-59","60-69","70-79","70-79","60-69","70-79","50-59","50-59","60-69","60-69","50-59","70-79","60-69","70-79","60-69","80-89","50-59","70-79","70-79","70-79","60-69","60-69","60-69","70-79","70-79","60-69","70-79","60-69","50-59","80-89","70-79","60-69","60-69","60-69","50-59","70-79","70-79","50-59","70-79","60-69","70-79","60-69","80-89","60-69","70-79","60-69","50-59","60-69","60-69","70-79","70-79","70-79","60-69","60-69","40-49","70-79","60-69","50-59","70-79","60-69","70-79","60-69","50-59","70-79","60-69","50-59","60-69","60-69","50-59","60-69","60-69","50-59","60-69","50-59","30-39","60-69","80-89","70-79","60-69","60-69","50-59","70-79","70-79","80-89","60-69","70-79","60-69","60-69","60-69","70-79","60-69","60-69","60-69","60-69","70-79","60-69","70-79","50-59","60-69","80-89","50-59","60-69","60-69","70-79","60-69","60-69","60-69","70-79","70-79","60-69"],"SERIES_NAME":["MALE","MALE","MALE","MALE","FEMALE","MALE","MALE","MALE","MALE","MALE","FEMALE","MALE","MALE","MALE","MALE","MALE","FEMALE","MALE","FEMALE","MALE","MALE","FEMALE","MALE","MALE","MALE","MALE","MALE","FEMALE","MALE","MALE","FEMALE","FEMALE","MALE","MALE","MALE","MALE","FEMALE","MALE","MALE","FEMALE","MALE","MALE","FEMALE","MALE","MALE","FEMALE","MALE","MALE","MALE","MALE","MALE","MALE","MALE","MALE","MALE","MALE","MALE","MALE","MALE","FEMALE","MALE","MALE","MALE","MALE","MALE","MALE","MALE","MALE","MALE","MALE","MALE","MALE","MALE","MALE","MALE","MALE","FEMALE","MALE","MALE","FEMALE","MALE","MALE","MALE","MALE","FEMALE","MALE","MALE","FEMALE","MALE","MALE","MALE","MALE","MALE","MALE","MALE","FEMALE","MALE","MALE","FEMALE","MALE","MALE","MALE","MALE","MALE","MALE","MALE","MALE","MALE","MALE","FEMALE","MALE"],"X_CALENDAR_YEAR":[2102,2103,2103,2103,2104,2108,2108,2109,2110,2110,2111,2111,2112,2112,2114,2116,2116,2117,2117,2117,2119,2119,2119,2121,2122,2123,2123,2123,2124,2124,2125,2125,2126,2127,2129,2129,2130,2131,2131,2131,2131,2133,2133,2135,2138,2139,2139,2139,2141,2142,2142,2144,2145,2146,2148,2151,2151,2151,2153,2153,2153,2154,2156,2157,2157,2158,2158,2159,2160,2161,2161,2162,2162,2163,2164,2165,2165,2166,2166,2167,2172,2172,2172,2174,2174,2174,2175,2175,2175,2176,2180,2180,2181,2182,2183,2184,2185,2185,2187,2188,2188,2189,2189,2190,2194,2195,2196,2197,2199,2200,2200],"Y_PREVALENCE_1000PP":[133.33333,125,136.36364,111.11111,127.65957,107.14286,174.60317,103.44828,150,111.11111,150,134.61538,96.77419,129.62963,120,118.64407,171.42857,142.85714,136.36364,136.36364,98.36066,142.85714,134.32836,95.2381,148.93617,100,130.43478,139.53488,108.10811,200,153.84615,229.16667,123.28767,130.43478,135.59322,159.09091,137.2549,105.26316,166.66667,146.34146,90.90909,111.11111,133.33333,136.36364,117.64706,130.43478,101.69492,156.86275,152.54237,101.44928,132.07547,130.43478,96.77419,161.29032,135.59322,187.5,125,83.33333,111.11111,150.9434,105.26316,122.44898,103.44828,137.2549,130.43478,166.66667,107.14286,109.09091,159.42029,173.91304,175.4386,112.90323,150,140.35088,137.2549,300,162.7907,133.33333,93.75,166.66667,133.33333,139.53488,111.11111,127.65957,146.34146,148.93617,142.85714,155.55556,106.06061,113.20755,114.7541,163.26531,132.07547,131.14754,122.44898,142.85714,109.375,140,171.42857,145.83333,159.09091,120.68966,96.77419,125,145.45455,157.14286,85.71429,111.11111,101.69492,146.34146,173.91304]},"PREVALENCE_BY_MONTH":{"X_CALENDAR_MONTH":[210203,210310,210411,210701,210802,211101,211104,211106,211109,211211,211311,211704,211710,211911,212103,212411,212412,212506,212511,212611,213102,213106,213112,213207,213210,213302,213609,213809,214009,214101,214102,214110,214206,214303,214611,214707,214801,214908,215007,215011,215103,215104,215107,215302,215303,215404,215510,215612,216201,216309,216410,216504,216511,217005,217103,217209,217309,217403,217504,217607,217611,217801,217812,218003,218004,218011,218101,218310,218601,218712,218803,218907,219210,219211,219308,219401,219411,219508,219708,220004],"Y_PREVALENCE_1000PP":[81.08108,74.07407,109.375,101.69492,88.23529,112.90323,96.77419,102.94118,109.375,120.68966,113.20755,96.77419,89.55224,88.23529,93.75,96.77419,96.77419,89.55224,100,78.94737,111.11111,78.94737,95.89041,73.17073,80,98.59155,92.30769,92.30769,106.66667,92.30769,115.94203,114.7541,92.10526,100,109.375,100,104.47761,92.30769,112.90323,89.55224,88.23529,120.68966,76.92308,106.66667,98.36066,92.30769,93.75,68.96552,96.77419,95.2381,128.20513,116.66667,112.90323,133.33333,111.11111,90.90909,122.44898,105.26316,113.20755,84.33735,81.08108,85.71429,83.33333,88.23529,85.71429,86.95652,88.23529,104.47761,122.80702,90.90909,102.94118,113.20755,85.71429,112.67606,120.68966,94.59459,113.20755,88.23529,109.09091,95.2381]},"PROCEDURE_FREQUENCY_DISTRIBUTION":{"Y_NUM_PERSONS":[7,1,0,0,0,0],"X_COUNT":[1,2,3,4,5,6]},"PROCEDURES_BY_TYPE":{"CONCEPT_NAME":"EHR order list entry","COUNT_VALUE":4039},"AGE_AT_FIRST_OCCURRENCE":{"CATEGORY":["FEMALE","MALE"],"MIN_VALUE":[18,17],"P10_VALUE":[43,41],"P25_VALUE":[55,53],"MEDIAN_VALUE":[68,64],"P75_VALUE":[79,75],"P90_VALUE":[86,83],"MAX_VALUE":[308,308]}}
