{"SUMMARY":{"ATTRIBUTE_NAME":["Source name","Number of persons"],"ATTRIBUTE_VALUE":["omop","46520"]},"GENDER_DATA":{"CONCEPT_ID":[8532,8507],"CONCEPT_NAME":["FEMALE","MALE"],"COUNT_VALUE":[20399,26121]},"AGE_AT_FIRST_OBSERVATION_HISTOGRAM":{"MIN":0,"MAX":100,"INTERVAL_SIZE":1,"INTERVALS":100,"DATA":{"INTERVAL_INDEX":[0,39,61,35,77,68,41,53,78,24,88,67,26,52,34,63,65,51,25,70,22,17,55,56,29,83,32,87,60,48,84,66,62,43,47,54,18,76,15,89,80,57,40,21,20,58,82,28,64,31,27,75,81,74,72,16,46,42,19,300,49,38,30,86,37,44,36,71,59,50,69,33,85,79,45,73,23],"COUNT_VALUE":[7872,272,754,221,885,790,316,616,833,177,437,760,174,624,193,770,761,553,164,749,191,49,625,685,161,735,168,542,816,480,731,804,775,352,497,679,94,776,8,229,808,704,294,177,161,737,766,160,789,160,156,781,811,758,823,11,450,319,141,1991,521,260,166,580,225,393,185,737,747,550,836,187,621,854,423,747,171],"PERCENT_VALUE":[0.16922,0.00585,0.01621,0.00475,0.01902,0.01698,0.00679,0.01324,0.01791,0.0038,0.00939,0.01634,0.00374,0.01341,0.00415,0.01655,0.01636,0.01189,0.00353,0.0161,0.00411,0.00105,0.01344,0.01472,0.00346,0.0158,0.00361,0.01165,0.01754,0.01032,0.01571,0.01728,0.01666,0.00757,0.01068,0.0146,0.00202,0.01668,0.00017,0.00492,0.01737,0.01513,0.00632,0.0038,0.00346,0.01584,0.01647,0.00344,0.01696,0.00344,0.00335,0.01679,0.01743,0.01629,0.01769,0.00024,0.00967,0.00686,0.00303,0.0428,0.0112,0.00559,0.00357,0.01247,0.00484,0.00845,0.00398,0.01584,0.01606,0.01182,0.01797,0.00402,0.01335,0.01836,0.00909,0.01606,0.00368]}},"CUMULATIVE_DURATION":{"SERIES_NAME":["Length of observation","Length of observation","Length of observation","Length of observation","Length of observation","Length of observation"],"X_LENGTH_OF_OBSERVATION":[0,30,60,90,120,150],"Y_PERCENT_PERSONS":[0.99989,0.05522,0.0121,0.00411,0.0014,0.00028]},"OBSERVED_BY_MONTH":{"MONTH_YEAR":[215701,216701,217002,219510,213006,217003,220002,212802,216408,212805,210404,213208,218702,217504,212411,219809],"COUNT_VALUE":[9,7,9,6,6,6,6,6,6,6,6,6,7,6,6,6],"PERCENT_VALUE":[0.00019,0.00015,0.00019,0.00013,0.00013,0.00013,0.00013,0.00013,0.00013,0.00013,0.00013,0.00013,0.00015,0.00013,0.00013,0.00013]}}
