{"CONCEPT_ID":[46235654,44803968,4296248,4052017,40766231,4085802,40758030],"CONCEPT_PATH":["Survey terms not yet categorized||Survey terms not yet categorized||Patient demographic and administrative information panel [FPAR]||Primary insurance","Qualifier value||Classification system||National Public Health Classification data||Ethnicity - National Public Health Classification","Procedure by method||Management procedure||Fiscal resource management||Cost containment","NA||Observable entity||Social / personal history observable||Religious affiliation","Survey Instruments||Survey terms not yet categorized||Social connection and isolation panel||Marital status","Referral statuses||Referral source||Referred by person||Referred by nurse","Survey terms not yet categorized||Survey terms not yet categorized||Language||Language.preferred"],"NUM_PERSONS":[46520,46520,46511,46086,36757,29185,25209],"PERCENT_PERSONS":[1,1,0.999806534823732,0.99067067927773,0.790133276010318,0.627364574376612,0.541895958727429],"RECORDS_PER_PERSON":[1.26775580395529,1.26775580395529,2.69951194341124,1.26975654211691,1.32894414669315,153.686551310605,1.33460272125035]}
