{"CONCEPT_ID":[262,9201],"CONCEPT_PATH":["Emergency Room and Inpatient Visit","Inpatient Visit"],"NUM_PERSONS":[23956,25567],"PERCENT_PERSONS":[0.514961306964746,0.549591573516767],"RECORDS_PER_PERSON":[1.28890465854066,1.09903391090077]}
