{"PREVALENCE_BY_GENDER_AGE_YEAR":{"TRELLIS_NAME":["70-79","70-79","60-69","60-69","60-69","60-69","50-59","70-79","50-59","60-69","60-69","60-69","60-69","60-69","70-79","70-79","70-79","60-69","60-69","70-79"],"SERIES_NAME":["FEMALE","MALE","MALE","FEMALE","MALE","MALE","FEMALE","FEMALE","MALE","MALE","FEMALE","MALE","MALE","FEMALE","MALE","MALE","MALE","MALE","MALE","MALE"],"X_CALENDAR_YEAR":[2109,2111,2115,2118,2119,2120,2122,2125,2135,2141,2142,2157,2165,2172,2177,2178,2180,2185,2190,2200],"Y_PREVALENCE_1000PP":[162.16216,125,100,115.38462,89.55224,115.38462,260.86957,166.66667,95.2381,118.64407,200,137.2549,100,187.5,95.2381,112.90323,114.7541,93.75,107.14286,92.30769]},"PREVALENCE_BY_MONTH":{"X_CALENDAR_MONTH":[210411,211801,212504,213403,213408,213504,213806,214108,215908,216810,217809,218510,219602],"Y_PREVALENCE_1000PP":[93.75,112.90323,80,97.22222,118.64407,100,92.30769,101.69492,82.19178,98.36066,118.64407,92.30769,120.68966]},"FREQUENCY_DISTRIBUTION":{"Y_NUM_PERSONS":[3,1,0,0,0,0,0,0,0,0,0],"X_COUNT":[1,2,3,4,5,6,7,8,9,10,11]},"MEASUREMENTS_BY_TYPE":{"CONCEPT_NAME":"Labs - Chemistry","COUNT_VALUE":2381},"AGE_AT_FIRST_OCCURRENCE":{"CATEGORY":["FEMALE","MALE"],"MIN_VALUE":[17,0],"P10_VALUE":[42,44],"P25_VALUE":[52,54],"MEDIAN_VALUE":[64,64],"P75_VALUE":[76,74],"P90_VALUE":[82,82],"MAX_VALUE":[305,304]},"RECORDS_BY_UNIT":{"CONCEPT_NAME":"milligram per deciliter","COUNT_VALUE":2381},"MEASUREMENT_VALUE_DISTRIBUTION":{"CATEGORY":"milligram per deciliter","MIN_VALUE":0.3,"P10_VALUE":0.3,"P25_VALUE":0.8,"MEDIAN_VALUE":3.4,"P75_VALUE":16.1,"P90_VALUE":75.9,"MAX_VALUE":940.3},"LOWER_LIMIT_DISTRIBUTION":{"CATEGORY":[],"MIN_VALUE":[],"P10_VALUE":[],"P25_VALUE":[],"MEDIAN_VALUE":[],"P75_VALUE":[],"P90_VALUE":[],"MAX_VALUE":[]},"UPPER_LIMIT_DISTRIBUTION":{"CATEGORY":[],"MIN_VALUE":[],"P10_VALUE":[],"P25_VALUE":[],"MEDIAN_VALUE":[],"P75_VALUE":[],"P90_VALUE":[],"MAX_VALUE":[]},"VALUES_RELATIVE_TO_NORM":{"CONCEPT_NAME":[],"COUNT_VALUE":[]}}
