{"PREVALENCE_BY_GENDER_AGE_YEAR":{"TRELLIS_NAME":["60-69","0-9","0-9","50-59","50-59","60-69","60-69","60-69","50-59","70-79","50-59","0-9","0-9","60-69","40-49","0-9","50-59","60-69","60-69","60-69","0-9","50-59","50-59","0-9","50-59","60-69","60-69","0-9","50-59","0-9","60-69","60-69"],"SERIES_NAME":["FEMALE","MALE","MALE","MALE","FEMALE","FEMALE","MALE","MALE","MALE","MALE","MALE","FEMALE","MALE","MALE","FEMALE","MALE","FEMALE","MALE","FEMALE","MALE","MALE","MALE","FEMALE","MALE","MALE","MALE","MALE","MALE","MALE","MALE","MALE","MALE"],"X_CALENDAR_YEAR":[2101,2104,2105,2112,2115,2118,2124,2126,2132,2134,2145,2146,2148,2154,2156,2156,2160,2165,2165,2170,2170,2171,2175,2175,2181,2185,2191,2191,2192,2196,2196,2197],"Y_PREVALENCE_1000PP":[162.16216,130.43478,209.30233,109.09091,153.84615,115.38462,81.08108,95.89041,111.11111,107.69231,107.14286,250,163.26531,132.07547,259.25926,136.36364,181.81818,100,139.53488,125,184.21053,127.65957,240,181.81818,177.77778,93.75,109.09091,157.89474,109.09091,120,100,111.11111]},"PREVALENCE_BY_MONTH":{"X_CALENDAR_MONTH":[210305,210402,210409,211202,211307,211702,211708,211811,212003,212111,212201,212206,212502,212805,213009,213106,213711,214412,214512,214711,214810,214907,215005,215008,215106,215304,215403,215405,215406,215601,215706,215908,216008,216102,216103,216110,216203,216301,216506,216509,216704,216706,216708,217003,217104,217207,217210,217302,217807,218004,218011,218108,218204,218303,218304,219104,219202,219308,219608,219611,220002,220105],"Y_PREVALENCE_1000PP":[104.47761,85.71429,111.11111,100,104.47761,85.71429,101.44928,115.38462,93.75,90.90909,74.07407,85.71429,88.23529,71.42857,95.2381,105.26316,107.14286,89.55224,86.95652,82.19178,98.36066,103.44828,103.44828,89.55224,80,86.95652,103.44828,108.10811,81.08108,78.94737,95.89041,95.89041,96.77419,116.66667,82.19178,82.19178,101.44928,75.94937,101.44928,88.23529,78.94737,125,92.30769,114.28571,107.69231,101.44928,85.71429,95.2381,85.71429,114.28571,86.95652,89.55224,83.33333,88.23529,111.11111,90.90909,127.65957,137.93103,109.375,90.90909,116.66667,155.17241]},"FREQUENCY_DISTRIBUTION":{"Y_NUM_PERSONS":[6,1,1,0,0,0,0,0,0,0,0,0,0,0],"X_COUNT":[1,2,3,4,5,6,7,8,9,11,12,13,14,15]},"MEASUREMENTS_BY_TYPE":{"CONCEPT_NAME":"Labs - Chemistry","COUNT_VALUE":4181},"AGE_AT_FIRST_OCCURRENCE":{"CATEGORY":["FEMALE","MALE"],"MIN_VALUE":[0,0],"P10_VALUE":[0,0],"P25_VALUE":[35,27],"MEDIAN_VALUE":[54,52],"P75_VALUE":[67,66],"P90_VALUE":[78,78],"MAX_VALUE":[301,302]},"RECORDS_BY_UNIT":{"CONCEPT_NAME":"milligram per deciliter","COUNT_VALUE":4181},"MEASUREMENT_VALUE_DISTRIBUTION":{"CATEGORY":"milligram per deciliter","MIN_VALUE":0.2,"P10_VALUE":22,"P25_VALUE":33,"MEDIAN_VALUE":54,"P75_VALUE":104,"P90_VALUE":186,"MAX_VALUE":4910},"LOWER_LIMIT_DISTRIBUTION":{"CATEGORY":[],"MIN_VALUE":[],"P10_VALUE":[],"P25_VALUE":[],"MEDIAN_VALUE":[],"P75_VALUE":[],"P90_VALUE":[],"MAX_VALUE":[]},"UPPER_LIMIT_DISTRIBUTION":{"CATEGORY":[],"MIN_VALUE":[],"P10_VALUE":[],"P25_VALUE":[],"MEDIAN_VALUE":[],"P75_VALUE":[],"P90_VALUE":[],"MAX_VALUE":[]},"VALUES_RELATIVE_TO_NORM":{"CONCEPT_NAME":[],"COUNT_VALUE":[]}}
