{"PREVALENCE_BY_GENDER_AGE_YEAR":{"TRELLIS_NAME":["60-69","60-69","60-69","60-69","70-79","50-59","50-59","70-79","50-59","70-79","60-69","60-69","50-59","60-69","50-59","70-79","40-49","70-79","60-69","70-79","60-69","60-69","60-69","70-79","60-69","60-69","60-69","60-69","70-79","70-79","50-59","40-49","70-79","50-59","50-59","70-79","50-59","60-69","60-69","60-69","60-69","60-69","60-69","60-69","60-69","70-79","60-69","60-69","70-79","60-69","60-69","60-69","60-69","50-59","50-59","50-59","50-59","60-69","60-69","70-79","50-59","60-69","70-79","60-69","60-69","60-69","60-69","70-79"],"SERIES_NAME":["FEMALE","MALE","FEMALE","MALE","MALE","MALE","MALE","FEMALE","FEMALE","FEMALE","MALE","FEMALE","MALE","FEMALE","MALE","MALE","FEMALE","MALE","MALE","FEMALE","MALE","MALE","FEMALE","MALE","MALE","FEMALE","FEMALE","MALE","MALE","FEMALE","FEMALE","MALE","MALE","MALE","FEMALE","MALE","MALE","MALE","MALE","FEMALE","FEMALE","MALE","FEMALE","MALE","FEMALE","MALE","FEMALE","MALE","MALE","FEMALE","FEMALE","MALE","FEMALE","MALE","FEMALE","MALE","FEMALE","MALE","FEMALE","MALE","MALE","FEMALE","MALE","MALE","FEMALE","MALE","MALE","MALE"],"X_CALENDAR_YEAR":[2104,2104,2105,2106,2107,2110,2112,2114,2114,2115,2115,2118,2118,2120,2123,2125,2126,2130,2131,2131,2133,2134,2136,2137,2137,2137,2138,2138,2138,2141,2143,2144,2146,2146,2147,2148,2148,2149,2153,2154,2158,2158,2159,2159,2161,2165,2168,2168,2173,2173,2176,2179,2179,2183,2183,2184,2184,2186,2186,2187,2188,2192,2194,2195,2196,2196,2198,2200],"Y_PREVALENCE_1000PP":[214.28571,117.64706,250,88.23529,125,150,109.09091,153.84615,250,187.5,100,115.38462,129.03226,145.83333,146.34146,125,315.78947,125,90.90909,146.34146,102.94118,170.21277,171.42857,140,134.61538,181.81818,142.85714,102.94118,109.09091,130.43478,300,157.89474,118.64407,134.61538,142.85714,115.38462,134.61538,129.03226,140.35088,155.55556,139.53488,125,142.85714,145.45455,193.54839,129.62963,250,142.85714,142.85714,130.43478,150,127.27273,173.91304,113.20755,175,96.77419,333.33333,127.65957,153.84615,100,125,181.81818,109.09091,142.85714,173.91304,85.71429,98.36066,138.46154]},"PREVALENCE_BY_MONTH":{"X_CALENDAR_MONTH":[210109,210110,210111,210112,210201,210202,210203,210204,210207,210208,210210,210212,210302,210303,210304,210305,210307,210308,210309,210310,210311,210312,210401,210402,210403,210404,210405,210406,210407,210408,210409,210412,210501,210504,210505,210508,210509,210510,210608,210609,210702,210703,210704,210709,210710,210711,210712,210801,210802,210804,210805,210806,210807,210808,210812,210907,210909,210911,210912,211001,211002,211003,211004,211005,211006,211007,211008,211009,211010,211011,211012,211207,211208,211209,211210,211211,211212,211301,211302,211304,211305,211405,211406,211407,211408,211409,211410,211411,211412,211501,211507,211508,211509,211602,211607,211612,211701,211702,211703,211705,211706,211707,211710,211803,211804,211805,211806,211807,211808,211809,211810,211811,211812,211901,211902,211903,211904,211905,211906,211907,211910,211911,212001,212002,212003,212006,212008,212010,212012,212101,212102,212105,212106,212107,212108,212111,212210,212212,212302,212303,212305,212307,212308,212402,212403,212404,212405,212406,212409,212410,212501,212502,212503,212505,212506,212601,212602,212604,212608,212610,212611,212706,212708,212710,212711,212712,212801,212803,212805,212806,212807,212809,212810,212903,212908,213002,213003,213004,213005,213006,213007,213009,213010,213011,213012,213101,213102,213103,213104,213105,213108,213109,213110,213111,213212,213304,213306,213309,213310,213410,213411,213412,213501,213502,213503,213504,213506,213507,213508,213509,213603,213604,213605,213606,213607,213608,213609,213610,213611,213701,213702,213703,213704,213705,213706,213708,213709,213710,213711,213712,213801,213802,213803,213804,213805,213806,213807,213808,213809,213810,213811,213812,213901,213902,213905,213906,213907,213908,213909,213911,214007,214009,214010,214011,214012,214102,214103,214104,214105,214107,214108,214110,214111,214204,214205,214207,214208,214209,214211,214301,214302,214303,214304,214305,214307,214309,214310,214311,214401,214402,214403,214404,214406,214407,214408,214409,214410,214411,214501,214507,214511,214601,214605,214606,214608,214609,214611,214704,214705,214707,214708,214803,214804,214805,214806,214807,214808,214809,214810,214811,214812,214901,214902,214903,214907,214910,215001,215002,215005,215007,215008,215011,215012,215103,215105,215106,215108,215202,215209,215303,215304,215305,215306,215307,215308,215309,215310,215311,215312,215401,215403,215404,215405,215406,215407,215408,215409,215410,215411,215501,215502,215503,215504,215505,215506,215510,215605,215607,215611,215703,215705,215710,215801,215803,215810,215902,215904,215907,215912,216002,216003,216004,216005,216009,216010,216011,216012,216101,216105,216106,216107,216109,216110,216111,216201,216202,216203,216206,216207,216209,216210,216211,216212,216301,216302,216303,216305,216308,216309,216311,216312,216401,216402,216403,216404,216405,216406,216408,216410,216502,216511,216612,216702,216703,216704,216705,216708,216709,216711,216712,216801,216802,216804,216805,216806,216807,216808,216809,216810,216811,216812,216905,216907,216908,217001,217002,217003,217005,217006,217008,217112,217207,217208,217209,217210,217211,217301,217302,217303,217304,217305,217307,217310,217311,217312,217401,217402,217406,217407,217409,217410,217411,217412,217501,217502,217503,217504,217506,217507,217508,217509,217602,217603,217604,217606,217607,217608,217701,217705,217706,217707,217801,217802,217804,217805,217808,217809,217812,217910,217911,218004,218005,218006,218007,218008,218009,218010,218011,218012,218101,218102,218103,218104,218106,218107,218108,218203,218204,218205,218208,218210,218211,218212,218302,218303,218304,218305,218306,218307,218308,218309,218310,218311,218312,218401,218402,218403,218404,218406,218407,218410,218411,218603,218604,218605,218606,218607,218608,218610,218611,218702,218703,218705,218706,218707,218708,218709,218710,218711,218801,218803,218804,218805,218806,218807,218808,218809,218810,218811,218901,218902,218904,219005,219007,219008,219009,219010,219011,219012,219101,219102,219103,219104,219105,219110,219111,219112,219201,219202,219203,219204,219205,219206,219207,219208,219209,219210,219211,219212,219301,219402,219403,219404,219405,219406,219407,219408,219412,219501,219502,219504,219512,219603,219604,219605,219606,219607,219608,219609,219611,219612,219802,219806,219807,219808,219902,219904,219908,219909,220004,220007,220008,220009,220010,220011,220012],