{"PREVALENCE_BY_GENDER_AGE_YEAR":{"TRELLIS_NAME":["50-59","70-79","50-59","70-79","80-89","60-69","60-69","70-79","60-69","60-69","70-79","60-69","70-79","70-79","60-69","70-79","40-49","70-79","50-59","60-69","80-89","60-69","50-59","70-79","40-49","60-69","70-79","70-79","80-89","70-79","50-59","70-79","70-79","50-59","50-59","60-69","50-59","70-79","60-69","60-69","50-59","50-59"],"SERIES_NAME":["FEMALE","FEMALE","MALE","FEMALE","FEMALE","MALE","FEMALE","FEMALE","MALE","FEMALE","MALE","FEMALE","MALE","FEMALE","FEMALE","MALE","MALE","MALE","MALE","MALE","MALE","MALE","MALE","MALE","MALE","MALE","MALE","FEMALE","FEMALE","MALE","MALE","FEMALE","MALE","FEMALE","MALE","FEMALE","MALE","MALE","MALE","FEMALE","MALE","MALE"],"X_CALENDAR_YEAR":[2112,2114,2115,2115,2116,2116,2120,2122,2124,2125,2126,2126,2130,2130,2132,2132,2133,2134,2136,2136,2137,2146,2148,2149,2151,2166,2167,2168,2172,2180,2181,2182,2184,2186,2187,2188,2188,2192,2196,2196,2198,2201],"Y_PREVALENCE_1000PP":[194.44444,179.48718,162.7907,218.75,200,118.64407,125,117.64706,108.10811,150,163.63636,181.81818,125,117.64706,155.55556,92.30769,146.34146,92.30769,130.43478,114.7541,166.66667,145.16129,115.38462,133.33333,218.75,142.85714,133.33333,109.09091,162.16216,114.7541,133.33333,186.04651,115.38462,218.75,109.375,176.47059,93.75,101.69492,128.57143,130.43478,103.44828,193.54839]},"PREVALENCE_BY_MONTH":{"X_CALENDAR_MONTH":[210109,210308,210309,210502,210512,211008,211311,211601,211602,211904,212204,212312,212403,212502,212504,212505,212607,212608,212701,212710,212902,213002,213004,213005,213110,213206,213207,213208,213602,213609,213710,214009,214612,215103,215108,215505,216909,217001,217112,217207,217210,217612,217805,218205,218611,219412,219608,219612,220004,220012],"Y_PREVALENCE_1000PP":[93.75,88.23529,104.47761,89.55224,89.55224,101.69492,113.20755,101.69492,120,85.71429,117.64706,92.30769,121.62162,102.94118,80,86.95652,92.30769,84.50704,105.26316,115.38462,129.62963,90.90909,90.90909,76.92308,90.90909,82.19178,73.17073,68.96552,89.55224,107.69231,112.90323,93.33333,94.59459,88.23529,96.77419,109.375,82.19178,88.23529,118.64407,101.44928,85.71429,77.92208,90.90909,83.33333,134.61538,106.66667,93.75,93.75,83.33333,92.30769]},"FREQUENCY_DISTRIBUTION":{"Y_NUM_PERSONS":[6,2,1,1,0,0,0,0,0,0,0,0,0,0,0,0,0,0,0,0,0],"X_COUNT":[1,2,3,4,5,6,7,8,9,10,11,12,13,14,15,16,18,19,21,24,25]},"MEASUREMENTS_BY_TYPE":{"CONCEPT_NAME":"Labs - Hemato","COUNT_VALUE":5118},"AGE_AT_FIRST_OCCURRENCE":{"CATEGORY":["FEMALE","MALE"],"MIN_VALUE":[17,0],"P10_VALUE":[38,40],"P25_VALUE":[49,51],"MEDIAN_VALUE":[65,64],"P75_VALUE":[78,77],"P90_VALUE":[85,84],"MAX_VALUE":[307,310]},"RECORDS_BY_UNIT":{"CONCEPT_NAME":"microgram per milliliter","COUNT_VALUE":5118},"MEASUREMENT_VALUE_DISTRIBUTION":{"CATEGORY":"microgram per milliliter","MIN_VALUE":1280,"P10_VALUE":1280,"P25_VALUE":1280,"MEDIAN_VALUE":1280,"P75_VALUE":1280,"P90_VALUE":1280,"MAX_VALUE":1280},"LOWER_LIMIT_DISTRIBUTION":{"CATEGORY":[],"MIN_VALUE":[],"P10_VALUE":[],"P25_VALUE":[],"MEDIAN_VALUE":[],"P75_VALUE":[],"P90_VALUE":[],"MAX_VALUE":[]},"UPPER_LIMIT_DISTRIBUTION":{"CATEGORY":[],"MIN_VALUE":[],"P10_VALUE":[],"P25_VALUE":[],"MEDIAN_VALUE":[],"P75_VALUE":[],"P90_VALUE":[],"MAX_VALUE":[]},"VALUES_RELATIVE_TO_NORM":{"CONCEPT_NAME":[],"COUNT_VALUE":[]}}
