{"PREVALENCE_BY_GENDER_AGE_YEAR":{"TRELLIS_NAME":["60-69","70-79","70-79","60-69","70-79","50-59","60-69","60-69","60-69","60-69","70-79","50-59","60-69","70-79","70-79","70-79","60-69","60-69","50-59","60-69","50-59","70-79","50-59","60-69","70-79","60-69","70-79","50-59","60-69","70-79","50-59","70-79","60-69","60-69","50-59","40-49","70-79","50-59","80-89","70-79","50-59","60-69","70-79","70-79","70-79","60-69","70-79","50-59","70-79","70-79","60-69","60-69","50-59","60-69","60-69","70-79"],"SERIES_NAME":["FEMALE","MALE","MALE","MALE","FEMALE","MALE","FEMALE","FEMALE","FEMALE","FEMALE","MALE","FEMALE","MALE","FEMALE","MALE","FEMALE","MALE","FEMALE","MALE","MALE","MALE","MALE","MALE","MALE","MALE","MALE","MALE","MALE","FEMALE","FEMALE","MALE","MALE","MALE","MALE","FEMALE","FEMALE","FEMALE","FEMALE","MALE","FEMALE","FEMALE","FEMALE","FEMALE","FEMALE","FEMALE","FEMALE","FEMALE","FEMALE","FEMALE","MALE","MALE","FEMALE","FEMALE","FEMALE","MALE","MALE"],"X_CALENDAR_YEAR":[2101,2105,2106,2107,2108,2109,2109,2112,2122,2123,2124,2125,2126,2130,2133,2133,2136,2136,2140,2140,2141,2142,2142,2143,2148,2149,2150,2153,2153,2154,2155,2156,2157,2159,2159,2160,2162,2162,2165,2166,2167,2169,2172,2174,2175,2176,2176,2179,2179,2187,2187,2190,2192,2193,2199,2200],"Y_PREVALENCE_1000PP":[162.16216,111.11111,136.36364,146.34146,127.65957,103.44828,166.66667,200,146.34146,136.36364,107.14286,250,95.89041,117.64706,111.11111,181.81818,131.14754,200,142.85714,112.90323,196.07843,113.20755,120,95.2381,134.61538,129.03226,187.5,111.11111,212.12121,120,194.44444,136.36364,137.2549,127.27273,218.75,583.33333,218.75,171.42857,175,120,166.66667,150,162.16216,148.14815,243.90244,150,142.85714,214.28571,130.43478,133.33333,145.45455,157.89474,260.86957,142.85714,109.09091,107.69231]},"PREVALENCE_BY_MONTH":{"X_CALENDAR_MONTH":[210101,210203,210901,211004,211105,211112,211212,211307,211611,211704,211901,211906,212203,212209,212404,212405,212612,212705,212903,212905,213006,213105,213403,213504,213506,213511,213601,213604,213607,213610,213612,213802,214007,214102,214104,214107,214205,214210,214412,214501,214503,214705,214707,214801,214810,215003,215004,215101,215102,215103,215308,215404,215409,215410,215503,215505,215507,215508,215509,215702,215711,215808,215911,216001,216002,216011,216101,216103,216112,216201,216208,216501,216504,216505,216604,216612,216711,216803,216812,216911,217109,217201,217403,217611,217707,217710,217711,217805,217811,217908,218008,218110,218312,218510,218706,218708,218710,218711,218712,218807,218901,219003,219202,219204,219301,219405,219901,219908,220001,220006,220102],"Y_PREVALENCE_1000PP":[90.90909,81.08108,129.03226,83.33333,105.26316,100,135.59322,89.55224,120,96.77419,109.375,109.09091,127.27273,120.68966,101.69492,132.07547,111.11111,142.85714,88.60759,95.89041,76.92308,103.44828,83.33333,116.66667,93.75,125,136.36364,83.33333,140.625,115.94203,120,100,102.94118,86.95652,98.59155,93.33333,74.07407,111.11111,104.47761,111.11111,115.94203,102.94118,100,104.47761,98.36066,157.89474,82.19178,95.2381,127.27273,88.23529,95.89041,92.30769,107.69231,140.35088,166.66667,109.375,101.69492,123.07692,138.46154,104.47761,107.14286,101.44928,93.75,111.11111,102.94118,89.55224,88.23529,82.19178,150.9434,96.77419,114.7541,151.51515,100,93.33333,126.98413,74.07407,118.64407,93.75,82.19178,125,93.75,192.98246,78.94737,94.59459,92.30769,93.75,105.26316,106.06061,101.69492,73.17073,88.60759,94.59459,120.68966,153.84615,114.7541,82.19178,149.25373,90.90909,90.90909,83.33333,115.94203,89.55224,170.21277,90.90909,120.68966,115.38462,100,84.50704,104.47761,111.11111,101.44928]},"FREQUENCY_DISTRIBUTION":{"Y_NUM_PERSONS":[5,2,1,1,0,0,0,0,0,0,0,0,0,0,0,0,0,0,0,0,0],"X_COUNT":[1,2,3,4,5,6,7,8,9,10,11,12,13,14,15,16,17,18,19,21,22]},"MEASUREMENTS_BY_TYPE":{"CONCEPT_NAME":"Labs - Chemistry","COUNT_VALUE":4355},"AGE_AT_FIRST_OCCURRENCE":{"CATEGORY":["MALE","FEMALE"],"MIN_VALUE":[0,0],"P10_VALUE":[42,42],"P25_VALUE":[52,52],"MEDIAN_VALUE":[64,64],"P75_VALUE":[75,75],"P90_VALUE":[82,83],"MAX_VALUE":[305,308]},"RECORDS_BY_UNIT":{"CONCEPT_NAME":"picogram per milliliter","COUNT_VALUE":4355},"MEASUREMENT_VALUE_DISTRIBUTION":{"CATEGORY":"picogram per milliliter","MIN_VALUE":5.2,"P10_VALUE":25,"P25_VALUE":49,"MEDIAN_VALUE":99,"P75_VALUE":202,"P90_VALUE":405,"MAX_VALUE":5000},"LOWER_LIMIT_DISTRIBUTION":{"CATEGORY":[],"MIN_VALUE":[],"P10_VALUE":[],"P25_VALUE":[],"MEDIAN_VALUE":[],"P75_VALUE":[],"P90_VALUE":[],"MAX_VALUE":[]},"UPPER_LIMIT_DISTRIBUTION":{"CATEGORY":[],"MIN_VALUE":[],"P10_VALUE":[],"P25_VALUE":[],"MEDIAN_VALUE":[],"P75_VALUE":[],"P90_VALUE":[],"MAX_VALUE":[]},"VALUES_RELATIVE_TO_NORM":{"CONCEPT_NAME":[],"COUNT_VALUE":[]}}
