{"PREVALENCE_BY_GENDER_AGE_YEAR":{"TRELLIS_NAME":["0-9","0-9","0-9","0-9","0-9","0-9","0-9","0-9","0-9","0-9","0-9","0-9","0-9","0-9","0-9","0-9","0-9","0-9","0-9","0-9","0-9","0-9","0-9","0-9","0-9","0-9","0-9","0-9"],"SERIES_NAME":["MALE","MALE","MALE","MALE","MALE","MALE","MALE","MALE","MALE","FEMALE","MALE","FEMALE","MALE","MALE","MALE","MALE","MALE","MALE","FEMALE","MALE","MALE","MALE","MALE","FEMALE","MALE","MALE","MALE","MALE"],"X_CALENDAR_YEAR":[2102,2103,2104,2105,2110,2121,2126,2131,2145,2146,2148,2154,2154,2156,2157,2158,2163,2164,2166,2170,2175,2177,2184,2191,2191,2196,2197,2199],"Y_PREVALENCE_1000PP":[153.84615,125,152.17391,186.04651,105.26316,148.93617,170.73171,157.89474,100,321.42857,183.67347,135.59322,120,136.36364,145.83333,186.04651,122.44898,142.85714,142.85714,157.89474,250,122.44898,139.53488,153.84615,210.52632,120,133.33333,100]},"PREVALENCE_BY_MONTH":{"X_CALENDAR_MONTH":[212509,212606,212910,214506,214606,217110,217508,219308,219512,219611],"Y_PREVALENCE_1000PP":[90.90909,90.90909,89.55224,102.5641,109.09091,77.92208,119.40299,103.44828,96.77419,90.90909]},"FREQUENCY_DISTRIBUTION":{"Y_NUM_PERSONS":[4,3,2,1,1,1,1,0,0,0,0,0,0,0,0,0,0,0,0,0,0,0,0,0,0],"X_COUNT":[1,2,3,4,5,6,7,8,9,10,11,12,13,14,15,16,17,18,19,20,21,22,23,24,25]},"MEASUREMENTS_BY_TYPE":{"CONCEPT_NAME":"Labs - Chemistry","COUNT_VALUE":6511},"AGE_AT_FIRST_OCCURRENCE":{"CATEGORY":["FEMALE","MALE"],"MIN_VALUE":[0,0],"P10_VALUE":[0,0],"P25_VALUE":[0,0],"MEDIAN_VALUE":[44,39],"P75_VALUE":[66,63],"P90_VALUE":[78,76],"MAX_VALUE":[306,301]},"RECORDS_BY_UNIT":{"CONCEPT_NAME":"microgram per milliliter","COUNT_VALUE":6511},"MEASUREMENT_VALUE_DISTRIBUTION":{"CATEGORY":"microgram per milliliter","MIN_VALUE":0.1,"P10_VALUE":0.4,"P25_VALUE":0.8,"MEDIAN_VALUE":1.8,"P75_VALUE":4.2,"P90_VALUE":6.5,"MAX_VALUE":197.8},"LOWER_LIMIT_DISTRIBUTION":{"CATEGORY":[],"MIN_VALUE":[],"P10_VALUE":[],"P25_VALUE":[],"MEDIAN_VALUE":[],"P75_VALUE":[],"P90_VALUE":[],"MAX_VALUE":[]},"UPPER_LIMIT_DISTRIBUTION":{"CATEGORY":[],"MIN_VALUE":[],"P10_VALUE":[],"P25_VALUE":[],"MEDIAN_VALUE":[],"P75_VALUE":[],"P90_VALUE":[],"MAX_VALUE":[]},"VALUES_RELATIVE_TO_NORM":{"CONCEPT_NAME":[],"COUNT_VALUE":[]}}
