{"PREVALENCE_BY_GENDER_AGE_YEAR":{"TRELLIS_NAME":["50-59","60-69","50-59","50-59","50-59","60-69","60-69"],"SERIES_NAME":["FEMALE","FEMALE","FEMALE","MALE","MALE","FEMALE","FEMALE"],"X_CALENDAR_YEAR":[2108,2118,2125,2168,2171,2191,2196],"Y_PREVALENCE_1000PP":[206.89655,153.84615,187.5,130.43478,148.93617,166.66667,130.43478]},"PREVALENCE_BY_MONTH":{"X_CALENDAR_MONTH":[211003,211408,211804,212312,213204,213302,213312,213801,213806,214012,214401,214901,215102,215802,216007,216501,216803,217007,217101,219111,220003],"Y_PREVALENCE_1000PP":[95.2381,92.10526,114.28571,92.30769,81.08108,84.50704,125,109.09091,92.30769,105.26316,93.33333,100,109.09091,103.44828,85.71429,90.90909,109.375,80,113.20755,111.11111,94.59459]},"FREQUENCY_DISTRIBUTION":{"Y_NUM_PERSONS":[3,1,0,0,0,0,0,0,0,0,0,0,0,0,0,0,0,0,0],"X_COUNT":[1,2,3,4,5,6,7,8,9,10,12,13,14,15,16,17,18,19,20]},"MEASUREMENTS_BY_TYPE":{"CONCEPT_NAME":"Labs - Chemistry","COUNT_VALUE":2608},"AGE_AT_FIRST_OCCURRENCE":{"CATEGORY":["MALE","FEMALE"],"MIN_VALUE":[0,0],"P10_VALUE":[41,37],"P25_VALUE":[52,50],"MEDIAN_VALUE":[63,62],"P75_VALUE":[74,75],"P90_VALUE":[82,83],"MAX_VALUE":[305,305]},"RECORDS_BY_UNIT":{"CONCEPT_NAME":"milligram per deciliter","COUNT_VALUE":2608},"MEASUREMENT_VALUE_DISTRIBUTION":{"CATEGORY":"milligram per deciliter","MIN_VALUE":3,"P10_VALUE":12,"P25_VALUE":28,"MEDIAN_VALUE":61,"P75_VALUE":118,"P90_VALUE":227,"MAX_VALUE":6105},"LOWER_LIMIT_DISTRIBUTION":{"CATEGORY":[],"MIN_VALUE":[],"P10_VALUE":[],"P25_VALUE":[],"MEDIAN_VALUE":[],"P75_VALUE":[],"P90_VALUE":[],"MAX_VALUE":[]},"UPPER_LIMIT_DISTRIBUTION":{"CATEGORY":[],"MIN_VALUE":[],"P10_VALUE":[],"P25_VALUE":[],"MEDIAN_VALUE":[],"P75_VALUE":[],"P90_VALUE":[],"MAX_VALUE":[]},"VALUES_RELATIVE_TO_NORM":{"CONCEPT_NAME":[],"COUNT_VALUE":[]}}
