{"PREVALENCE_BY_GENDER_AGE_YEAR":{"TRELLIS_NAME":["80-89","80-89","70-79","70-79","70-79","70-79","60-69","80-89","70-79","80-89","80-89","70-79"],"SERIES_NAME":["FEMALE","FEMALE","MALE","FEMALE","FEMALE","FEMALE","FEMALE","FEMALE","FEMALE","FEMALE","FEMALE","MALE"],"X_CALENDAR_YEAR":[2111,2112,2128,2128,2131,2163,2167,2173,2176,2177,2180,2200],"Y_PREVALENCE_1000PP":[111.11111,133.33333,120,136.36364,146.34146,105.26316,166.66667,125,166.66667,146.34146,139.53488,92.30769]},"PREVALENCE_BY_MONTH":{"X_CALENDAR_MONTH":[210202,210903,211201,212011,213101,214206,216301,216302,217403,217610,219311,219505,219610],"Y_PREVALENCE_1000PP":[117.64706,103.44828,107.14286,93.75,109.09091,78.94737,75.94937,96.77419,78.94737,90.90909,107.14286,100,83.33333]},"FREQUENCY_DISTRIBUTION":{"Y_NUM_PERSONS":[3,1,0,0,0,0,0,0,0,0],"X_COUNT":[1,2,3,4,5,6,7,8,9,10]},"MEASUREMENTS_BY_TYPE":{"CONCEPT_NAME":"Labs - Hemato","COUNT_VALUE":2110},"AGE_AT_FIRST_OCCURRENCE":{"CATEGORY":["MALE","FEMALE"],"MIN_VALUE":[0,18],"P10_VALUE":[44,46],"P25_VALUE":[57,58],"MEDIAN_VALUE":[72,72],"P75_VALUE":[81,81],"P90_VALUE":[87,88],"MAX_VALUE":[303,306]},"RECORDS_BY_UNIT":{"CONCEPT_NAME":[],"COUNT_VALUE":[]},"MEASUREMENT_VALUE_DISTRIBUTION":{"CATEGORY":[],"MIN_VALUE":[],"P10_VALUE":[],"P25_VALUE":[],"MEDIAN_VALUE":[],"P75_VALUE":[],"P90_VALUE":[],"MAX_VALUE":[]},"LOWER_LIMIT_DISTRIBUTION":{"CATEGORY":[],"MIN_VALUE":[],"P10_VALUE":[],"P25_VALUE":[],"MEDIAN_VALUE":[],"P75_VALUE":[],"P90_VALUE":[],"MAX_VALUE":[]},"UPPER_LIMIT_DISTRIBUTION":{"CATEGORY":[],"MIN_VALUE":[],"P10_VALUE":[],"P25_VALUE":[],"MEDIAN_VALUE":[],"P75_VALUE":[],"P90_VALUE":[],"MAX_VALUE":[]},"VALUES_RELATIVE_TO_NORM":{"CONCEPT_NAME":[],"COUNT_VALUE":[]}}
