{"PREVALENCE_BY_GENDER_AGE_YEAR":{"TRELLIS_NAME":["80-89","60-69","80-89","50-59","60-69","70-79","50-59","60-69","60-69","80-89","60-69","60-69","70-79","60-69","60-69","60-69","60-69","60-69","60-69","50-59","70-79","60-69","60-69","70-79","50-59","70-79","50-59","60-69","50-59","70-79","50-59","60-69","70-79","60-69","80-89","70-79","50-59","80-89","50-59","70-79","50-59","70-79","80-89","50-59","60-69","60-69","40-49","70-79","80-89","70-79","80-89","60-69","50-59","60-69","50-59","70-79","60-69","50-59","80-89","70-79","70-79","80-89","70-79","60-69","70-79","70-79","50-59","60-69","70-79","60-69","70-79","60-69","70-79","60-69","60-69","70-79","80-89","60-69","80-89","60-69","60-69","60-69","60-69","70-79","50-59","70-79","70-79","70-79","60-69","70-79","60-69","70-79","60-69","80-89","70-79","50-59","50-59","70-79","60-69","60-69","60-69","50-59","70-79","70-79","70-79","70-79","70-79"],"SERIES_NAME":["MALE","MALE","MALE","MALE","MALE","FEMALE","MALE","MALE","FEMALE","MALE","FEMALE","MALE","MALE","MALE","MALE","MALE","FEMALE","MALE","MALE","MALE","MALE","MALE","MALE","MALE","FEMALE","MALE","MALE","MALE","MALE","MALE","MALE","MALE","FEMALE","FEMALE","MALE","MALE","MALE","MALE","MALE","FEMALE","MALE","MALE","MALE","MALE","MALE","FEMALE","MALE","MALE","FEMALE","MALE","FEMALE","MALE","MALE","FEMALE","MALE","FEMALE","MALE","MALE","MALE","FEMALE","MALE","MALE","MALE","MALE","FEMALE","MALE","MALE","FEMALE","MALE","FEMALE","FEMALE","MALE","MALE","MALE","MALE","MALE","MALE","FEMALE","MALE","MALE","MALE","MALE","FEMALE","FEMALE","MALE","MALE","MALE","FEMALE","MALE","MALE","FEMALE","MALE","MALE","MALE","MALE","MALE","MALE","MALE","MALE","MALE","FEMALE","MALE","MALE","MALE","FEMALE","MALE","FEMALE"],"X_CALENDAR_YEAR":[2102,2104,2104,2106,2108,2109,2110,2110,2112,2113,2114,2115,2115,2119,2120,2121,2122,2122,2124,2125,2125,2125,2126,2127,2130,2132,2132,2133,2134,2135,2135,2136,2137,2137,2137,2139,2143,2143,2144,2144,2145,2146,2146,2148,2149,2150,2151,2151,2151,2152,2152,2153,2157,2157,2159,2160,2160,2161,2161,2163,2163,2165,2166,2166,2167,2167,2167,2167,2168,2168,2168,2169,2169,2170,2171,2172,2173,2173,2174,2174,2175,2177,2178,2178,2178,2179,2180,2180,2181,2182,2182,2184,2185,2185,2186,2187,2189,2190,2190,2192,2193,2195,2195,2196,2197,2200,2200],"Y_PREVALENCE_1000PP":[200,117.64706,333.33333,112.90323,107.14286,162.16216,175,129.62963,171.42857,153.84615,190.47619,100,126.98413,104.47761,134.61538,95.2381,170.73171,129.62963,81.08108,125,125,111.11111,123.28767,103.44828,146.34146,107.69231,111.11111,88.23529,153.84615,122.44898,111.11111,98.36066,122.44898,136.36364,250,105.26316,115.38462,194.44444,177.77778,272.72727,107.14286,152.54237,181.81818,115.38462,112.90323,187.5,187.5,125,125,122.44898,142.85714,105.26316,117.64706,162.7907,136.36364,179.48718,86.95652,152.17391,139.53488,105.26316,123.07692,225,125,122.44898,181.81818,150,127.65957,142.85714,122.44898,218.75,145.45455,81.08108,145.83333,107.14286,95.2381,148.14815,176.47059,173.91304,150,127.65957,106.06061,93.75,157.89474,130.43478,166.66667,111.11111,147.54098,152.17391,132.07547,127.65957,176.47059,153.84615,93.75,150,177.77778,109.375,137.93103,140.35088,107.14286,116.66667,142.85714,157.89474,113.20755,117.64706,186.04651,123.07692,146.34146]},"PREVALENCE_BY_MONTH":{"X_CALENDAR_MONTH":[210201,210202,210203,210311,210401,210601,210602,210810,210908,211003,211010,211101,211110,211202,211210,211403,211412,211501,211602,211609,211612,211703,211708,212011,212109,212111,212209,212210,212304,212407,212504,212507,212510,212602,212608,212612,212707,212712,212801,212807,212812,212901,212910,212911,213201,213208,213406,213606,213609,213702,213705,213708,214003,214011,214103,214207,214209,214301,214302,214311,214411,214412,214503,214506,214512,214604,214609,214802,214806,214809,214812,214912,215004,215005,215103,215107,215504,215609,215610,215704,215706,215708,215809,215811,215907,215909,216103,216201,216301,216309,216310,216405,216406,216408,216409,216410,216501,216510,216606,216608,216609,216708,216712,216803,216804,216805,216901,216906,216908,217007,217104,217108,217111,217211,217212,217311,217406,217412,217502,217506,217612,217703,217811,217911,218005,218007,218011,218102,218109,218110,218211,218301,218308,218507,218606,218707,218804,218807,218808,219012,219202,219205,219211,219312,219401,219402,219503,219611,219701,219711,219901,220002],"Y_PREVALENCE_1000PP":[109.09091,137.2549,121.62162,127.27273,137.93103,106.06061,93.75,101.44928,78.94737,95.2381,115.38462,96.77419,85.71429,128.57143,84.50704,89.55224,97.22222,75.94937,140,103.44828,92.30769,89.55224,86.95652,109.375,98.36066,90.90909,120.68966,98.36066,80,88.23529,80,96.77419,133.33333,113.20755,84.50704,95.2381,83.33333,92.30769,119.40299,78.94737,89.55224,86.95652,89.55224,86.95652,82.35294,80.45977,85.71429,82.19178,92.30769,93.75,89.55224,95.89041,93.75,85.71429,105.26316,74.07407,90.90909,140.625,122.80702,109.375,101.69492,89.55224,86.95652,89.74359,86.95652,101.69492,113.20755,86.95652,134.61538,98.36066,84.50704,145.83333,123.28767,137.93103,117.64706,102.5641,100,93.75,105.26316,126.98413,82.19178,86.95652,85.71429,101.69492,111.11111,78.65169,95.89041,96.77419,113.92405,126.98413,127.65957,101.44928,93.75,78.94737,101.44928,89.74359,106.06061,166.66667,84.50704,103.44828,98.36066,107.69231,85.71429,93.75,129.62963,153.84615,93.33333,86.95652,104.47761,80,107.69231,117.64706,107.14286,107.14286,113.20755,100,103.44828,93.75,157.89474,101.69492,77.92208,89.55224,101.69492,80,92.30769,96.77419,86.95652,109.09091,127.65957,94.59459,98.36066,104.47761,94.59459,84.50704,95.2381,111.11111,93.33333,83.33333,140.84507,117.64706,148.93617,116.66667,84.50704,112.90323,94.59459,93.75,129.62963,90.90909,98.36066,101.44928,100,100]},"FREQUENCY_DISTRIBUTION":{"Y_NUM_PERSONS":[7,4,2,1,1,0,0,0,0,0,0,0,0,0,0],"X_COUNT":[1,2,3,4,5,6,7,8,9,10,11,12,13,14,15]},"MEASUREMENTS_BY_TYPE":{"CONCEPT_NAME":"Labs - Culture Sensitivity","COUNT_VALUE":7109},"AGE_AT_FIRST_OCCURRENCE":{"CATEGORY":["MALE","FEMALE"],"MIN_VALUE":[0,0],"P10_VALUE":[37,39],"P25_VALUE":[51,54],"MEDIAN_VALUE":[65,68],"P75_VALUE":[77,79],"P90_VALUE":[84,86],"MAX_VALUE":[307,306]},"RECORDS_BY_UNIT":{"CONCEPT_NAME":[],"COUNT_VALUE":[]},"MEASUREMENT_VALUE_DISTRIBUTION":{"CATEGORY":[],"MIN_VALUE":[],"P10_VALUE":[],"P25_VALUE":[],"MEDIAN_VALUE":[],"P75_VALUE":[],"P90_VALUE":[],"MAX_VALUE":[]},"LOWER_LIMIT_DISTRIBUTION":{"CATEGORY":[],"MIN_VALUE":[],"P10_VALUE":[],"P25_VALUE":[],"MEDIAN_VALUE":[],"P75_VALUE":[],"P90_VALUE":[],"MAX_VALUE":[]},"UPPER_LIMIT_DISTRIBUTION":{"CATEGORY":[],"MIN_VALUE":[],"P10_VALUE":[],"P25_VALUE":[],"MEDIAN_VALUE":[],"P75_VALUE":[],"P90_VALUE":[],"MAX_VALUE":[]},"VALUES_RELATIVE_TO_NORM":{"CONCEPT_NAME":[],"COUNT_VALUE":[]}}
