{"PREVALENCE_BY_GENDER_AGE_YEAR":{"TRELLIS_NAME":["50-59","60-69","60-69","60-69","70-79","50-59","80-89","50-59","60-69","60-69","60-69","60-69","70-79","60-69","50-59","50-59","60-69","60-69","40-49","60-69","80-89","60-69","60-69","40-49","70-79","60-69","50-59","50-59","50-59","60-69","50-59","60-69","40-49","70-79","70-79","60-69","70-79","60-69","40-49","40-49","70-79","40-49","50-59","50-59","70-79","50-59","70-79","50-59","60-69","60-69","60-69","70-79","50-59"],"SERIES_NAME":["MALE","MALE","FEMALE","MALE","MALE","FEMALE","MALE","MALE","MALE","MALE","MALE","MALE","MALE","MALE","MALE","MALE","MALE","MALE","MALE","MALE","MALE","MALE","MALE","MALE","MALE","MALE","MALE","MALE","MALE","FEMALE","FEMALE","MALE","MALE","MALE","MALE","FEMALE","MALE","MALE","MALE","MALE","MALE","MALE","MALE","FEMALE","MALE","MALE","MALE","FEMALE","FEMALE","MALE","MALE","MALE","MALE"],"X_CALENDAR_YEAR":[2111,2112,2114,2115,2115,2116,2117,2117,2118,2119,2121,2122,2123,2124,2124,2125,2126,2128,2130,2132,2132,2133,2141,2142,2144,2146,2157,2161,2164,2167,2169,2170,2170,2170,2173,2173,2174,2174,2174,2179,2179,2181,2181,2183,2184,2184,2188,2188,2189,2195,2196,2196,2199],"Y_PREVALENCE_1000PP":[115.38462,111.11111,166.66667,100,95.2381,181.81818,159.09091,142.85714,109.375,89.55224,142.85714,111.11111,100,81.08108,120,125,95.89041,155.55556,218.75,101.69492,130.43478,102.94118,135.59322,240,130.43478,112.90323,156.86275,152.17391,156.86275,190.47619,280,107.14286,235.29412,113.20755,142.85714,130.43478,127.65957,127.65957,214.28571,187.5,111.11111,181.81818,133.33333,150,115.38462,112.90323,129.62963,189.18919,133.33333,100,100,117.64706,117.64706]},"PREVALENCE_BY_MONTH":{"X_CALENDAR_MONTH":[210112,210309,211008,211104,211112,211704,212303,212312,212403,212406,212407,212502,212610,212611,213002,213005,213807,214210,214401,214509,215107,215302,216410,216904,217005,217008,217211,217302,217303,217405,217410,217611,217801,218301,218506,219103,219104,219401,219402,219508,219603,219907,219908],"Y_PREVALENCE_1000PP":[109.09091,89.55224,101.69492,96.77419,100,96.77419,96.77419,92.30769,108.10811,98.36066,88.23529,88.23529,112.90323,78.94737,90.90909,76.92308,78.94737,95.2381,106.66667,83.33333,76.92308,93.33333,89.74359,96.77419,100,101.69492,107.14286,95.2381,85.71429,81.08108,96.77419,94.59459,85.71429,104.47761,89.55224,84.50704,136.36364,81.08108,93.75,88.23529,88.23529,109.58904,126.76056]},"FREQUENCY_DISTRIBUTION":{"Y_NUM_PERSONS":[6,2,1,1,0,0,0,0,0,0,0,0,0],"X_COUNT":[1,2,3,4,5,6,7,8,9,10,11,13,14]},"MEASUREMENTS_BY_TYPE":{"CONCEPT_NAME":"Labs - Culture Organisms","COUNT_VALUE":4941},"AGE_AT_FIRST_OCCURRENCE":{"CATEGORY":["MALE","FEMALE"],"MIN_VALUE":[0,0],"P10_VALUE":[37,40],"P25_VALUE":[49,51],"MEDIAN_VALUE":[62,64],"P75_VALUE":[73,76],"P90_VALUE":[82,83],"MAX_VALUE":[308,302]},"RECORDS_BY_UNIT":{"CONCEPT_NAME":[],"COUNT_VALUE":[]},"MEASUREMENT_VALUE_DISTRIBUTION":{"CATEGORY":[],"MIN_VALUE":[],"P10_VALUE":[],"P25_VALUE":[],"MEDIAN_VALUE":[],"P75_VALUE":[],"P90_VALUE":[],"MAX_VALUE":[]},"LOWER_LIMIT_DISTRIBUTION":{"CATEGORY":[],"MIN_VALUE":[],"P10_VALUE":[],"P25_VALUE":[],"MEDIAN_VALUE":[],"P75_VALUE":[],"P90_VALUE":[],"MAX_VALUE":[]},"UPPER_LIMIT_DISTRIBUTION":{"CATEGORY":[],"MIN_VALUE":[],"P10_VALUE":[],"P25_VALUE":[],"MEDIAN_VALUE":[],"P75_VALUE":[],"P90_VALUE":[],"MAX_VALUE":[]},"VALUES_RELATIVE_TO_NORM":{"CONCEPT_NAME":[],"COUNT_VALUE":[]}}
