{"PREVALENCE_BY_GENDER_AGE_YEAR":{"TRELLIS_NAME":["50-59","50-59","50-59","50-59","50-59","50-59","50-59","50-59","50-59","50-59","50-59","50-59","50-59","50-59","50-59","50-59","50-59","50-59","50-59","50-59","40-49","60-69","50-59","60-69","50-59","50-59","50-59","60-69","50-59","60-69","50-59","50-59","50-59","40-49"],"SERIES_NAME":["MALE","MALE","MALE","MALE","MALE","MALE","MALE","MALE","MALE","MALE","MALE","MALE","MALE","MALE","MALE","MALE","MALE","MALE","MALE","MALE","MALE","MALE","MALE","MALE","MALE","FEMALE","MALE","MALE","MALE","MALE","MALE","MALE","MALE","MALE"],"X_CALENDAR_YEAR":[2106,2107,2109,2113,2114,2118,2130,2131,2137,2138,2141,2146,2147,2148,2149,2150,2151,2153,2155,2157,2161,2168,2168,2170,2172,2172,2174,2175,2185,2186,2188,2189,2190,2191],"Y_PREVALENCE_1000PP":[96.77419,166.66667,103.44828,120,148.14815,112.90323,130.43478,125,175,190.47619,117.64706,134.61538,134.61538,153.84615,194.44444,133.33333,150,111.11111,194.44444,117.64706,181.81818,107.14286,173.91304,107.14286,139.53488,187.5,125,90.90909,117.64706,148.93617,156.25,137.93103,136.36364,214.28571]},"PREVALENCE_BY_MONTH":{"X_CALENDAR_MONTH":[211804,211807,211810,212505,213710,213711,213801,213802,213803,214102,214807,214901,215710,215911,216304,217104,217412,217809,219101,219102,219103],"Y_PREVALENCE_1000PP":[142.85714,83.33333,129.03226,86.95652,96.77419,125,109.09091,116.66667,84.50704,115.94203,90.90909,100,109.09091,93.75,92.30769,92.30769,93.75,101.69492,83.33333,92.30769,84.50704]},"FREQUENCY_DISTRIBUTION":{"Y_NUM_PERSONS":[3,1,1,0,0,0,0,0,0,0,0,0,0,0,0,0],"X_COUNT":[1,2,3,4,5,6,7,8,9,10,11,12,13,15,16,19]},"MEASUREMENTS_BY_TYPE":{"CONCEPT_NAME":"Labs - Chemistry","COUNT_VALUE":2787},"AGE_AT_FIRST_OCCURRENCE":{"CATEGORY":["MALE","FEMALE"],"MIN_VALUE":[0,0],"P10_VALUE":[43,38],"P25_VALUE":[49,48],"MEDIAN_VALUE":[56,57],"P75_VALUE":[65,69],"P90_VALUE":[76,79],"MAX_VALUE":[302,301]},"RECORDS_BY_UNIT":{"CONCEPT_NAME":"nanogram per milliliter","COUNT_VALUE":2787},"MEASUREMENT_VALUE_DISTRIBUTION":{"CATEGORY":"nanogram per milliliter","MIN_VALUE":1,"P10_VALUE":1.4,"P25_VALUE":2.1,"MEDIAN_VALUE":3.5,"P75_VALUE":7.1,"P90_VALUE":38.3,"MAX_VALUE":1772400},"LOWER_LIMIT_DISTRIBUTION":{"CATEGORY":[],"MIN_VALUE":[],"P10_VALUE":[],"P25_VALUE":[],"MEDIAN_VALUE":[],"P75_VALUE":[],"P90_VALUE":[],"MAX_VALUE":[]},"UPPER_LIMIT_DISTRIBUTION":{"CATEGORY":[],"MIN_VALUE":[],"P10_VALUE":[],"P25_VALUE":[],"MEDIAN_VALUE":[],"P75_VALUE":[],"P90_VALUE":[],"MAX_VALUE":[]},"VALUES_RELATIVE_TO_NORM":{"CONCEPT_NAME":[],"COUNT_VALUE":[]}}
