{"PREVALENCE_BY_GENDER_AGE_YEAR":{"TRELLIS_NAME":["70-79","70-79","60-69","60-69","70-79","50-59","40-49","60-69","60-69","70-79","60-69","70-79","60-69","70-79","60-69"],"SERIES_NAME":["FEMALE","MALE","MALE","MALE","FEMALE","MALE","MALE","MALE","MALE","FEMALE","FEMALE","MALE","MALE","MALE","FEMALE"],"X_CALENDAR_YEAR":[2111,2116,2127,2131,2144,2148,2151,2153,2160,2161,2167,2171,2179,2190,2196],"Y_PREVALENCE_1000PP":[233.33333,148.93617,152.17391,90.90909,159.09091,115.38462,218.75,105.26316,101.44928,127.65957,166.66667,157.89474,127.27273,105.26316,152.17391]},"PREVALENCE_BY_MONTH":{"X_CALENDAR_MONTH":[211110,211211,211405,211410,211812,212502,212701,212711,213006,213007,213108,213202,213303,214109,214204,214404,214503,214507,214901,215005,215304,215308,215310,215812,216107,216405,216704,216712,216808,217008,217112,217903,217908,217909,218008,218110,218203,218808,218809,219103,219907],"Y_PREVALENCE_1000PP":[85.71429,120.68966,107.69231,89.55224,89.55224,88.23529,122.80702,93.75,76.92308,82.19178,130.43478,82.19178,85.71429,115.38462,93.75,115.38462,86.95652,75.94937,100,120.68966,101.44928,82.19178,142.85714,89.55224,80,86.95652,105.26316,85.71429,87.5,101.69492,101.69492,100,85.36585,89.55224,88.60759,94.59459,116.66667,98.59155,116.66667,98.59155,82.19178]},"FREQUENCY_DISTRIBUTION":{"Y_NUM_PERSONS":[5,1,1,0,0,0,0,0,0,0,0,0,0,0,0,0,0,0],"X_COUNT":[1,2,3,4,5,6,7,8,9,10,11,12,13,14,15,16,17,18]},"MEASUREMENTS_BY_TYPE":{"CONCEPT_NAME":"Labs - Hemato","COUNT_VALUE":3849},"AGE_AT_FIRST_OCCURRENCE":{"CATEGORY":["FEMALE","MALE"],"MIN_VALUE":[0,0],"P10_VALUE":[31,31],"P25_VALUE":[51,48],"MEDIAN_VALUE":[64,62],"P75_VALUE":[77,75],"P90_VALUE":[85,83],"MAX_VALUE":[306,304]},"RECORDS_BY_UNIT":{"CONCEPT_NAME":[],"COUNT_VALUE":[]},"MEASUREMENT_VALUE_DISTRIBUTION":{"CATEGORY":[],"MIN_VALUE":[],"P10_VALUE":[],"P25_VALUE":[],"MEDIAN_VALUE":[],"P75_VALUE":[],"P90_VALUE":[],"MAX_VALUE":[]},"LOWER_LIMIT_DISTRIBUTION":{"CATEGORY":[],"MIN_VALUE":[],"P10_VALUE":[],"P25_VALUE":[],"MEDIAN_VALUE":[],"P75_VALUE":[],"P90_VALUE":[],"MAX_VALUE":[]},"UPPER_LIMIT_DISTRIBUTION":{"CATEGORY":[],"MIN_VALUE":[],"P10_VALUE":[],"P25_VALUE":[],"MEDIAN_VALUE":[],"P75_VALUE":[],"P90_VALUE":[],"MAX_VALUE":[]},"VALUES_RELATIVE_TO_NORM":{"CONCEPT_NAME":[],"COUNT_VALUE":[]}}
