{"PREVALENCE_BY_GENDER_AGE_YEAR":{"TRELLIS_NAME":["60-69","70-79","70-79","70-79","60-69","60-69","60-69","70-79","70-79","60-69","70-79","60-69","70-79","60-69","70-79","70-79","60-69","70-79","60-69","60-69","70-79","60-69","80-89","70-79","60-69","50-59","80-89","70-79","60-69","70-79","60-69","70-79","70-79","60-69","60-69","60-69","60-69","70-79","80-89","50-59","60-69","70-79","60-69","70-79","70-79","60-69","60-69","60-69","80-89","60-69","50-59","70-79","60-69","70-79","70-79","60-69","50-59","60-69","70-79","70-79","70-79","70-79","70-79","60-69","60-69","60-69","70-79","80-89"],"SERIES_NAME":["MALE","FEMALE","FEMALE","MALE","FEMALE","MALE","MALE","MALE","FEMALE","FEMALE","FEMALE","MALE","MALE","FEMALE","FEMALE","MALE","MALE","MALE","MALE","MALE","FEMALE","MALE","MALE","FEMALE","MALE","MALE","FEMALE","MALE","MALE","FEMALE","MALE","MALE","MALE","MALE","MALE","MALE","MALE","MALE","FEMALE","MALE","MALE","MALE","MALE","MALE","MALE","MALE","MALE","MALE","MALE","MALE","MALE","MALE","MALE","MALE","MALE","MALE","MALE","MALE","FEMALE","MALE","MALE","FEMALE","MALE","MALE","MALE","MALE","MALE","MALE"],"X_CALENDAR_YEAR":[2106,2108,2110,2112,2118,2118,2119,2121,2122,2122,2125,2126,2129,2132,2132,2133,2133,2134,2136,2138,2139,2139,2143,2143,2143,2145,2146,2146,2149,2150,2151,2151,2153,2153,2157,2158,2159,2160,2161,2162,2162,2163,2164,2168,2169,2171,2173,2175,2176,2178,2179,2180,2182,2182,2183,2183,2185,2186,2187,2190,2192,2192,2196,2196,2197,2198,2199,2200],"Y_PREVALENCE_1000PP":[88.23529,127.65957,175,112.90323,115.38462,93.75,104.47761,162.16216,117.64706,146.34146,125,95.89041,142.85714,133.33333,139.53488,129.62963,102.94118,107.69231,131.14754,102.94118,130.43478,101.69492,166.66667,120,111.11111,107.14286,133.33333,101.69492,112.90323,189.18919,83.33333,145.83333,96.77419,105.26316,137.2549,166.66667,127.27273,160.71429,136.36364,150,129.03226,92.30769,107.69231,122.44898,125,95.2381,113.20755,90.90909,136.36364,105.26316,170.73171,98.36066,131.14754,127.65957,103.44828,122.44898,117.64706,127.65957,187.5,122.80702,101.69492,170.73171,117.64706,85.71429,148.14815,114.7541,118.64407,181.81818]},"PREVALENCE_BY_MONTH":{"X_CALENDAR_MONTH":[210411,210806,210811,212201,212504,212509,212906,213112,213201,213208,213309,213804,213812,214311,214403,215106,215107,215204,215301,215401,215412,215801,216205,216301,216305,216603,216803,216811,217105,217312,217408,217503,217507,217611,217701,217804,217910,218010,218204,218209,218301,218310,218606,218704,219001,219210,219602,219701,219805,220001],"Y_PREVALENCE_1000PP":[93.75,82.19178,95.2381,74.07407,93.33333,90.90909,78.94737,82.19178,70.58824,80.45977,86.95652,93.75,107.14286,125,85.71429,80,102.5641,90.90909,117.64706,87.5,109.09091,125,105.26316,75.94937,84.50704,81.08108,93.75,127.27273,101.69492,90.90909,94.59459,95.2381,88.23529,81.08108,83.33333,87.5,112.5,111.11111,83.33333,95.2381,89.55224,89.55224,95.2381,118.64407,103.44828,85.71429,103.44828,131.14754,100,89.55224]},"FREQUENCY_DISTRIBUTION":{"Y_NUM_PERSONS":[5,4,3,3,3,3,3,3,3,3,3,3,3,3,3,3,3,3,2,2,2,2,2,2,2,2,2,2,2,2,1,1,1,1,1,1,1,1,1,1,1,1,1,1,1,1,1,1,1,1,1,1,1,1,1,1,1,1,1,1,1,1,1,1,1,1,1,1,0,0,0,0,0,0,0,0,0,0,0,0,0,0,0,0,0,0,0,0,0,0,0,0,0,0,0,0,0,0,0,0,0,0,0,0,0,0,0,0,0,0,0,0,0,0,0,0,0,0,0,0,0,0,0,0,0,0,0,0,0,0,0,0,0,0,0,0,0,0,0,0,0,0,0,0,0,0,0,0,0,0,0,0,0,0,0,0,0,0,0,0,0,0,0,0,0,0,0,0,0,0,0,0,0,0,0,0,0,0,0,0],"X_COUNT":[1,2,3,4,5,6,7,8,9,10,11,12,13,14,15,16,17,18,19,20,21,22,23,24,25,26,27,28,29,30,31,32,33,34,35,36,37,38,39,40,41,42,43,44,45,46,47,48,49,50,51,52,53,54,55,56,57,58,59,60,61,62,63,64,65,66,67,68,69,70,71,72,73,74,75,76,77,78,79,80,81,82,83,84,85,86,87,88,89,90,91,93,94,95,96,97,98,99,100,101,102,103,104,105,107,108,109,110,111,112,113,114,115,117,118,119,120,121,122,123,124,125,126,127,128,129,130,131,132,133,134,135,136,137,138,141,146,147,148,151,154,157,158,159,161,163,164,165,168,169,170,171,173,175,177,179,180,182,183,184,189,192,195,198,200,204,218,221,222,229,235,239,240,281,296,297,309,314,346,366]},"MEASUREMENTS_BY_TYPE":{"CONCEPT_NAME":"From physical examination","COUNT_VALUE":65609},"AGE_AT_FIRST_OCCURRENCE":{"CATEGORY":["MALE","FEMALE"],"MIN_VALUE":[18,16],"P10_VALUE":[48,50],"P25_VALUE":[58,61],"MEDIAN_VALUE":[68,72],"P75_VALUE":[77,80],"P90_VALUE":[84,86],"MAX_VALUE":[310,305]},"RECORDS_BY_UNIT":{"CONCEPT_NAME":"percent","COUNT_VALUE":65609},"MEASUREMENT_VALUE_DISTRIBUTION":{"CATEGORY":"percent","MIN_VALUE":0,"P10_VALUE":56,"P25_VALUE":62,"MEDIAN_VALUE":68,"P75_VALUE":74,"P90_VALUE":80,"MAX_VALUE":5952},"LOWER_LIMIT_DISTRIBUTION":{"CATEGORY":"percent","MIN_VALUE":10,"P10_VALUE":10,"P25_VALUE":10,"MEDIAN_VALUE":10,"P75_VALUE":10,"P90_VALUE":10,"MAX_VALUE":10},"UPPER_LIMIT_DISTRIBUTION":{"CATEGORY":"percent","MIN_VALUE":100,"P10_VALUE":100,"P25_VALUE":100,"MEDIAN_VALUE":100,"P75_VALUE":100,"P90_VALUE":100,"MAX_VALUE":100},"VALUES_RELATIVE_TO_NORM":{"CONCEPT_NAME":["percent: Below Range Low","percent: Within Range"],"COUNT_VALUE":[10,65264]}}
