{"PREVALENCE_BY_GENDER_AGE_YEAR":{"TRELLIS_NAME":["60-69","70-79","50-59","70-79","60-69","60-69"],"SERIES_NAME":["MALE","FEMALE","FEMALE","MALE","MALE","MALE"],"X_CALENDAR_YEAR":[2112,2122,2130,2131,2141,2191],"Y_PREVALENCE_1000PP":[111.11111,117.64706,170.73171,122.80702,101.69492,109.09091]},"PREVALENCE_BY_MONTH":{"X_CALENDAR_MONTH":[210203,210307,210512,211104,212201,213206,213808,213809,214403,214808,215905,216302,219101,219402],"Y_PREVALENCE_1000PP":[81.08108,96.77419,89.55224,96.77419,98.76543,82.19178,80,92.30769,85.71429,92.30769,138.46154,112.90323,83.33333,109.375]},"FREQUENCY_DISTRIBUTION":{"Y_NUM_PERSONS":[4,2,2,2,2,2,2,2,2,2,2,2,2,2,2,2,2,2,2,2,2,2,2,2,2,2,2,2,2,2,2,2,2,2,2,2,2,2,2,2,2,2,2,2,2,2,2,2,2,2,2,2,2,2,2,2,2,2,2,2,2,2,2,2,1,1,1,1,1,1,1,1,1,1,1,1,1,1,1,1,1,1,1,1,1,1,1,1,1,1,1,1,1,1,1,1,1,1,1,1,1,1,1,1,1,1,1,1,1,1,1,1,1,1,1,1,1,1,1,1,1,1,1,1,1,1,1,1,1,1,1,1,1,1,1,1,1,1,1,1,1,1,1,1,1,1,1,1,1,1,1,1,1,1,1,1,1,1,1,1,1,1,1,1,1,1,1,1,1,1,1,1,1,1,1,1,1,1,1,1,1,1,1,1,1,1,1,1,1,1,1,1,1,1,1,1,1,1,1,1,1,1,1,1,1,1,1,1,1,1,1,1,1,1,1,1,1,1,1,1,1,1,1,1,1,1,1,1,1,1,1,1,1,1,1,1,1,1,1,1,1,1,1,1,1,1,1,1,1,1,1,1,1,1,1,1,1,1,1,1,1,1,1,1,1,1,1,1,1,1,1,1,1,1,0,0,0,0,0,0,0,0,0,0,0,0,0,0,0,0,0,0,0,0,0,0,0,0,0,0,0,0,0,0,0,0,0,0,0,0,0,0,0,0,0,0,0,0,0,0,0,0,0,0,0,0,0,0,0,0,0,0,0,0,0,0,0,0,0,0,0,0,0,0,0,0,0,0,0,0,0,0,0,0,0,0,0,0,0,0,0,0,0,0,0,0,0,0,0,0,0,0,0,0,0,0,0,0,0,0,0,0,0,0,0,0,0,0,0,0,0,0,0,0,0,0,0,0,0,0,0,0,0,0,0,0,0,0,0,0,0,0,0,0,0,0,0,0,0,0,0,0,0,0,0,0,0,0,0,0,0,0,0,0,0,0,0,0,0,0,0,0,0,0,0,0,0,0,0,0,0,0,0,0,0,0,0,0,0,0,0,0,0],"X_COUNT":[1,2,3,4,5,6,7,8,9,10,11,12,13,14,15,16,17,18,19,20,21,22,23,24,25,26,27,28,29,30,31,32,33,34,35,36,37,38,39,40,41,42,43,44,45,46,47,48,49,50,51,52,53,54,55,56,57,58,59,60,61,62,63,64,65,66,67,68,69,70,71,72,73,74,75,76,77,78,79,80,81,83,84,85,86,87,88,89,90,91,92,93,94,95,96,97,98,99,100,101,102,103,104,105,106,107,108,109,110,111,112,113,114,115,116,117,118,119,120,121,122,123,124,125,126,127,128,129,130,131,132,133,134,135,136,137,138,139,140,142,143,144,145,146,147,148,149,151,152,153,154,155,156,157,159,160,162,163,164,165,166,167,168,170,171,172,173,174,175,176,178,179,180,181,183,184,185,186,188,189,191,193,194,196,197,198,200,202,203,204,206,207,208,209,212,213,214,216,217,218,219,220,221,222,223,224,225,226,227,228,229,230,233,234,235,236,237,238,239,240,241,242,244,246,248,250,252,253,257,262,263,264,266,268,269,270,272,273,274,275,276,277,278,279,281,283,286,287,288,291,294,296,297,298,302,305,308,309,312,313,315,316,318,319,320,322,323,325,326,329,330,334,337,339,340,343,344,345,346,347,348,349,350,351,353,354,355,356,357,359,361,363,364,365,366,370,371,372,377,383,385,386,387,390,391,392,396,397,398,401,405,406,407,409,411,413,415,416,419,420,423,427,428,430,431,434,435,438,439,440,443,447,449,452,454,455,456,461,469,473,475,476,478,480,490,494,497,498,510,519,523,525,527,535,536,537,539,541,542,546,547,549,554,556,558,562,563,564,569,572,574,577,579,580,582,583,587,589,590,596,597,603,613,617,619,620,621,626,629,630,632,634,635,640,650,654,657,658,668,676,680,681,691,694,695,701,703,706,708,724,732,734,736,737,744,749,752,756,759,762,763,775,808,848,855,857,872,883,888,917,945,971,994,997,1014,1015,1021,1038,1063,1078,1091,1151,1157,1169,1187,1235,1246,1257,1278,1280,1282,1297,1298,1312,1321,1328,1335,1395,1446,1448,1453,1496,1571]},"MEASUREMENTS_BY_TYPE":{"CONCEPT_NAME":"From physical examination","COUNT_VALUE":270781},"AGE_AT_FIRST_OCCURRENCE":{"CATEGORY":["MALE","FEMALE"],"MIN_VALUE":[17,16],"P10_VALUE":[28,38],"P25_VALUE":[46,51],"MEDIAN_VALUE":[61,64],"P75_VALUE":[73,77],"P90_VALUE":[82,84],"MAX_VALUE":[303,305]},"RECORDS_BY_UNIT":{"CONCEPT_NAME":"millimeter mercury column","COUNT_VALUE":270781},"MEASUREMENT_VALUE_DISTRIBUTION":{"CATEGORY":"millimeter mercury column","MIN_VALUE":-41,"P10_VALUE":0,"P25_VALUE":5,"MEDIAN_VALUE":10,"P75_VALUE":16,"P90_VALUE":20,"MAX_VALUE":359},"LOWER_LIMIT_DISTRIBUTION":{"CATEGORY":[],"MIN_VALUE":[],"P10_VALUE":[],"P25_VALUE":[],"MEDIAN_VALUE":[],"P75_VALUE":[],"P90_VALUE":[],"MAX_VALUE":[]},"UPPER_LIMIT_DISTRIBUTION":{"CATEGORY":[],"MIN_VALUE":[],"P10_VALUE":[],"P25_VALUE":[],"MEDIAN_VALUE":[],"P75_VALUE":[],"P90_VALUE":[],"MAX_VALUE":[]},"VALUES_RELATIVE_TO_NORM":{"CONCEPT_NAME":[],"COUNT_VALUE":[]}}
