{"PREVALENCE_BY_GENDER_AGE_YEAR":{"TRELLIS_NAME":["60-69","40-49","60-69","60-69","50-59","60-69","60-69","50-59","60-69","60-69","60-69","50-59","70-79","60-69","60-69","70-79","50-59","50-59","70-79","70-79","60-69","50-59","70-79","70-79","60-69","70-79","60-69","50-59","40-49","50-59","40-49","70-79","50-59","50-59","50-59","40-49","60-69","60-69","50-59","40-49","50-59","40-49","40-49","50-59","70-79","60-69","50-59","70-79","40-49","70-79","50-59","50-59","50-59","50-59","60-69","70-79","70-79","60-69"],"SERIES_NAME":["MALE","FEMALE","MALE","MALE","MALE","MALE","FEMALE","FEMALE","FEMALE","MALE","FEMALE","MALE","MALE","FEMALE","FEMALE","MALE","MALE","FEMALE","FEMALE","FEMALE","MALE","MALE","MALE","MALE","MALE","FEMALE","MALE","FEMALE","MALE","MALE","MALE","FEMALE","MALE","MALE","MALE","MALE","FEMALE","MALE","MALE","MALE","MALE","MALE","MALE","MALE","FEMALE","MALE","FEMALE","MALE","MALE","MALE","MALE","MALE","MALE","MALE","FEMALE","MALE","MALE","FEMALE"],"X_CALENDAR_YEAR":[2104,2106,2107,2108,2109,2112,2114,2114,2118,2118,2120,2122,2123,2123,2125,2126,2126,2128,2129,2130,2131,2132,2132,2135,2136,2141,2142,2142,2143,2143,2144,2144,2144,2145,2148,2151,2152,2153,2153,2156,2157,2161,2163,2164,2168,2174,2178,2179,2179,2181,2181,2185,2187,2188,2189,2194,2195,2197],"Y_PREVALENCE_1000PP":[117.64706,260.86957,146.34146,125,137.93103,111.11111,238.09524,250,115.38462,125,125,107.14286,133.33333,136.36364,150,109.09091,171.42857,176.47059,130.43478,137.2549,121.21212,129.62963,107.69231,122.44898,98.36066,130.43478,86.95652,157.89474,193.54839,134.61538,157.89474,159.09091,133.33333,142.85714,134.61538,281.25,155.55556,105.26316,129.62963,171.42857,137.2549,212.12121,321.42857,137.2549,109.09091,127.65957,166.66667,111.11111,187.5,140,133.33333,137.2549,140.625,140.625,155.55556,109.09091,132.07547,153.84615]},"PREVALENCE_BY_MONTH":{"X_CALENDAR_MONTH":[210701,210703,210801,211106,211203,211211,211305,211412,211707,212201,212304,212310,212403,212502,212611,212803,213007,213104,213109,213202,213203,213206,213311,213507,213606,214008,214103,214203,214210,214211,214212,214401,214403,214509,214511,214512,214609,215003,215302,215304,215306,215307,215308,215708,215709,215905,215908,216102,216201,216301,216501,216612,216708,216804,216805,216806,216901,216902,216908,217004,217302,217407,217408,217603,217708,217801,217804,217811,217906,217912,218101,218110,218407,218511,218812,219101,219301,219412,219502],"Y_PREVALENCE_1000PP":[101.69492,80,93.75,88.23529,109.7561,103.44828,117.64706,97.22222,98.59155,86.41975,80,120.68966,108.10811,102.94118,78.94737,92.30769,82.19178,142.85714,86.95652,95.89041,88.23529,109.58904,96.77419,76.92308,82.19178,82.19178,92.10526,122.80702,95.2381,92.30769,142.85714,106.66667,100,97.22222,93.33333,86.95652,113.20755,140.35088,80,115.94203,75.94937,109.375,82.19178,86.95652,90.90909,123.07692,82.19178,100,96.77419,75.94937,121.21212,74.07407,92.30769,111.11111,107.69231,85.71429,80,111.11111,119.40299,129.62963,111.11111,95.2381,121.62162,105.26316,101.44928,100,75,101.69492,98.36066,95.2381,102.94118,81.08108,100,125,75.94937,83.33333,103.44828,80,111.11111]},"FREQUENCY_DISTRIBUTION":{"Y_NUM_PERSONS":[6,2,1,1,0,0,0,0,0,0,0,0,0,0,0,0,0,0,0,0],"X_COUNT":[1,2,3,4,5,6,7,8,9,10,11,12,13,14,15,16,17,18,19,22]},"MEASUREMENTS_BY_TYPE":{"CONCEPT_NAME":"Labs - Culture Organisms","COUNT_VALUE":5617},"AGE_AT_FIRST_OCCURRENCE":{"CATEGORY":["FEMALE","MALE"],"MIN_VALUE":[0,0],"P10_VALUE":[38,36],"P25_VALUE":[48,48],"MEDIAN_VALUE":[62,59],"P75_VALUE":[73,72],"P90_VALUE":[81,80],"MAX_VALUE":[307,301]},"RECORDS_BY_UNIT":{"CONCEPT_NAME":[],"COUNT_VALUE":[]},"MEASUREMENT_VALUE_DISTRIBUTION":{"CATEGORY":[],"MIN_VALUE":[],"P10_VALUE":[],"P25_VALUE":[],"MEDIAN_VALUE":[],"P75_VALUE":[],"P90_VALUE":[],"MAX_VALUE":[]},"LOWER_LIMIT_DISTRIBUTION":{"CATEGORY":[],"MIN_VALUE":[],"P10_VALUE":[],"P25_VALUE":[],"MEDIAN_VALUE":[],"P75_VALUE":[],"P90_VALUE":[],"MAX_VALUE":[]},"UPPER_LIMIT_DISTRIBUTION":{"CATEGORY":[],"MIN_VALUE":[],"P10_VALUE":[],"P25_VALUE":[],"MEDIAN_VALUE":[],"P75_VALUE":[],"P90_VALUE":[],"MAX_VALUE":[]},"VALUES_RELATIVE_TO_NORM":{"CONCEPT_NAME":[],"COUNT_VALUE":[]}}
