{"PREVALENCE_BY_GENDER_AGE_YEAR":{"TRELLIS_NAME":["70-79","70-79","80-89","70-79","60-69","80-89","60-69","70-79","80-89","70-79","70-79","80-89","70-79","70-79","60-69","70-79","80-89","80-89","80-89","60-69","80-89","60-69","60-69","70-79","70-79","70-79","60-69","50-59","70-79","80-89","70-79","60-69","70-79","50-59","70-79","70-79","70-79","70-79","70-79","60-69","70-79","60-69","70-79","60-69","70-79","300-309","50-59","60-69","70-79","60-69","60-69","70-79","70-79","70-79","80-89","70-79","80-89","70-79","70-79","70-79","70-79","300-309","70-79","60-69","70-79","70-79","60-69","70-79","70-79","70-79","60-69","70-79","70-79","80-89","70-79","60-69","70-79","80-89","80-89","80-89","70-79","70-79","60-69","70-79","70-79","70-79","70-79","80-89","60-69","70-79","70-79","70-79","70-79","70-79","70-79","70-79","70-79","60-69","70-79","60-69","70-79","70-79","80-89","70-79","70-79"],"SERIES_NAME":["MALE","MALE","FEMALE","FEMALE","MALE","FEMALE","MALE","MALE","FEMALE","MALE","MALE","FEMALE","FEMALE","MALE","MALE","FEMALE","MALE","FEMALE","FEMALE","MALE","MALE","MALE","MALE","MALE","FEMALE","MALE","MALE","MALE","MALE","FEMALE","FEMALE","MALE","MALE","MALE","MALE","FEMALE","FEMALE","FEMALE","MALE","MALE","FEMALE","MALE","FEMALE","FEMALE","FEMALE","FEMALE","MALE","MALE","MALE","MALE","MALE","FEMALE","MALE","FEMALE","MALE","FEMALE","FEMALE","MALE","MALE","MALE","MALE","FEMALE","MALE","MALE","FEMALE","MALE","MALE","MALE","MALE","FEMALE","MALE","FEMALE","MALE","MALE","MALE","MALE","MALE","MALE","FEMALE","MALE","MALE","MALE","MALE","MALE","FEMALE","MALE","FEMALE","FEMALE","MALE","MALE","MALE","MALE","MALE","MALE","FEMALE","MALE","MALE","MALE","MALE","MALE","MALE","FEMALE","FEMALE","MALE","MALE"],"X_CALENDAR_YEAR":[2101,2103,2108,2108,2109,2109,2110,2111,2112,2112,2113,2113,2114,2114,2114,2117,2117,2119,2120,2121,2123,2124,2125,2126,2129,2129,2131,2132,2132,2133,2133,2133,2134,2135,2136,2136,2137,2138,2139,2140,2140,2141,2141,2143,2144,2145,2145,2146,2147,2149,2151,2152,2153,2153,2154,2154,2155,2155,2157,2159,2160,2161,2162,2162,2163,2163,2163,2164,2166,2166,2166,2167,2167,2168,2169,2170,2172,2173,2173,2174,2176,2177,2177,2178,2180,2183,2183,2185,2186,2186,2187,2188,2189,2190,2191,2192,2193,2194,2196,2196,2197,2197,2197,2199,2200],"Y_PREVALENCE_1000PP":[132.07547,111.11111,162.7907,170.21277,139.53488,190.47619,148.14815,145.83333,155.55556,96.77419,190.47619,205.12821,179.48718,120,78.94737,136.36364,136.36364,152.17391,132.07547,111.11111,181.81818,81.08108,111.11111,109.09091,130.43478,125,90.90909,129.62963,123.07692,150,136.36364,102.94118,138.46154,126.98413,140.625,160,122.44898,150,122.80702,96.77419,230.76923,101.69492,152.17391,259.25926,136.36364,260.86957,107.14286,112.90323,105.26316,112.90323,83.33333,133.33333,96.77419,132.07547,322.58065,140,179.48718,157.89474,130.43478,117.64706,142.85714,285.71429,105.26316,112.90323,140.35088,107.69231,105.26316,187.5,140.625,120,122.44898,136.36364,116.66667,179.48718,125,107.14286,148.14815,176.47059,125,175,122.44898,174.60317,93.75,96.77419,152.17391,120.68966,179.48718,225,127.65957,133.33333,150,129.62963,150.9434,105.26316,162.7907,169.49153,214.28571,140,254.90196,85.71429,132.07547,139.53488,157.89474,152.54237,92.30769]},"PREVALENCE_BY_MONTH":{"X_CALENDAR_MONTH":[210106,210109,210203,210210,210502,210608,210701,210808,210902,210903,210908,211004,211103,211207,211305,211306,211309,211401,211408,211409,211410,211505,211708,211710,211912,212001,212002,212008,212011,212110,212207,212308,212310,212311,212312,212402,212409,212411,212412,212501,212511,212603,212704,212904,212906,213005,213011,213202,213206,213207,213303,213309,213311,213402,213404,213601,213605,213606,213610,213611,213612,213710,213812,213905,213908,214003,214011,214103,214110,214202,214205,214312,214401,214404,214411,214412,214508,214512,214601,214710,214802,214804,214902,215001,215102,215204,215303,215404,215405,215411,215412,215503,215508,215510,215704,215806,215905,216205,216206,216212,216301,216304,216305,216307,216405,216410,216501,216503,216504,216505,216603,216606,216707,216712,216802,216812,216902,217104,217201,217207,217302,217505,217703,217801,217802,217810,217904,217905,217911,218005,218105,218307,218411,218501,218506,218512,218901,218906,219203,219207,219311,219501,219511,219601,219604,219605,219612,219702,219711,219812,220004,220005,220009,220101],"Y_PREVALENCE_1000PP":[95.2381,93.75,81.08108,122.80702,104.47761,101.69492,118.64407,106.06061,118.64407,103.44828,105.26316,83.33333,88.23529,120.68966,137.2549,129.03226,116.66667,105.26316,78.94737,155.17241,104.47761,84.50704,101.44928,104.47761,97.22222,97.22222,127.27273,86.95652,93.75,106.06061,86.95652,95.2381,120.68966,90.90909,92.30769,100,93.75,129.03226,96.77419,97.22222,116.66667,111.11111,106.06061,111.11111,78.94737,76.92308,109.09091,95.89041,82.19178,109.7561,85.71429,101.44928,112.90323,105.26316,84.50704,106.06061,81.08108,95.89041,86.95652,103.44828,140,96.77419,142.85714,118.64407,82.19178,93.75,100,105.26316,98.36066,107.14286,74.07407,90.90909,93.33333,173.07692,118.64407,89.55224,114.28571,130.43478,109.375,101.69492,86.95652,89.55224,113.20755,140,109.09091,90.90909,131.14754,92.30769,81.08108,103.44828,109.09091,129.62963,92.30769,109.375,111.11111,83.33333,92.30769,122.80702,88.23529,103.44828,75.94937,123.07692,84.50704,115.94203,101.44928,76.92308,106.06061,93.75,100,93.33333,94.59459,98.59155,82.19178,85.71429,107.14286,82.19178,111.11111,138.46154,105.26316,86.95652,95.2381,121.21212,134.32836,128.57143,83.33333,96.77419,89.74359,95.89041,120,92.30769,92.30769,161.76471,100,109.375,104.47761,117.64706,86.95652,100,85.71429,101.69492,107.14286,88.23529,92.30769,129.62963,88.88889,128.57143,93.75,111.11111,144.92754,111.11111,71.42857,97.22222,89.55224,89.55224]},"FREQUENCY_DISTRIBUTION":{"Y_NUM_PERSONS":[7,5,4,2,2,1,1,1,1,0,0,0,0,0,0,0,0,0,0,0,0,0,0,0,0,0,0,0],"X_COUNT":[1,2,3,4,5,6,7,8,9,10,11,12,13,14,15,16,17,18,19,20,21,22,23,24,26,27,28,29]},"MEASUREMENTS_BY_TYPE":{"CONCEPT_NAME":"Labs - Chemistry","COUNT_VALUE":11468},"AGE_AT_FIRST_OCCURRENCE":{"CATEGORY":["MALE","FEMALE"],"MIN_VALUE":[17,16],"P10_VALUE":[46,49],"P25_VALUE":[57,60],"MEDIAN_VALUE":[69,73],"P75_VALUE":[78,82],"P90_VALUE":[84,89],"MAX_VALUE":[301,301]},"RECORDS_BY_UNIT":{"CONCEPT_NAME":"nanogram per milliliter","COUNT_VALUE":11464},"MEASUREMENT_VALUE_DISTRIBUTION":{"CATEGORY":"nanogram per milliliter","MIN_VALUE":0,"P10_VALUE":0.3,"P25_VALUE":0.3,"MEDIAN_VALUE":0.4,"P75_VALUE":4.7,"P90_VALUE":31.3,"MAX_VALUE":575},"LOWER_LIMIT_DISTRIBUTION":{"CATEGORY":[],"MIN_VALUE":[],"P10_VALUE":[],"P25_VALUE":[],"MEDIAN_VALUE":[],"P75_VALUE":[],"P90_VALUE":[],"MAX_VALUE":[]},"UPPER_LIMIT_DISTRIBUTION":{"CATEGORY":[],"MIN_VALUE":[],"P10_VALUE":[],"P25_VALUE":[],"MEDIAN_VALUE":[],"P75_VALUE":[],"P90_VALUE":[],"MAX_VALUE":[]},"VALUES_RELATIVE_TO_NORM":{"CONCEPT_NAME":[],"COUNT_VALUE":[]}}
