{"PREVALENCE_BY_GENDER_AGE_YEAR":{"TRELLIS_NAME":["60-69","80-89","60-69","60-69","50-59","80-89","60-69","60-69","80-89","60-69","70-79","60-69"],"SERIES_NAME":["MALE","FEMALE","MALE","MALE","MALE","MALE","MALE","MALE","FEMALE","FEMALE","MALE","MALE"],"X_CALENDAR_YEAR":[2118,2120,2136,2138,2153,2153,2157,2188,2188,2189,2189,2190],"Y_PREVALENCE_1000PP":[93.75,113.20755,98.36066,88.23529,111.11111,153.84615,117.64706,125,153.84615,155.55556,113.20755,125]},"PREVALENCE_BY_MONTH":{"X_CALENDAR_MONTH":[210112,211005,213201,213704,213807,213903,215005,215803,216905,217405,218710,218812,219611],"Y_PREVALENCE_1000PP":[109.09091,93.75,82.35294,76.92308,92.10526,115.38462,120.68966,85.71429,96.77419,81.08108,104.47761,88.60759,90.90909]},"FREQUENCY_DISTRIBUTION":{"Y_NUM_PERSONS":[4,1,0,0,0,0],"X_COUNT":[1,2,3,4,5,6]},"MEASUREMENTS_BY_TYPE":{"CONCEPT_NAME":"Labs - Hemato","COUNT_VALUE":2612},"AGE_AT_FIRST_OCCURRENCE":{"CATEGORY":["FEMALE","MALE"],"MIN_VALUE":[0,0],"P10_VALUE":[44,45],"P25_VALUE":[55,55],"MEDIAN_VALUE":[68,67],"P75_VALUE":[79,78],"P90_VALUE":[86,84],"MAX_VALUE":[310,308]},"RECORDS_BY_UNIT":{"CONCEPT_NAME":"percent","COUNT_VALUE":2612},"MEASUREMENT_VALUE_DISTRIBUTION":{"CATEGORY":"percent","MIN_VALUE":0,"P10_VALUE":2,"P25_VALUE":9,"MEDIAN_VALUE":28,"P75_VALUE":62,"P90_VALUE":85,"MAX_VALUE":100},"LOWER_LIMIT_DISTRIBUTION":{"CATEGORY":[],"MIN_VALUE":[],"P10_VALUE":[],"P25_VALUE":[],"MEDIAN_VALUE":[],"P75_VALUE":[],"P90_VALUE":[],"MAX_VALUE":[]},"UPPER_LIMIT_DISTRIBUTION":{"CATEGORY":[],"MIN_VALUE":[],"P10_VALUE":[],"P25_VALUE":[],"MEDIAN_VALUE":[],"P75_VALUE":[],"P90_VALUE":[],"MAX_VALUE":[]},"VALUES_RELATIVE_TO_NORM":{"CONCEPT_NAME":[],"COUNT_VALUE":[]}}
