{"PREVALENCE_BY_GENDER_AGE_YEAR":{"TRELLIS_NAME":["60-69","70-79","70-79","50-59","70-79","60-69","60-69","70-79","50-59","50-59","70-79","70-79","60-69","50-59","70-79","60-69","60-69","60-69","70-79","40-49","50-59","60-69","40-49","60-69","70-79","60-69","70-79","60-69","70-79","80-89","70-79","40-49","60-69","70-79","70-79","60-69","40-49","40-49","70-79","60-69","70-79","50-59","60-69","60-69","50-59","50-59","70-79","50-59","80-89","70-79","60-69","50-59","70-79","60-69","40-49","70-79","40-49","70-79","50-59","50-59","70-79","70-79","70-79","60-69","70-79","60-69","50-59","60-69","80-89","60-69","70-79","70-79","60-69","60-69","70-79","70-79","70-79","50-59","50-59","70-79","70-79","50-59","60-69","50-59","50-59","70-79","80-89","60-69","70-79","60-69","80-89","70-79","60-69","60-69","70-79","50-59","80-89","50-59"],"SERIES_NAME":["FEMALE","MALE","FEMALE","MALE","FEMALE","MALE","FEMALE","MALE","FEMALE","MALE","FEMALE","FEMALE","MALE","MALE","FEMALE","FEMALE","MALE","FEMALE","FEMALE","FEMALE","FEMALE","FEMALE","FEMALE","MALE","MALE","MALE","MALE","FEMALE","FEMALE","FEMALE","MALE","FEMALE","FEMALE","MALE","MALE","FEMALE","MALE","MALE","FEMALE","MALE","MALE","MALE","MALE","MALE","FEMALE","FEMALE","MALE","MALE","MALE","MALE","MALE","MALE","MALE","MALE","MALE","FEMALE","MALE","MALE","MALE","FEMALE","FEMALE","FEMALE","FEMALE","FEMALE","MALE","FEMALE","MALE","MALE","FEMALE","FEMALE","FEMALE","MALE","FEMALE","MALE","FEMALE","MALE","MALE","MALE","MALE","FEMALE","MALE","MALE","MALE","FEMALE","MALE","MALE","FEMALE","MALE","MALE","FEMALE","MALE","MALE","FEMALE","MALE","FEMALE","MALE","MALE","MALE"],"X_CALENDAR_YEAR":[2101,2101,2105,2106,2107,2108,2109,2110,2110,2112,2113,2114,2114,2115,2115,2116,2116,2119,2119,2121,2122,2122,2122,2122,2123,2124,2125,2125,2125,2125,2126,2128,2129,2131,2132,2132,2132,2133,2133,2133,2134,2136,2136,2137,2137,2139,2140,2140,2144,2144,2146,2148,2149,2150,2151,2151,2155,2156,2157,2159,2161,2164,2166,2167,2167,2168,2168,2168,2170,2171,2175,2177,2179,2179,2180,2180,2181,2181,2183,2183,2183,2185,2185,2186,2187,2189,2190,2191,2192,2193,2194,2194,2196,2196,2197,2198,2200,2201],"Y_PREVALENCE_1000PP":[189.18919,113.20755,166.66667,96.77419,133.33333,107.14286,166.66667,139.53488,206.89655,109.09091,179.48718,153.84615,92.10526,139.53488,218.75,241.37931,152.54237,142.85714,189.18919,260.86957,260.86957,170.73171,272.72727,111.11111,116.66667,108.10811,125,200,145.83333,153.84615,145.45455,400,216.21622,122.80702,169.23077,244.44444,171.42857,195.12195,159.09091,102.94118,169.23077,173.91304,131.14754,153.84615,176.47059,266.66667,133.33333,122.44898,171.42857,173.91304,145.16129,173.07692,155.55556,93.75,218.75,166.66667,146.34146,159.09091,117.64706,187.5,170.21277,171.42857,160,190.47619,100,187.5,130.43478,125,130.43478,250,146.34146,95.2381,130.43478,109.09091,130.43478,98.36066,120,155.55556,113.20755,179.48718,155.17241,137.2549,140.625,187.5,125,113.20755,162.7907,109.09091,118.64407,142.85714,153.84615,127.27273,217.3913,157.14286,139.53488,103.44828,212.12121,193.54839]},"PREVALENCE_BY_MONTH":{"X_CALENDAR_MONTH":[210109,210205,210208,210308,210312,210502,210512,210707,210709,210808,210908,210910,211005,211008,211302,211307,211508,211601,211602,211608,211610,211810,211902,212001,212008,212201,212204,212208,212210,212211,212304,212305,212308,212403,212504,212506,212509,212510,212603,212611,212701,212710,212803,212807,212809,212908,213106,213110,213206,213207,213209,213210,213212,213302,213310,213312,213403,213510,213604,213611,213710,213711,213902,214008,214110,214211,214403,214406,214407,214408,214705,214812,214907,215002,215102,215104,215105,215208,215309,215409,215411,215603,215606,215608,215612,215709,215806,215907,216007,216103,216203,216501,216607,216611,216704,216812,217010,217112,217207,217405,217407,217408,217512,217711,217805,217908,217910,217911,218005,218010,218106,218107,218205,218412,218504,218505,218506,218507,218611,218811,218912,219103,219310,219411,219412,219501,219512,219601,219604,219609,219702,219709,219711,219803,219805,220009],"Y_PREVALENCE_1000PP":[93.75,127.27273,109.375,88.23529,105.26316,89.55224,149.25373,83.33333,92.30769,90.90909,78.94737,84.50704,93.75,101.69492,122.44898,89.55224,120.68966,101.69492,160,106.06061,101.69492,96.77419,98.59155,97.22222,86.95652,74.07407,132.35294,85.71429,114.7541,117.64706,80,100,95.2381,121.62162,133.33333,89.55224,90.90909,100,95.2381,78.94737,157.89474,134.61538,92.30769,92.10526,118.64407,83.33333,78.94737,90.90909,123.28767,109.7561,75,120,95.89041,98.59155,88.23529,107.14286,97.22222,98.36066,83.33333,137.93103,112.90323,107.14286,132.07547,95.89041,114.7541,92.30769,85.71429,152.54237,88.23529,109.09091,102.94118,84.50704,120.68966,88.23529,109.09091,120.68966,120.68966,104.47761,94.59459,92.30769,103.44828,88.23529,81.08108,90.90909,68.96552,90.90909,83.33333,111.11111,85.71429,82.19178,101.44928,90.90909,140.625,100,78.94737,109.58904,86.95652,135.59322,130.43478,81.08108,95.2381,81.08108,120,105.26316,121.21212,109.7561,100,93.33333,92.30769,95.2381,98.36066,125,83.33333,101.69492,116.66667,86.95652,89.55224,84.50704,153.84615,147.54098,105.26316,98.59155,146.34146,132.07547,160,102.94118,96.77419,111.11111,88.88889,96.77419,111.11111,129.62963,86.95652,155.17241,114.28571,89.55224]},"FREQUENCY_DISTRIBUTION":{"Y_NUM_PERSONS":[7,4,2,1,1,0,0,0,0,0,0,0,0,0,0,0,0,0,0,0,0,0,0],"X_COUNT":[1,2,3,4,5,6,7,8,9,10,11,12,13,14,15,16,17,18,19,20,21,22,23]},"MEASUREMENTS_BY_TYPE":{"CONCEPT_NAME":["Labs - Chemistry","Labs - Hemato"],"COUNT_VALUE":[1956,5864]},"AGE_AT_FIRST_OCCURRENCE":{"CATEGORY":["FEMALE","MALE"],"MIN_VALUE":[0,0],"P10_VALUE":[36,40],"P25_VALUE":[49,51],"MEDIAN_VALUE":[64,64],"P75_VALUE":[78,76],"P90_VALUE":[86,84],"MAX_VALUE":[306,308]},"RECORDS_BY_UNIT":{"CONCEPT_NAME":"nanogram per milliliter","COUNT_VALUE":6150},"MEASUREMENT_VALUE_DISTRIBUTION":{"CATEGORY":"nanogram per milliliter","MIN_VALUE":45,"P10_VALUE":500,"P25_VALUE":942,"MEDIAN_VALUE":2000,"P75_VALUE":4837,"P90_VALUE":8444,"MAX_VALUE":36650},"LOWER_LIMIT_DISTRIBUTION":{"CATEGORY":[],"MIN_VALUE":[],"P10_VALUE":[],"P25_VALUE":[],"MEDIAN_VALUE":[],"P75_VALUE":[],"P90_VALUE":[],"MAX_VALUE":[]},"UPPER_LIMIT_DISTRIBUTION":{"CATEGORY":[],"MIN_VALUE":[],"P10_VALUE":[],"P25_VALUE":[],"MEDIAN_VALUE":[],"P75_VALUE":[],"P90_VALUE":[],"MAX_VALUE":[]},"VALUES_RELATIVE_TO_NORM":{"CONCEPT_NAME":[],"COUNT_VALUE":[]}}
