{"PREVALENCE_BY_GENDER_AGE_YEAR":{"TRELLIS_NAME":["40-49","70-79","70-79","70-79","80-89","60-69","80-89","60-69","50-59","70-79","60-69","70-79","60-69","70-79","70-79","70-79","70-79","60-69","70-79","80-89","60-69","70-79","60-69","70-79","50-59","80-89","50-59","70-79","60-69","70-79","80-89","70-79","70-79","60-69","60-69","60-69","70-79"],"SERIES_NAME":["FEMALE","MALE","MALE","MALE","FEMALE","FEMALE","FEMALE","FEMALE","MALE","MALE","MALE","MALE","FEMALE","FEMALE","MALE","FEMALE","MALE","FEMALE","MALE","MALE","FEMALE","MALE","MALE","MALE","FEMALE","MALE","MALE","MALE","MALE","MALE","MALE","FEMALE","FEMALE","MALE","MALE","FEMALE","MALE"],"X_CALENDAR_YEAR":[2101,2102,2106,2111,2112,2114,2114,2118,2121,2123,2124,2125,2132,2132,2132,2133,2136,2136,2138,2138,2142,2152,2157,2160,2162,2165,2167,2169,2170,2171,2173,2174,2175,2177,2192,2196,2200],"Y_PREVALENCE_1000PP":[352.94118,122.44898,159.09091,187.5,133.33333,142.85714,176.47059,134.61538,127.27273,100,148.64865,125,155.55556,139.53488,107.69231,159.09091,156.25,200,127.27273,206.89655,171.42857,122.44898,117.64706,107.14286,171.42857,200,127.65957,125,125,157.89474,235.29412,111.11111,146.34146,109.375,133.33333,130.43478,92.30769]},"PREVALENCE_BY_MONTH":{"X_CALENDAR_MONTH":[210205,210902,211110,211111,211409,211604,211812,212110,212402,212502,212703,212903,213012,213103,213204,213307,213312,213402,213607,213801,213806,214104,214302,214705,215007,215402,215705,215709,215902,216208,217002,217010,217308,217412,217706,217812,218102,218301,218805,219412],"Y_PREVALENCE_1000PP":[109.09091,101.69492,85.71429,101.44928,120.68966,89.55224,89.55224,90.90909,100,102.94118,98.36066,88.60759,77.92208,103.44828,81.08108,94.59459,125,105.26316,93.75,145.45455,92.30769,84.50704,122.80702,88.23529,96.77419,115.38462,88.23529,90.90909,76.92308,114.7541,103.44828,86.95652,104.47761,93.75,122.80702,97.22222,109.09091,89.55224,89.55224,80]},"FREQUENCY_DISTRIBUTION":{"Y_NUM_PERSONS":[5,1,0,0,0,0,0,0,0,0,0,0,0,0],"X_COUNT":[1,2,3,4,5,6,7,8,9,10,11,12,13,14]},"MEASUREMENTS_BY_TYPE":{"CONCEPT_NAME":"Labs - Chemistry","COUNT_VALUE":3035},"AGE_AT_FIRST_OCCURRENCE":{"CATEGORY":["FEMALE","MALE"],"MIN_VALUE":[0,17],"P10_VALUE":[45,46],"P25_VALUE":[56,58],"MEDIAN_VALUE":[68,69],"P75_VALUE":[79,78],"P90_VALUE":[85,85],"MAX_VALUE":[307,305]},"RECORDS_BY_UNIT":{"CONCEPT_NAME":[],"COUNT_VALUE":[]},"MEASUREMENT_VALUE_DISTRIBUTION":{"CATEGORY":[],"MIN_VALUE":[],"P10_VALUE":[],"P25_VALUE":[],"MEDIAN_VALUE":[],"P75_VALUE":[],"P90_VALUE":[],"MAX_VALUE":[]},"LOWER_LIMIT_DISTRIBUTION":{"CATEGORY":[],"MIN_VALUE":[],"P10_VALUE":[],"P25_VALUE":[],"MEDIAN_VALUE":[],"P75_VALUE":[],"P90_VALUE":[],"MAX_VALUE":[]},"UPPER_LIMIT_DISTRIBUTION":{"CATEGORY":[],"MIN_VALUE":[],"P10_VALUE":[],"P25_VALUE":[],"MEDIAN_VALUE":[],"P75_VALUE":[],"P90_VALUE":[],"MAX_VALUE":[]},"VALUES_RELATIVE_TO_NORM":{"CONCEPT_NAME":[],"COUNT_VALUE":[]}}
