{"PREVALENCE_BY_GENDER_AGE_YEAR":{"TRELLIS_NAME":["50-59","50-59","50-59","60-69","50-59","50-59","60-69","70-79","50-59","50-59","50-59","40-49","60-69","60-69","40-49","50-59","40-49","50-59","60-69","50-59","60-69","70-79","60-69","40-49","50-59","50-59","50-59","50-59","50-59","70-79","60-69","40-49","50-59","50-59","60-69","40-49","50-59","50-59","40-49","50-59","50-59","40-49","40-49","60-69","40-49","50-59","50-59","40-49","50-59","50-59","40-49","40-49","40-49","60-69","60-69","50-59","40-49","50-59","60-69","40-49","50-59","50-59","60-69","50-59","40-49","40-49","50-59","50-59","60-69","40-49","50-59","60-69","50-59","50-59","40-49","60-69","50-59","70-79"],"SERIES_NAME":["MALE","MALE","MALE","MALE","MALE","MALE","MALE","MALE","FEMALE","MALE","MALE","MALE","MALE","MALE","MALE","MALE","MALE","MALE","MALE","MALE","MALE","MALE","MALE","MALE","MALE","FEMALE","MALE","MALE","MALE","MALE","MALE","MALE","MALE","MALE","MALE","MALE","MALE","MALE","MALE","MALE","MALE","MALE","MALE","MALE","MALE","MALE","MALE","FEMALE","MALE","FEMALE","MALE","MALE","MALE","MALE","MALE","MALE","MALE","MALE","FEMALE","MALE","MALE","MALE","FEMALE","MALE","MALE","MALE","MALE","MALE","MALE","MALE","MALE","FEMALE","MALE","MALE","MALE","MALE","MALE","MALE"],"X_CALENDAR_YEAR":[2102,2104,2106,2108,2109,2114,2114,2115,2115,2116,2118,2118,2119,2121,2121,2121,2122,2123,2124,2124,2126,2132,2133,2133,2136,2137,2137,2138,2139,2140,2140,2140,2140,2141,2143,2143,2145,2146,2148,2148,2150,2150,2151,2151,2153,2153,2154,2154,2155,2158,2161,2162,2163,2166,2167,2168,2170,2172,2173,2175,2176,2179,2179,2181,2181,2184,2184,2185,2186,2187,2187,2188,2188,2189,2191,2192,2198,2200],"Y_PREVALENCE_1000PP":[155.55556,125,96.77419,107.14286,137.93103,111.11111,92.10526,126.98413,153.84615,136.36364,112.90323,157.89474,104.47761,95.2381,259.25926,127.27273,303.0303,195.12195,135.13514,120,95.89041,92.30769,117.64706,146.34146,130.43478,176.47059,150,142.85714,137.2549,133.33333,112.90323,187.5,142.85714,117.64706,95.2381,193.54839,107.14286,115.38462,214.28571,173.07692,133.33333,280,250,97.22222,280,111.11111,139.53488,206.89655,166.66667,214.28571,242.42424,333.33333,214.28571,122.44898,195.12195,130.43478,176.47059,162.7907,130.43478,187.5,130.43478,195.12195,130.43478,133.33333,181.81818,162.16216,96.77419,117.64706,127.65957,205.88235,109.375,176.47059,93.75,103.44828,250,100,103.44828,107.69231]},"PREVALENCE_BY_MONTH":{"X_CALENDAR_MONTH":[211110,211112,211202,211412,211501,211504,211512,211802,211804,211806,211810,211901,211910,212004,212104,212201,212301,212409,212610,212804,213108,213202,213309,213611,213705,213803,214004,214006,214007,214010,214012,214308,214402,214501,214503,214505,214604,214608,214811,215004,215011,215405,216106,216202,216203,216205,216305,216408,216701,216702,216704,216706,216904,217006,217008,217201,217207,217210,217310,217403,217509,217601,217901,217903,217908,218002,218008,218110,218406,218411,218503,218511,218601,218605,218608,218707,218710,218711,218805,219106,219109,219202,219301,219303,219307,220004],"Y_PREVALENCE_1000PP":[85.71429,116.66667,100,83.33333,88.60759,88.23529,117.64706,100,100,80,112.90323,93.75,123.07692,109.375,98.36066,74.07407,96.77419,93.75,96.77419,112.67606,86.95652,95.89041,86.95652,120.68966,89.55224,98.59155,95.2381,121.21212,102.94118,112.90323,105.26316,152.77778,128.57143,126.98413,101.44928,90.90909,101.69492,100,92.30769,82.19178,89.55224,94.59459,111.11111,98.36066,101.44928,105.26316,84.50704,78.94737,92.30769,98.36066,78.94737,93.75,112.90323,122.80702,118.64407,105.26316,86.95652,85.71429,145.16129,78.94737,83.33333,142.85714,120.68966,85.71429,85.36585,109.375,88.60759,94.59459,95.2381,100,90.90909,125,122.80702,105.26316,107.14286,83.33333,104.47761,151.51515,104.47761,132.07547,111.11111,127.65957,103.44828,125,103.44828,71.42857]},"FREQUENCY_DISTRIBUTION":{"Y_NUM_PERSONS":[6,1,0,0,0,0,0,0,0,0,0,0,0,0,0,0,0,0,0,0,0,0,0,0,0,0],"X_COUNT":[1,2,3,4,5,6,7,8,9,11,14,15,16,17,18,19,20,21,23,24,28,34,35,36,38,48]},"MEASUREMENTS_BY_TYPE":{"CONCEPT_NAME":"Labs - Chemistry","COUNT_VALUE":4175},"AGE_AT_FIRST_OCCURRENCE":{"CATEGORY":["MALE","FEMALE"],"MIN_VALUE":[17,0],"P10_VALUE":[35,33],"P25_VALUE":[46,45],"MEDIAN_VALUE":[56,57],"P75_VALUE":[69,69],"P90_VALUE":[79,79],"MAX_VALUE":[301,302]},"RECORDS_BY_UNIT":{"CONCEPT_NAME":[],"COUNT_VALUE":[]},"MEASUREMENT_VALUE_DISTRIBUTION":{"CATEGORY":[],"MIN_VALUE":[],"P10_VALUE":[],"P25_VALUE":[],"MEDIAN_VALUE":[],"P75_VALUE":[],"P90_VALUE":[],"MAX_VALUE":[]},"LOWER_LIMIT_DISTRIBUTION":{"CATEGORY":[],"MIN_VALUE":[],"P10_VALUE":[],"P25_VALUE":[],"MEDIAN_VALUE":[],"P75_VALUE":[],"P90_VALUE":[],"MAX_VALUE":[]},"UPPER_LIMIT_DISTRIBUTION":{"CATEGORY":[],"MIN_VALUE":[],"P10_VALUE":[],"P25_VALUE":[],"MEDIAN_VALUE":[],"P75_VALUE":[],"P90_VALUE":[],"MAX_VALUE":[]},"VALUES_RELATIVE_TO_NORM":{"CONCEPT_NAME":[],"COUNT_VALUE":[]}}
