{"PREVALENCE_BY_GENDER_AGE_YEAR":{"TRELLIS_NAME":["0-9","0-9","0-9","0-9","0-9","0-9","0-9","0-9","0-9","0-9","0-9","0-9","0-9","0-9","0-9","0-9","0-9","0-9","0-9","0-9","0-9","0-9","0-9","0-9","0-9","0-9","0-9","0-9","0-9","0-9","0-9","0-9","0-9","0-9","0-9","0-9","0-9","0-9","0-9","0-9","0-9","0-9"],"SERIES_NAME":["MALE","MALE","MALE","MALE","MALE","FEMALE","FEMALE","MALE","FEMALE","MALE","MALE","MALE","FEMALE","MALE","MALE","FEMALE","MALE","FEMALE","MALE","MALE","MALE","FEMALE","MALE","MALE","MALE","MALE","MALE","MALE","MALE","MALE","MALE","FEMALE","MALE","MALE","FEMALE","MALE","FEMALE","FEMALE","MALE","MALE","MALE","MALE"],"X_CALENDAR_YEAR":[2101,2102,2103,2104,2107,2107,2113,2113,2115,2121,2122,2130,2130,2132,2137,2142,2143,2143,2144,2148,2149,2154,2154,2155,2157,2162,2163,2165,2166,2167,2172,2174,2176,2178,2179,2179,2180,2188,2189,2192,2196,2200],"Y_PREVALENCE_1000PP":[125,153.84615,145.83333,152.17391,184.21053,195.65217,187.5,184.21053,205.12821,148.93617,120.68966,181.81818,214.28571,125,131.14754,212.12121,133.33333,189.18919,181.81818,183.67347,150,118.64407,120,137.2549,187.5,175,163.26531,109.09091,137.2549,153.84615,159.09091,228.57143,139.53488,140,175,171.42857,176.47059,136.36364,153.84615,162.7907,200,142.85714]},"PREVALENCE_BY_MONTH":{"X_CALENDAR_MONTH":[211203,211501,216802,218510,218602,220012],"Y_PREVALENCE_1000PP":[97.56098,75.94937,107.14286,92.30769,95.2381,92.30769]},"FREQUENCY_DISTRIBUTION":{"Y_NUM_PERSONS":[4,1,0,0,0,0,0,0,0],"X_COUNT":[1,2,3,4,5,6,7,8,9]},"MEASUREMENTS_BY_TYPE":{"CONCEPT_NAME":"Labs - Hemato","COUNT_VALUE":2331},"AGE_AT_FIRST_OCCURRENCE":{"CATEGORY":["MALE","FEMALE"],"MIN_VALUE":[0,0],"P10_VALUE":[0,0],"P25_VALUE":[0,0],"MEDIAN_VALUE":[39,40],"P75_VALUE":[69,68],"P90_VALUE":[81,82],"MAX_VALUE":[306,307]},"RECORDS_BY_UNIT":{"CONCEPT_NAME":[],"COUNT_VALUE":[]},"MEASUREMENT_VALUE_DISTRIBUTION":{"CATEGORY":[],"MIN_VALUE":[],"P10_VALUE":[],"P25_VALUE":[],"MEDIAN_VALUE":[],"P75_VALUE":[],"P90_VALUE":[],"MAX_VALUE":[]},"LOWER_LIMIT_DISTRIBUTION":{"CATEGORY":[],"MIN_VALUE":[],"P10_VALUE":[],"P25_VALUE":[],"MEDIAN_VALUE":[],"P75_VALUE":[],"P90_VALUE":[],"MAX_VALUE":[]},"UPPER_LIMIT_DISTRIBUTION":{"CATEGORY":[],"MIN_VALUE":[],"P10_VALUE":[],"P25_VALUE":[],"MEDIAN_VALUE":[],"P75_VALUE":[],"P90_VALUE":[],"MAX_VALUE":[]},"VALUES_RELATIVE_TO_NORM":{"CONCEPT_NAME":[],"COUNT_VALUE":[]}}
