{"PREVALENCE_BY_GENDER_AGE_YEAR":{"TRELLIS_NAME":["70-79","70-79","70-79","40-49","40-49","50-59","40-49","50-59","60-69","70-79","50-59","60-69","60-69","60-69","60-69","50-59","40-49","50-59","50-59","60-69","60-69","60-69","50-59","30-39","70-79","50-59","50-59","50-59","60-69","50-59","60-69","70-79","60-69","60-69","60-69","30-39","60-69","70-79","50-59","50-59","50-59","60-69","40-49","70-79","70-79","50-59","50-59","60-69","60-69","70-79","40-49","60-69","70-79","50-59","70-79","50-59","70-79","50-59","60-69","60-69","40-49","50-59","60-69","60-69","40-49","70-79","50-59","50-59","50-59","60-69","40-49","60-69","70-79","70-79","50-59","70-79","70-79","60-69","50-59","60-69","60-69","70-79","60-69","60-69","40-49","60-69","70-79"],"SERIES_NAME":["MALE","FEMALE","FEMALE","MALE","MALE","FEMALE","MALE","MALE","MALE","FEMALE","FEMALE","FEMALE","MALE","FEMALE","FEMALE","MALE","MALE","FEMALE","MALE","MALE","MALE","FEMALE","FEMALE","FEMALE","MALE","FEMALE","MALE","MALE","MALE","MALE","MALE","MALE","FEMALE","MALE","MALE","FEMALE","MALE","MALE","FEMALE","MALE","MALE","MALE","FEMALE","FEMALE","MALE","MALE","FEMALE","MALE","FEMALE","FEMALE","FEMALE","FEMALE","MALE","FEMALE","MALE","MALE","MALE","MALE","MALE","MALE","MALE","MALE","FEMALE","MALE","MALE","MALE","FEMALE","FEMALE","FEMALE","MALE","MALE","MALE","MALE","MALE","MALE","FEMALE","MALE","MALE","MALE","MALE","FEMALE","MALE","MALE","FEMALE","FEMALE","MALE","MALE"],"X_CALENDAR_YEAR":[2101,2102,2108,2108,2111,2113,2114,2114,2116,2117,2117,2118,2119,2120,2121,2123,2124,2125,2127,2130,2131,2132,2132,2132,2132,2133,2133,2134,2134,2135,2135,2135,2138,2138,2139,2140,2141,2145,2147,2147,2148,2148,2149,2149,2150,2150,2150,2150,2152,2153,2156,2157,2161,2161,2166,2168,2168,2170,2171,2173,2173,2173,2175,2175,2175,2180,2180,2181,2183,2183,2184,2185,2185,2187,2188,2188,2190,2191,2193,2195,2197,2197,2198,2198,2200,2200,2200],"Y_PREVALENCE_1000PP":[113.20755,146.34146,148.93617,206.89655,241.37931,347.82609,291.66667,111.11111,118.64407,181.81818,280,153.84615,89.55224,125,163.26531,146.34146,193.54839,218.75,157.89474,127.65957,151.51515,200,250,315.78947,92.30769,206.89655,142.85714,153.84615,127.65957,95.2381,122.44898,122.44898,166.66667,88.23529,118.64407,777.77778,118.64407,96.77419,142.85714,153.84615,153.84615,101.69492,388.88889,210.52632,125,133.33333,171.42857,93.75,155.55556,113.20755,259.25926,186.04651,120,176.47059,109.375,130.43478,163.26531,162.7907,95.2381,132.07547,206.89655,127.65957,133.33333,121.21212,218.75,131.14754,189.18919,200,150,122.44898,189.18919,140.625,140,100,125,171.42857,105.26316,109.09091,134.61538,85.71429,153.84615,113.20755,131.14754,187.5,222.22222,115.94203,123.07692]},"PREVALENCE_BY_MONTH":{"X_CALENDAR_MONTH":[210009,210109,210203,210208,210305,210310,210402,210507,210703,210709,210809,210811,210812,210907,211008,211010,211106,211108,211205,211309,211409,211412,211601,211710,211803,211806,211904,212112,212201,212204,212211,212310,212312,212404,212510,212609,212807,212903,213002,213003,213103,213107,213110,213203,213204,213205,213207,213208,213209,213210,213301,213302,213310,213312,213505,213507,213508,213509,213601,213705,213905,213906,213907,214004,214205,214209,214210,214502,214605,214608,214612,214706,214710,214802,214806,214812,214905,215003,215004,215007,215011,215105,215206,215208,215304,215308,215312,215401,215609,215709,215712,215907,215908,216001,216202,216205,216211,216309,216608,216708,216710,216803,216806,217110,217210,217309,217503,217504,217601,217607,217611,217805,217904,218003,218004,218201,218501,218510,218511,218512,218607,218804,218808,218811,218905,219010,219101,219303,219309,219401,219508,219509,219602,219608,219610,219703,219804,219808,219811,220004,220008,220009],"Y_PREVALENCE_1000PP":[114.7541,156.25,81.08108,109.375,89.55224,98.76543,100,117.64706,80,92.30769,145.45455,111.11111,101.26582,96.77419,101.69492,115.38462,88.23529,90.90909,75.94937,150,103.44828,125,101.69492,104.47761,83.33333,80,100,81.08108,98.76543,88.23529,117.64706,103.44828,92.30769,118.64407,116.66667,107.14286,118.42105,88.60759,106.06061,115.94203,120.68966,93.75,106.06061,88.23529,81.08108,90.90909,121.95122,68.96552,87.5,80,111.11111,84.50704,88.23529,125,88.23529,76.92308,122.44898,152.54237,106.06061,104.47761,101.69492,105.26316,117.64706,95.2381,86.41975,151.51515,95.2381,103.44828,105.26316,85.71429,108.10811,116.66667,135.59322,130.43478,153.84615,98.59155,134.32836,140.35088,136.9863,96.77419,89.55224,137.93103,113.20755,89.55224,86.95652,82.19178,96.77419,75,93.75,90.90909,85.71429,111.11111,82.19178,95.2381,98.36066,122.80702,113.20755,95.2381,103.44828,92.30769,96.77419,93.75,100,103.8961,114.28571,122.44898,111.11111,150.9434,107.14286,84.33735,121.62162,90.90909,76.92308,102.94118,100,120,93.75,138.46154,125,196.07843,86.95652,80,112.67606,114.7541,105.26316,84.50704,83.33333,125,92.30769,121.62162,88.23529,107.69231,103.44828,93.75,83.33333,93.75,127.65957,122.80702,109.09091,107.14286,103.44828,89.55224]},"FREQUENCY_DISTRIBUTION":{"Y_NUM_PERSONS":[8,4,2,1,1,1,0,0,0,0,0,0,0,0,0,0,0,0,0,0,0,0,0,0,0,0,0,0],"X_COUNT":[1,2,3,4,5,6,7,8,9,10,11,12,13,14,15,17,18,19,20,22,23,24,29,33,34,37,41,42]},"MEASUREMENTS_BY_TYPE":{"CONCEPT_NAME":"Output Event","COUNT_VALUE":9010},"AGE_AT_FIRST_OCCURRENCE":{"CATEGORY":["MALE","FEMALE"],"MIN_VALUE":[0,0],"P10_VALUE":[30,33],"P25_VALUE":[45,46],"MEDIAN_VALUE":[59,60],"P75_VALUE":[71,74],"P90_VALUE":[81,83],"MAX_VALUE":[305,306]},"RECORDS_BY_UNIT":{"CONCEPT_NAME":"milliliter","COUNT_VALUE":8340},"MEASUREMENT_VALUE_DISTRIBUTION":{"CATEGORY":"milliliter","MIN_VALUE":0,"P10_VALUE":20,"P25_VALUE":50,"MEDIAN_VALUE":100,"P75_VALUE":200,"P90_VALUE":300,"MAX_VALUE":4000},"LOWER_LIMIT_DISTRIBUTION":{"CATEGORY":[],"MIN_VALUE":[],"P10_VALUE":[],"P25_VALUE":[],"MEDIAN_VALUE":[],"P75_VALUE":[],"P90_VALUE":[],"MAX_VALUE":[]},"UPPER_LIMIT_DISTRIBUTION":{"CATEGORY":[],"MIN_VALUE":[],"P10_VALUE":[],"P25_VALUE":[],"MEDIAN_VALUE":[],"P75_VALUE":[],"P90_VALUE":[],"MAX_VALUE":[]},"VALUES_RELATIVE_TO_NORM":{"CONCEPT_NAME":[],"COUNT_VALUE":[]}}
