{"PREVALENCE_BY_GENDER_AGE_YEAR":{"TRELLIS_NAME":["50-59","50-59","60-69","50-59","50-59","60-69","50-59","70-79","50-59","40-49","50-59","60-69","40-49","60-69","40-49","50-59","40-49","50-59","60-69","50-59","60-69","40-49","70-79","40-49","60-69","40-49","50-59","50-59","60-69","50-59","50-59","60-69","70-79","40-49","50-59","40-49","50-59","60-69","60-69","50-59","50-59","50-59","40-49","40-49","40-49","60-69","50-59","40-49","40-49","50-59","50-59","40-49","40-49","40-49","60-69","50-59","60-69","50-59","60-69","50-59","60-69","50-59","40-49","50-59","60-69","40-49","40-49","50-59","70-79","40-49","60-69","50-59","40-49","50-59","40-49","60-69","50-59","70-79"],"SERIES_NAME":["MALE","MALE","FEMALE","MALE","MALE","MALE","FEMALE","MALE","MALE","MALE","MALE","MALE","MALE","MALE","MALE","MALE","MALE","MALE","MALE","MALE","MALE","FEMALE","MALE","MALE","MALE","MALE","MALE","MALE","MALE","MALE","MALE","MALE","MALE","FEMALE","MALE","MALE","MALE","MALE","FEMALE","MALE","MALE","MALE","MALE","MALE","MALE","MALE","MALE","MALE","FEMALE","MALE","FEMALE","MALE","MALE","MALE","MALE","MALE","MALE","MALE","MALE","MALE","FEMALE","MALE","MALE","MALE","FEMALE","MALE","MALE","MALE","FEMALE","MALE","MALE","MALE","MALE","MALE","MALE","MALE","MALE","MALE"],"X_CALENDAR_YEAR":[2102,2104,2108,2109,2112,2114,2114,2115,2116,2117,2118,2119,2120,2121,2121,2121,2122,2123,2124,2124,2126,2132,2132,2132,2133,2133,2136,2137,2138,2138,2139,2140,2140,2140,2140,2140,2141,2143,2145,2145,2146,2148,2148,2150,2151,2151,2153,2153,2154,2155,2158,2161,2162,2163,2166,2167,2167,2168,2169,2172,2173,2176,2179,2179,2179,2180,2181,2181,2182,2184,2186,2187,2187,2189,2191,2192,2198,2200],"Y_PREVALENCE_1000PP":[155.55556,142.85714,142.85714,137.93103,109.09091,92.10526,187.5,142.85714,136.36364,153.84615,112.90323,104.47761,187.5,95.2381,259.25926,145.45455,303.0303,170.73171,135.13514,120,109.58904,272.72727,92.30769,171.42857,102.94118,170.73171,152.17391,175,88.23529,142.85714,137.2549,96.77419,133.33333,368.42105,142.85714,187.5,117.64706,95.2381,200,107.14286,115.38462,211.53846,214.28571,280,250,97.22222,166.66667,320,206.89655,166.66667,214.28571,242.42424,333.33333,214.28571,122.44898,127.65957,219.5122,130.43478,81.08108,139.53488,152.17391,130.43478,187.5,146.34146,130.43478,222.22222,181.81818,155.55556,139.53488,162.16216,148.93617,93.75,205.88235,120.68966,214.28571,116.66667,120.68966,92.30769]},"PREVALENCE_BY_MONTH":{"X_CALENDAR_MONTH":[210401,210507,211110,211112,211202,211311,211404,211412,211504,211512,211602,211804,211810,211910,212004,212011,212104,212201,212409,212411,212610,212804,213105,213109,213202,213208,213309,213611,213803,214004,214006,214007,214010,214012,214308,214402,214501,214503,214505,214604,214608,214806,214811,215004,215011,215105,215310,215312,215405,216106,216202,216203,216205,216301,216311,216408,216512,216701,216702,216704,216706,216904,217006,217008,217204,217302,217310,217403,217409,217501,217509,217601,217908,218002,218008,218012,218108,218109,218110,218503,218601,218710,218711,218805,219102,219106,219303,219307,219403],"Y_PREVALENCE_1000PP":[103.44828,117.64706,100,116.66667,100,113.20755,107.14286,83.33333,88.23529,137.2549,120,114.28571,96.77419,138.46154,109.375,109.375,114.7541,74.07407,93.75,96.77419,96.77419,112.67606,103.44828,86.95652,95.89041,68.96552,86.95652,120.68966,98.59155,111.11111,121.21212,102.94118,145.16129,105.26316,125,142.85714,126.98413,101.44928,90.90909,101.69492,85.71429,115.38462,92.30769,95.89041,89.55224,103.44828,100,96.77419,81.08108,111.11111,98.36066,86.95652,105.26316,75.94937,115.38462,105.26316,90.90909,123.07692,114.7541,78.94737,93.75,96.77419,122.80702,118.64407,98.36066,95.2381,145.16129,78.94737,93.75,105.26316,83.33333,142.85714,73.17073,109.375,113.92405,98.36066,89.55224,127.65957,121.62162,90.90909,105.26316,104.47761,90.90909,119.40299,92.30769,132.07547,125,103.44828,98.36066]},"FREQUENCY_DISTRIBUTION":{"Y_NUM_PERSONS":[6,1,0,0,0,0,0,0,0,0,0,0,0,0,0,0,0,0,0,0,0,0],"X_COUNT":[1,2,3,4,5,6,7,8,9,10,11,12,13,14,15,16,17,19,20,24,27,29]},"MEASUREMENTS_BY_TYPE":{"CONCEPT_NAME":"Labs - Chemistry","COUNT_VALUE":4020},"AGE_AT_FIRST_OCCURRENCE":{"CATEGORY":["MALE","FEMALE"],"MIN_VALUE":[0,0],"P10_VALUE":[35,31],"P25_VALUE":[46,45],"MEDIAN_VALUE":[56,56],"P75_VALUE":[69,69],"P90_VALUE":[79,79],"MAX_VALUE":[301,302]},"RECORDS_BY_UNIT":{"CONCEPT_NAME":[],"COUNT_VALUE":[]},"MEASUREMENT_VALUE_DISTRIBUTION":{"CATEGORY":[],"MIN_VALUE":[],"P10_VALUE":[],"P25_VALUE":[],"MEDIAN_VALUE":[],"P75_VALUE":[],"P90_VALUE":[],"MAX_VALUE":[]},"LOWER_LIMIT_DISTRIBUTION":{"CATEGORY":[],"MIN_VALUE":[],"P10_VALUE":[],"P25_VALUE":[],"MEDIAN_VALUE":[],"P75_VALUE":[],"P90_VALUE":[],"MAX_VALUE":[]},"UPPER_LIMIT_DISTRIBUTION":{"CATEGORY":[],"MIN_VALUE":[],"P10_VALUE":[],"P25_VALUE":[],"MEDIAN_VALUE":[],"P75_VALUE":[],"P90_VALUE":[],"MAX_VALUE":[]},"VALUES_RELATIVE_TO_NORM":{"CONCEPT_NAME":[],"COUNT_VALUE":[]}}
