{"PREVALENCE_BY_GENDER_AGE_YEAR":{"TRELLIS_NAME":["60-69","60-69","60-69","80-89","60-69","60-69","60-69","70-79","70-79","60-69","70-79","60-69","60-69","50-59","70-79","70-79","70-79","60-69","80-89"],"SERIES_NAME":["FEMALE","FEMALE","MALE","MALE","MALE","MALE","FEMALE","FEMALE","FEMALE","FEMALE","FEMALE","FEMALE","FEMALE","MALE","FEMALE","MALE","FEMALE","FEMALE","FEMALE"],"X_CALENDAR_YEAR":[2101,2103,2106,2107,2112,2116,2118,2125,2133,2134,2138,2162,2167,2172,2175,2178,2180,2181,2186],"Y_PREVALENCE_1000PP":[216.21622,153.84615,88.23529,130.43478,111.11111,101.69492,115.38462,125,159.09091,171.42857,175,214.28571,190.47619,139.53488,146.34146,96.77419,130.43478,176.47059,187.5]},"PREVALENCE_BY_MONTH":{"X_CALENDAR_MONTH":[210109,210307,210604,211112,211601,211709,211806,212403,212901,212905,213204,213309,213311,213803,213809,214011,214701,214805,215401,216001,216002,216204,216210,217309,217702,217711,217808,217907,217911,218001,218812,219202,219412,219611,219808,219908],"Y_PREVALENCE_1000PP":[109.375,112.90323,76.92308,100,101.69492,111.11111,80,81.08108,86.95652,82.19178,81.08108,86.95652,145.16129,84.50704,123.07692,85.71429,103.44828,84.33735,75,95.2381,88.23529,89.55224,105.26316,122.44898,107.14286,105.26316,76.92308,92.30769,80,105.26316,75.94937,127.65957,93.33333,90.90909,105.26316,84.50704]},"FREQUENCY_DISTRIBUTION":{"Y_NUM_PERSONS":[5,1,0,0,0,0,0,0,0,0,0],"X_COUNT":[1,2,3,4,5,6,7,8,9,10,12]},"MEASUREMENTS_BY_TYPE":{"CONCEPT_NAME":"Labs - Chemistry","COUNT_VALUE":3201},"AGE_AT_FIRST_OCCURRENCE":{"CATEGORY":["FEMALE","MALE"],"MIN_VALUE":[0,0],"P10_VALUE":[37,37],"P25_VALUE":[51,51],"MEDIAN_VALUE":[65,63],"P75_VALUE":[78,77],"P90_VALUE":[85,85],"MAX_VALUE":[305,308]},"RECORDS_BY_UNIT":{"CONCEPT_NAME":"microgram per deciliter","COUNT_VALUE":3201},"MEASUREMENT_VALUE_DISTRIBUTION":{"CATEGORY":"microgram per deciliter","MIN_VALUE":1,"P10_VALUE":3.8,"P25_VALUE":5.1,"MEDIAN_VALUE":6.6,"P75_VALUE":8.1,"P90_VALUE":10.3,"MAX_VALUE":30.4},"LOWER_LIMIT_DISTRIBUTION":{"CATEGORY":[],"MIN_VALUE":[],"P10_VALUE":[],"P25_VALUE":[],"MEDIAN_VALUE":[],"P75_VALUE":[],"P90_VALUE":[],"MAX_VALUE":[]},"UPPER_LIMIT_DISTRIBUTION":{"CATEGORY":[],"MIN_VALUE":[],"P10_VALUE":[],"P25_VALUE":[],"MEDIAN_VALUE":[],"P75_VALUE":[],"P90_VALUE":[],"MAX_VALUE":[]},"VALUES_RELATIVE_TO_NORM":{"CONCEPT_NAME":[],"COUNT_VALUE":[]}}
