{"PREVALENCE_BY_GENDER_AGE_YEAR":{"TRELLIS_NAME":["70-79","70-79","80-89","60-69","50-59","60-69","60-69","80-89","70-79","70-79","60-69","70-79","80-89","60-69","60-69","70-79","70-79","70-79","80-89","70-79","80-89","70-79","70-79","70-79","70-79","60-69","70-79","60-69","70-79","70-79","70-79","60-69","70-79","60-69","60-69","50-59","70-79","60-69","70-79","70-79","80-89","80-89","70-79","70-79","60-69","70-79","80-89","60-69","70-79","70-79","60-69","70-79","80-89","60-69","60-69"],"SERIES_NAME":["MALE","FEMALE","FEMALE","MALE","MALE","MALE","MALE","FEMALE","MALE","FEMALE","MALE","FEMALE","FEMALE","MALE","FEMALE","MALE","MALE","MALE","MALE","FEMALE","FEMALE","MALE","FEMALE","FEMALE","FEMALE","MALE","MALE","MALE","MALE","MALE","FEMALE","MALE","FEMALE","MALE","MALE","MALE","MALE","MALE","FEMALE","FEMALE","MALE","MALE","FEMALE","MALE","MALE","FEMALE","FEMALE","MALE","MALE","FEMALE","MALE","MALE","FEMALE","FEMALE","FEMALE"],"X_CALENDAR_YEAR":[2102,2103,2104,2104,2104,2105,2108,2109,2112,2112,2115,2117,2121,2121,2121,2123,2125,2128,2129,2130,2130,2131,2132,2133,2136,2137,2138,2138,2139,2140,2141,2142,2143,2144,2146,2148,2150,2150,2154,2162,2164,2165,2166,2167,2174,2174,2177,2178,2179,2182,2185,2185,2192,2196,2197],"Y_PREVALENCE_1000PP":[122.44898,146.34146,181.81818,117.64706,125,85.71429,107.14286,142.85714,129.03226,162.16216,116.66667,181.81818,205.12821,95.2381,122.44898,100,187.5,120,187.5,176.47059,127.65957,105.26316,139.53488,227.27273,160,115.38462,109.09091,102.94118,122.80702,155.55556,195.65217,101.44928,160,122.80702,96.77419,115.38462,125,93.75,120,218.75,179.48718,150,120,133.33333,170.21277,111.11111,170.73171,105.26316,111.11111,139.53488,93.75,120,146.34146,130.43478,153.84615]},"PREVALENCE_BY_MONTH":{"X_CALENDAR_MONTH":[210307,210401,210803,210908,210910,211005,211203,212012,212109,212111,212112,212206,212402,212407,212509,212511,212603,212712,212808,212809,213008,213110,213205,213206,213208,213301,213303,213610,213803,213807,213907,213908,214011,214107,214205,214403,214506,214612,214704,214911,215111,215205,215705,215707,215708,215803,215909,216211,216906,216908,217003,217108,217209,217502,217712,217810,217904,217905,217910,218008,218109,218111,218112,218209,218508,218906,219107,219304,219307,219509,219709],"Y_PREVALENCE_1000PP":[112.90323,103.44828,101.69492,105.26316,84.50704,140.625,73.17073,104.47761,98.36066,106.06061,81.08108,100,100,88.23529,90.90909,150,95.2381,92.30769,89.55224,101.69492,114.28571,90.90909,90.90909,109.58904,68.96552,125,85.71429,86.95652,84.50704,78.94737,88.23529,95.89041,100,80,86.41975,85.71429,115.38462,81.08108,127.65957,114.7541,112.90323,113.20755,88.23529,105.26316,115.94203,100,67.41573,113.20755,86.95652,89.55224,85.71429,117.64706,90.90909,105.26316,92.30769,112.90323,89.74359,95.89041,75,75.94937,148.93617,112.90323,112.90323,95.2381,81.08108,133.33333,100,105.26316,103.44828,92.30769,129.62963]},"FREQUENCY_DISTRIBUTION":{"Y_NUM_PERSONS":[6,3,1,1,0,0,0,0,0,0,0,0,0,0,0,0,0,0,0,0,0,0],"X_COUNT":[1,2,3,4,5,6,7,8,9,10,11,12,13,14,15,16,17,19,20,21,22,24]},"MEASUREMENTS_BY_TYPE":{"CONCEPT_NAME":"Labs - Culture Sensitivity","COUNT_VALUE":5863},"AGE_AT_FIRST_OCCURRENCE":{"CATEGORY":["FEMALE","MALE"],"MIN_VALUE":[0,0],"P10_VALUE":[41,40],"P25_VALUE":[57,54],"MEDIAN_VALUE":[71,67],"P75_VALUE":[81,78],"P90_VALUE":[88,84],"MAX_VALUE":[309,303]},"RECORDS_BY_UNIT":{"CONCEPT_NAME":[],"COUNT_VALUE":[]},"MEASUREMENT_VALUE_DISTRIBUTION":{"CATEGORY":[],"MIN_VALUE":[],"P10_VALUE":[],"P25_VALUE":[],"MEDIAN_VALUE":[],"P75_VALUE":[],"P90_VALUE":[],"MAX_VALUE":[]},"LOWER_LIMIT_DISTRIBUTION":{"CATEGORY":[],"MIN_VALUE":[],"P10_VALUE":[],"P25_VALUE":[],"MEDIAN_VALUE":[],"P75_VALUE":[],"P90_VALUE":[],"MAX_VALUE":[]},"UPPER_LIMIT_DISTRIBUTION":{"CATEGORY":[],"MIN_VALUE":[],"P10_VALUE":[],"P25_VALUE":[],"MEDIAN_VALUE":[],"P75_VALUE":[],"P90_VALUE":[],"MAX_VALUE":[]},"VALUES_RELATIVE_TO_NORM":{"CONCEPT_NAME":[],"COUNT_VALUE":[]}}
