{"PREVALENCE_BY_GENDER_AGE_YEAR":{"TRELLIS_NAME":["60-69","50-59","50-59","60-69","50-59","60-69","60-69","60-69","60-69","60-69","80-89","60-69"],"SERIES_NAME":["FEMALE","FEMALE","FEMALE","FEMALE","MALE","FEMALE","MALE","FEMALE","MALE","FEMALE","MALE","FEMALE"],"X_CALENDAR_YEAR":[2118,2125,2129,2132,2148,2158,2166,2170,2170,2191,2192,2196],"Y_PREVALENCE_1000PP":[153.84615,187.5,162.16216,155.55556,115.38462,139.53488,122.44898,222.22222,125,166.66667,157.89474,130.43478]},"PREVALENCE_BY_MONTH":{"X_CALENDAR_MONTH":[211003,211208,211408,212312,212701,213005,213204,213302,213312,213712,213801,214401,214901,215102,215305,216007,216501,216703,216803,217002,217007,217310,218205,218303,220003],"Y_PREVALENCE_1000PP":[95.2381,109.09091,92.10526,92.30769,105.26316,76.92308,94.59459,84.50704,142.85714,75.94937,109.09091,80,100,109.09091,125,85.71429,90.90909,92.30769,109.375,103.44828,120,96.77419,83.33333,88.23529,94.59459]},"FREQUENCY_DISTRIBUTION":{"Y_NUM_PERSONS":[4,1,0,0,0,0,0,0,0,0,0,0,0,0,0,0,0,0,0],"X_COUNT":[1,2,3,4,5,6,7,8,9,10,11,12,13,14,15,16,17,19,20]},"MEASUREMENTS_BY_TYPE":{"CONCEPT_NAME":"Labs - Chemistry","COUNT_VALUE":2744},"AGE_AT_FIRST_OCCURRENCE":{"CATEGORY":["MALE","FEMALE"],"MIN_VALUE":[0,0],"P10_VALUE":[40,37],"P25_VALUE":[52,49],"MEDIAN_VALUE":[63,62],"P75_VALUE":[74,75],"P90_VALUE":[82,83],"MAX_VALUE":[305,305]},"RECORDS_BY_UNIT":{"CONCEPT_NAME":"milligram per deciliter","COUNT_VALUE":2744},"MEASUREMENT_VALUE_DISTRIBUTION":{"CATEGORY":"milligram per deciliter","MIN_VALUE":5,"P10_VALUE":24,"P25_VALUE":62,"MEDIAN_VALUE":165,"P75_VALUE":321,"P90_VALUE":581,"MAX_VALUE":7590},"LOWER_LIMIT_DISTRIBUTION":{"CATEGORY":[],"MIN_VALUE":[],"P10_VALUE":[],"P25_VALUE":[],"MEDIAN_VALUE":[],"P75_VALUE":[],"P90_VALUE":[],"MAX_VALUE":[]},"UPPER_LIMIT_DISTRIBUTION":{"CATEGORY":[],"MIN_VALUE":[],"P10_VALUE":[],"P25_VALUE":[],"MEDIAN_VALUE":[],"P75_VALUE":[],"P90_VALUE":[],"MAX_VALUE":[]},"VALUES_RELATIVE_TO_NORM":{"CONCEPT_NAME":[],"COUNT_VALUE":[]}}
