{"PREVALENCE_BY_GENDER_AGE_YEAR":{"TRELLIS_NAME":["50-59","50-59","50-59","70-79","50-59","60-69","40-49","50-59","40-49","50-59","60-69","50-59","50-59","60-69","40-49","50-59","50-59","50-59","50-59","60-69","50-59","50-59","40-49","40-49","60-69","50-59","40-49","40-49","40-49","40-49","60-69","40-49","50-59","60-69","70-79"],"SERIES_NAME":["MALE","MALE","MALE","MALE","MALE","MALE","MALE","MALE","MALE","MALE","MALE","MALE","MALE","MALE","MALE","MALE","MALE","MALE","MALE","MALE","MALE","MALE","MALE","MALE","MALE","MALE","MALE","FEMALE","FEMALE","MALE","MALE","MALE","MALE","MALE","MALE"],"X_CALENDAR_YEAR":[2102,2104,2106,2115,2118,2119,2121,2121,2122,2123,2124,2124,2127,2133,2133,2136,2137,2138,2139,2140,2141,2148,2150,2151,2151,2153,2153,2154,2159,2163,2167,2170,2189,2192,2200],"Y_PREVALENCE_1000PP":[155.55556,107.14286,96.77419,111.11111,112.90323,89.55224,259.25926,127.27273,303.0303,195.12195,94.59459,120,157.89474,102.94118,146.34146,130.43478,150,142.85714,117.64706,96.77419,137.2549,173.07692,240,187.5,97.22222,129.62963,280,206.89655,230.76923,214.28571,146.34146,176.47059,103.44828,100,92.30769]},"PREVALENCE_BY_MONTH":{"X_CALENDAR_MONTH":[210808,211112,211202,211512,211804,211806,212104,212409,212610,213803,214004,214006,214010,214106,214308,214402,214501,214505,214608,214811,214812,215105,216701,217310,218002,218110,218710,218711,218805,219403],"Y_PREVALENCE_1000PP":[90.90909,116.66667,85.71429,137.2549,85.71429,80,98.36066,93.75,96.77419,84.50704,111.11111,90.90909,112.90323,101.69492,138.88889,85.71429,95.2381,90.90909,85.71429,107.69231,84.50704,103.44828,92.30769,96.77419,93.75,81.08108,89.55224,90.90909,104.47761,98.36066]},"FREQUENCY_DISTRIBUTION":{"Y_NUM_PERSONS":[5,1,0,0,0],"X_COUNT":[1,2,3,4,5]},"MEASUREMENTS_BY_TYPE":{"CONCEPT_NAME":"Labs - Chemistry","COUNT_VALUE":2804},"AGE_AT_FIRST_OCCURRENCE":{"CATEGORY":["FEMALE","MALE"],"MIN_VALUE":[1,0],"P10_VALUE":[33,35],"P25_VALUE":[45,46],"MEDIAN_VALUE":[56,56],"P75_VALUE":[69,68],"P90_VALUE":[79,78],"MAX_VALUE":[302,301]},"RECORDS_BY_UNIT":{"CONCEPT_NAME":[],"COUNT_VALUE":[]},"MEASUREMENT_VALUE_DISTRIBUTION":{"CATEGORY":[],"MIN_VALUE":[],"P10_VALUE":[],"P25_VALUE":[],"MEDIAN_VALUE":[],"P75_VALUE":[],"P90_VALUE":[],"MAX_VALUE":[]},"LOWER_LIMIT_DISTRIBUTION":{"CATEGORY":[],"MIN_VALUE":[],"P10_VALUE":[],"P25_VALUE":[],"MEDIAN_VALUE":[],"P75_VALUE":[],"P90_VALUE":[],"MAX_VALUE":[]},"UPPER_LIMIT_DISTRIBUTION":{"CATEGORY":[],"MIN_VALUE":[],"P10_VALUE":[],"P25_VALUE":[],"MEDIAN_VALUE":[],"P75_VALUE":[],"P90_VALUE":[],"MAX_VALUE":[]},"VALUES_RELATIVE_TO_NORM":{"CONCEPT_NAME":[],"COUNT_VALUE":[]}}
