{"PREVALENCE_BY_GENDER_AGE_YEAR":{"TRELLIS_NAME":["70-79","70-79","70-79","70-79","60-69","70-79","60-69","60-69","60-69","60-69","60-69","50-59"],"SERIES_NAME":["MALE","MALE","FEMALE","FEMALE","FEMALE","FEMALE","MALE","FEMALE","FEMALE","FEMALE","MALE","MALE"],"X_CALENDAR_YEAR":[2107,2111,2113,2116,2120,2127,2135,2148,2151,2186,2188,2188],"Y_PREVALENCE_1000PP":[107.14286,125,153.84615,150,145.83333,103.44828,122.44898,159.09091,176.47059,153.84615,145.83333,93.75]},"PREVALENCE_BY_MONTH":{"X_CALENDAR_MONTH":[210411,210503,211208,211209,211211,211212,211305,211909,212301,213505,213704,213801,213803,213804,213805,213809,214311,214405,215204,215312,215406,216007,216101,216102,216302,216402,216403,216501,216504,216711,217406,217701,217703,217705,217707,218002,218010,218603,218604,218609,218708,218803,219109,219801],"Y_PREVALENCE_1000PP":[93.75,90.90909,163.63636,83.33333,120.68966,101.69492,117.64706,80,96.77419,102.94118,76.92308,109.09091,84.50704,93.75,145.45455,107.69231,109.375,109.09091,90.90909,129.03226,81.08108,85.71429,117.64706,100,96.77419,103.44828,173.91304,90.90909,100,101.69492,103.44828,83.33333,119.40299,95.2381,92.30769,93.75,95.2381,120,140,134.61538,82.19178,117.64706,111.11111,89.55224]},"FREQUENCY_DISTRIBUTION":{"Y_NUM_PERSONS":[3,1,1,0,0,0,0,0,0,0,0,0,0,0,0,0,0,0,0],"X_COUNT":[1,2,3,4,5,6,7,8,9,10,11,12,13,14,15,16,17,18,19]},"MEASUREMENTS_BY_TYPE":{"CONCEPT_NAME":"Labs - Chemistry","COUNT_VALUE":3031},"AGE_AT_FIRST_OCCURRENCE":{"CATEGORY":["MALE","FEMALE"],"MIN_VALUE":[21,19],"P10_VALUE":[49,46],"P25_VALUE":[56,55],"MEDIAN_VALUE":[65,65],"P75_VALUE":[76,76],"P90_VALUE":[83,84],"MAX_VALUE":[304,307]},"RECORDS_BY_UNIT":{"CONCEPT_NAME":"nanogram per milliliter","COUNT_VALUE":3031},"MEASUREMENT_VALUE_DISTRIBUTION":{"CATEGORY":"nanogram per milliliter","MIN_VALUE":1,"P10_VALUE":1.2,"P25_VALUE":2.1,"MEDIAN_VALUE":4.2,"P75_VALUE":14,"P90_VALUE":93,"MAX_VALUE":9978},"LOWER_LIMIT_DISTRIBUTION":{"CATEGORY":[],"MIN_VALUE":[],"P10_VALUE":[],"P25_VALUE":[],"MEDIAN_VALUE":[],"P75_VALUE":[],"P90_VALUE":[],"MAX_VALUE":[]},"UPPER_LIMIT_DISTRIBUTION":{"CATEGORY":[],"MIN_VALUE":[],"P10_VALUE":[],"P25_VALUE":[],"MEDIAN_VALUE":[],"P75_VALUE":[],"P90_VALUE":[],"MAX_VALUE":[]},"VALUES_RELATIVE_TO_NORM":{"CONCEPT_NAME":[],"COUNT_VALUE":[]}}
