{"PREVALENCE_BY_GENDER_AGE_YEAR":{"TRELLIS_NAME":["60-69","70-79","70-79","40-49","70-79","50-59","50-59"],"SERIES_NAME":["MALE","MALE","MALE","MALE","MALE","MALE","MALE"],"X_CALENDAR_YEAR":[2116,2126,2134,2151,2173,2187,2189],"Y_PREVALENCE_1000PP":[101.69492,109.09091,107.69231,187.5,142.85714,93.75,120.68966]},"PREVALENCE_BY_MONTH":{"X_CALENDAR_MONTH":[211001,211202,211203,211301,211408,211409,211508,211811,211902,212008,212206,213105,213607,213608,213809,214205,214211,214212,215011,215103,215301,215303,215505,216301,216710,216810,217311,217908,218204,218804,218907,219606,219607,219610,220012],"Y_PREVALENCE_1000PP":[126.98413,100,73.17073,103.44828,78.94737,103.44828,137.93103,115.38462,98.59155,115.94203,85.71429,103.44828,93.75,96.77419,92.30769,74.07407,92.30769,122.44898,89.55224,102.94118,88.23529,98.36066,93.75,88.60759,96.77419,98.36066,85.71429,109.7561,83.33333,93.33333,113.20755,125,104.47761,97.22222,92.30769]},"FREQUENCY_DISTRIBUTION":{"Y_NUM_PERSONS":[4,2,2,1,1,1,1,0,0,0,0,0,0,0,0,0,0,0,0,0,0,0,0,0,0,0,0,0,0,0,0,0,0],"X_COUNT":[1,2,3,4,5,6,7,8,9,10,11,12,13,14,15,16,17,18,19,20,21,22,24,25,26,27,28,29,34,36,37,39,40]},"MEASUREMENTS_BY_TYPE":{"CONCEPT_NAME":"Labs - Hemato","COUNT_VALUE":6580},"AGE_AT_FIRST_OCCURRENCE":{"CATEGORY":["FEMALE","MALE"],"MIN_VALUE":[0,0],"P10_VALUE":[34,36],"P25_VALUE":[50,51],"MEDIAN_VALUE":[64,63],"P75_VALUE":[78,74],"P90_VALUE":[85,82],"MAX_VALUE":[307,304]},"RECORDS_BY_UNIT":{"CONCEPT_NAME":[],"COUNT_VALUE":[]},"MEASUREMENT_VALUE_DISTRIBUTION":{"CATEGORY":[],"MIN_VALUE":[],"P10_VALUE":[],"P25_VALUE":[],"MEDIAN_VALUE":[],"P75_VALUE":[],"P90_VALUE":[],"MAX_VALUE":[]},"LOWER_LIMIT_DISTRIBUTION":{"CATEGORY":[],"MIN_VALUE":[],"P10_VALUE":[],"P25_VALUE":[],"MEDIAN_VALUE":[],"P75_VALUE":[],"P90_VALUE":[],"MAX_VALUE":[]},"UPPER_LIMIT_DISTRIBUTION":{"CATEGORY":[],"MIN_VALUE":[],"P10_VALUE":[],"P25_VALUE":[],"MEDIAN_VALUE":[],"P75_VALUE":[],"P90_VALUE":[],"MAX_VALUE":[]},"VALUES_RELATIVE_TO_NORM":{"CONCEPT_NAME":[],"COUNT_VALUE":[]}}
