{"PREVALENCE_BY_GENDER_AGE_YEAR":{"TRELLIS_NAME":["80-89","60-69","80-89","70-79","80-89","70-79","70-79","70-79","60-69","70-79","70-79","80-89","70-79","60-69","60-69","70-79","60-69","80-89","60-69","60-69","50-59","80-89","50-59","70-79","70-79","50-59","60-69","70-79","70-79","80-89","70-79","60-69","80-89","70-79","60-69","70-79","70-79","50-59","60-69","80-89","70-79"],"SERIES_NAME":["MALE","MALE","MALE","MALE","MALE","MALE","FEMALE","MALE","MALE","FEMALE","MALE","MALE","MALE","MALE","MALE","FEMALE","MALE","MALE","MALE","MALE","MALE","FEMALE","MALE","FEMALE","MALE","MALE","FEMALE","MALE","MALE","MALE","FEMALE","MALE","MALE","MALE","MALE","MALE","MALE","MALE","MALE","FEMALE","MALE"],"X_CALENDAR_YEAR":[2105,2112,2116,2119,2122,2125,2127,2129,2131,2131,2132,2133,2136,2138,2139,2145,2146,2148,2150,2153,2153,2158,2159,2163,2164,2165,2167,2170,2171,2173,2174,2175,2175,2177,2177,2179,2182,2183,2198,2199,2200],"Y_PREVALENCE_1000PP":[162.16216,111.11111,159.09091,98.36066,181.81818,125,103.44828,107.14286,90.90909,146.34146,107.69231,136.36364,93.75,117.64706,101.69492,163.26531,96.77419,200,93.75,105.26316,185.18519,170.21277,136.36364,105.26316,125,130.43478,190.47619,132.07547,157.89474,205.88235,148.14815,90.90909,176.47059,95.2381,109.375,95.2381,127.65957,113.20755,98.36066,166.66667,92.30769]},"PREVALENCE_BY_MONTH":{"X_CALENDAR_MONTH":[210202,210401,210409,211112,211502,211509,212012,212201,212401,212510,213002,213005,213202,213203,213404,213602,213610,213908,214404,214610,215310,215311,215406,215507,215703,215807,215809,215902,215908,216301,216802,217403,218110,218306,218710,218804,218806,218807,219101,219412,219905,220003,220008],"Y_PREVALENCE_1000PP":[117.64706,103.44828,111.11111,100,104.47761,90.90909,104.47761,74.07407,115.94203,100,90.90909,76.92308,82.19178,88.23529,84.50704,89.55224,86.95652,82.19178,115.38462,90.90909,85.71429,107.14286,94.59459,101.69492,85.71429,101.69492,85.71429,89.74359,82.19178,75.94937,107.14286,105.26316,108.10811,120.68966,89.55224,80,100,83.33333,97.22222,80,80,81.08108,103.44828]},"FREQUENCY_DISTRIBUTION":{"Y_NUM_PERSONS":[5,1,0,0,0,0],"X_COUNT":[1,2,3,4,5,6]},"MEASUREMENTS_BY_TYPE":{"CONCEPT_NAME":"Labs - Hemato","COUNT_VALUE":3365},"AGE_AT_FIRST_OCCURRENCE":{"CATEGORY":["MALE","FEMALE"],"MIN_VALUE":[19,17],"P10_VALUE":[44,46],"P25_VALUE":[55,57],"MEDIAN_VALUE":[68,70],"P75_VALUE":[78,80],"P90_VALUE":[85,87],"MAX_VALUE":[306,307]},"RECORDS_BY_UNIT":{"CONCEPT_NAME":[],"COUNT_VALUE":[]},"MEASUREMENT_VALUE_DISTRIBUTION":{"CATEGORY":[],"MIN_VALUE":[],"P10_VALUE":[],"P25_VALUE":[],"MEDIAN_VALUE":[],"P75_VALUE":[],"P90_VALUE":[],"MAX_VALUE":[]},"LOWER_LIMIT_DISTRIBUTION":{"CATEGORY":[],"MIN_VALUE":[],"P10_VALUE":[],"P25_VALUE":[],"MEDIAN_VALUE":[],"P75_VALUE":[],"P90_VALUE":[],"MAX_VALUE":[]},"UPPER_LIMIT_DISTRIBUTION":{"CATEGORY":[],"MIN_VALUE":[],"P10_VALUE":[],"P25_VALUE":[],"MEDIAN_VALUE":[],"P75_VALUE":[],"P90_VALUE":[],"MAX_VALUE":[]},"VALUES_RELATIVE_TO_NORM":{"CONCEPT_NAME":[],"COUNT_VALUE":[]}}
