{"PREVALENCE_BY_GENDER_AGE_YEAR":{"TRELLIS_NAME":["50-59","70-79","60-69","50-59","50-59","50-59","50-59","60-69","50-59","60-69","70-79","50-59","60-69","50-59","60-69","60-69","60-69","50-59","50-59","60-69","50-59","40-49","60-69","50-59","50-59","50-59","60-69","50-59","60-69","50-59","50-59","60-69","60-69","50-59","50-59","70-79","60-69","50-59","40-49","50-59","60-69","60-69","50-59","50-59","50-59","50-59","50-59","60-69","60-69","50-59"],"SERIES_NAME":["MALE","MALE","MALE","MALE","MALE","MALE","MALE","MALE","MALE","FEMALE","FEMALE","MALE","MALE","MALE","MALE","MALE","MALE","MALE","MALE","MALE","MALE","MALE","MALE","MALE","MALE","MALE","MALE","MALE","MALE","FEMALE","MALE","MALE","MALE","FEMALE","MALE","MALE","MALE","MALE","MALE","MALE","MALE","MALE","MALE","MALE","MALE","MALE","MALE","MALE","MALE","MALE"],"X_CALENDAR_YEAR":[2109,2112,2112,2113,2116,2118,2121,2127,2128,2128,2130,2132,2133,2137,2138,2140,2143,2145,2148,2149,2150,2151,2153,2155,2157,2162,2162,2164,2165,2167,2168,2168,2171,2172,2172,2177,2178,2179,2180,2185,2186,2187,2188,2189,2190,2192,2195,2196,2197,2201],"Y_PREVALENCE_1000PP":[172.41379,96.77419,111.11111,120,159.09091,96.77419,127.27273,152.17391,130.43478,187.5,117.64706,111.11111,102.94118,175,102.94118,96.77419,126.98413,125,134.61538,96.77419,155.55556,250,105.26316,222.22222,117.64706,175,112.90323,117.64706,116.66667,166.66667,152.17391,142.85714,95.2381,187.5,139.53488,111.11111,105.26316,146.34146,259.25926,156.86275,170.21277,109.09091,93.75,120.68966,136.36364,109.09091,184.21053,100,111.11111,193.54839]},"PREVALENCE_BY_MONTH":{"X_CALENDAR_MONTH":[210901,211612,211902,212112,212708,212709,212711,213501,213608,213702,213711,213802,213902,213905,214012,214501,214512,214810,215905,216202,216301,216410,216604,216802,216812,216902,217005,217210,217708,217806,218008,219010,219208,219805],"Y_PREVALENCE_1000PP":[96.77419,92.30769,84.50704,94.59459,113.20755,115.38462,93.75,95.2381,96.77419,93.75,107.14286,133.33333,132.07547,101.69492,105.26316,95.2381,86.95652,98.36066,107.69231,114.7541,75.94937,89.74359,95.2381,107.14286,95.89041,111.11111,100,85.71429,86.95652,115.38462,88.60759,84.50704,98.36066,85.71429]},"FREQUENCY_DISTRIBUTION":{"Y_NUM_PERSONS":[5,1,1,0,0,0,0,0,0,0,0,0,0,0,0,0,0],"X_COUNT":[1,2,3,4,5,6,7,8,9,10,11,12,13,14,15,16,17]},"MEASUREMENTS_BY_TYPE":{"CONCEPT_NAME":"Labs - Chemistry","COUNT_VALUE":3908},"AGE_AT_FIRST_OCCURRENCE":{"CATEGORY":["MALE","FEMALE"],"MIN_VALUE":[0,0],"P10_VALUE":[40,39],"P25_VALUE":[50,48],"MEDIAN_VALUE":[59,60],"P75_VALUE":[69,73],"P90_VALUE":[78,81],"MAX_VALUE":[303,305]},"RECORDS_BY_UNIT":{"CONCEPT_NAME":"micromole per liter","COUNT_VALUE":3908},"MEASUREMENT_VALUE_DISTRIBUTION":{"CATEGORY":"micromole per liter","MIN_VALUE":1,"P10_VALUE":18,"P25_VALUE":28,"MEDIAN_VALUE":46,"P75_VALUE":75,"P90_VALUE":122,"MAX_VALUE":922},"LOWER_LIMIT_DISTRIBUTION":{"CATEGORY":[],"MIN_VALUE":[],"P10_VALUE":[],"P25_VALUE":[],"MEDIAN_VALUE":[],"P75_VALUE":[],"P90_VALUE":[],"MAX_VALUE":[]},"UPPER_LIMIT_DISTRIBUTION":{"CATEGORY":[],"MIN_VALUE":[],"P10_VALUE":[],"P25_VALUE":[],"MEDIAN_VALUE":[],"P75_VALUE":[],"P90_VALUE":[],"MAX_VALUE":[]},"VALUES_RELATIVE_TO_NORM":{"CONCEPT_NAME":[],"COUNT_VALUE":[]}}
