{"PREVALENCE_BY_GENDER_AGE_YEAR":{"TRELLIS_NAME":["70-79","50-59","70-79","70-79","50-59","60-69","50-59","70-79","60-69","50-59","60-69","60-69","60-69","50-59","50-59","60-69","60-69","70-79","70-79","70-79","70-79","60-69","70-79","50-59","60-69","60-69","70-79","70-79","70-79","70-79","70-79","50-59","60-69","60-69","70-79","60-69","70-79","60-69"],"SERIES_NAME":["MALE","MALE","MALE","MALE","MALE","MALE","MALE","FEMALE","MALE","MALE","MALE","MALE","MALE","MALE","MALE","MALE","MALE","MALE","MALE","MALE","MALE","MALE","MALE","MALE","MALE","MALE","MALE","MALE","FEMALE","MALE","FEMALE","MALE","MALE","FEMALE","FEMALE","MALE","MALE","MALE"],"X_CALENDAR_YEAR":[2101,2109,2112,2116,2121,2121,2122,2124,2127,2132,2132,2133,2140,2141,2147,2147,2153,2160,2163,2164,2165,2165,2170,2172,2174,2175,2179,2181,2182,2183,2183,2184,2185,2188,2195,2196,2196,2198],"Y_PREVALENCE_1000PP":[132.07547,103.44828,96.77419,127.65957,109.09091,95.2381,107.14286,125,130.43478,129.62963,101.69492,88.23529,96.77419,117.64706,134.61538,111.11111,122.80702,107.14286,92.30769,166.66667,129.62963,100,113.20755,139.53488,127.65957,106.06061,142.85714,120,162.7907,155.17241,179.48718,112.90323,93.75,205.88235,139.53488,100,176.47059,131.14754]},"PREVALENCE_BY_MONTH":{"X_CALENDAR_MONTH":[210310,210603,210801,211203,211305,212008,212110,212202,212304,212312,212402,212504,212906,213109,213201,213207,213208,213304,214403,215107,215204,215508,215509,215805,215907,216503,216608,217408,217910,217911,218002,218208,218301,218704,218804,219507,219611,219705,220006],"Y_PREVALENCE_1000PP":[74.07407,100,109.375,85.36585,117.64706,86.95652,90.90909,101.44928,93.33333,92.30769,100,80,78.94737,101.44928,94.11765,85.36585,91.95402,88.60759,114.28571,76.92308,90.90909,92.30769,107.69231,116.66667,95.2381,109.375,103.44828,94.59459,87.5,80,93.75,90.90909,104.47761,101.69492,93.33333,111.11111,106.06061,77.92208,95.2381]},"FREQUENCY_DISTRIBUTION":{"Y_NUM_PERSONS":[5,5,5,4,4,4,4,4,4,4,3,3,3,3,3,3,3,3,3,3,3,2,2,2,2,2,2,2,2,2,2,2,2,2,2,2,2,2,2,2,2,2,1,1,1,1,1,1,1,1,1,1,1,1,1,1,1,1,1,1,1,1,1,1,1,1,1,1,1,1,1,1,1,1,1,1,1,1,1,1,1,1,1,1,1,1,1,1,1,1,1,1,0,0,0,0,0,0,0,0,0,0,0,0,0,0,0,0,0,0,0,0,0,0,0,0,0,0,0,0,0,0,0,0,0,0,0,0,0,0,0,0,0,0,0,0,0,0,0,0,0,0,0,0,0,0,0,0,0,0,0,0,0,0,0,0,0,0,0,0,0,0,0,0,0,0,0,0,0,0,0,0,0,0,0,0,0,0,0,0,0,0,0,0,0,0],"X_COUNT":[1,2,3,4,5,6,7,8,9,10,11,12,13,14,15,16,17,18,19,20,21,22,23,24,25,26,27,28,29,30,31,32,33,34,35,36,37,38,39,40,41,42,43,44,45,46,47,48,49,50,51,52,53,54,55,56,57,58,59,60,61,62,63,64,65,66,67,68,69,70,71,72,73,74,75,76,77,78,79,80,81,82,83,84,85,86,87,88,89,90,91,92,93,94,95,96,97,98,99,100,101,102,103,104,105,106,107,108,109,110,111,112,113,114,115,116,117,118,119,120,121,122,123,124,125,126,127,128,129,130,131,132,133,136,137,141,142,143,145,146,147,148,149,150,151,152,153,155,157,158,159,160,161,162,164,168,171,172,176,177,178,179,181,182,183,184,185,186,188,191,192,194,196,201,203,206,210,211,212,213,216,222,229,233,245,251]},"MEASUREMENTS_BY_TYPE":{"CONCEPT_NAME":"From physical examination","COUNT_VALUE":86082},"AGE_AT_FIRST_OCCURRENCE":{"CATEGORY":["FEMALE","MALE"],"MIN_VALUE":[16,15],"P10_VALUE":[42,41],"P25_VALUE":[54,51],"MEDIAN_VALUE":[68,63],"P75_VALUE":[77,75],"P90_VALUE":[83,81],"MAX_VALUE":[303,301]},"RECORDS_BY_UNIT":{"CONCEPT_NAME":"unit","COUNT_VALUE":86082},"MEASUREMENT_VALUE_DISTRIBUTION":{"CATEGORY":[],"MIN_VALUE":[],"P10_VALUE":[],"P25_VALUE":[],"MEDIAN_VALUE":[],"P75_VALUE":[],"P90_VALUE":[],"MAX_VALUE":[]},"LOWER_LIMIT_DISTRIBUTION":{"CATEGORY":[],"MIN_VALUE":[],"P10_VALUE":[],"P25_VALUE":[],"MEDIAN_VALUE":[],"P75_VALUE":[],"P90_VALUE":[],"MAX_VALUE":[]},"UPPER_LIMIT_DISTRIBUTION":{"CATEGORY":[],"MIN_VALUE":[],"P10_VALUE":[],"P25_VALUE":[],"MEDIAN_VALUE":[],"P75_VALUE":[],"P90_VALUE":[],"MAX_VALUE":[]},"VALUES_RELATIVE_TO_NORM":{"CONCEPT_NAME":[],"COUNT_VALUE":[]}}
