{"PREVALENCE_BY_GENDER_AGE_YEAR":{"TRELLIS_NAME":["60-69","0-9","50-59","0-9","50-59","50-59","60-69","60-69","60-69","0-9","50-59","70-79","50-59","0-9","0-9","60-69","0-9","40-49","50-59","60-69","60-69","60-69","0-9","50-59","0-9","0-9","50-59","60-69","60-69","0-9","50-59","60-69","0-9","60-69"],"SERIES_NAME":["FEMALE","MALE","MALE","MALE","MALE","FEMALE","FEMALE","MALE","MALE","FEMALE","MALE","MALE","MALE","FEMALE","MALE","MALE","MALE","FEMALE","FEMALE","FEMALE","MALE","MALE","MALE","MALE","MALE","MALE","MALE","MALE","MALE","MALE","MALE","MALE","MALE","MALE"],"X_CALENDAR_YEAR":[2101,2104,2105,2105,2112,2115,2118,2124,2126,2130,2132,2134,2145,2146,2148,2154,2156,2156,2160,2165,2165,2170,2170,2171,2172,2175,2181,2185,2191,2191,2192,2196,2196,2197],"Y_PREVALENCE_1000PP":[189.18919,130.43478,133.33333,209.30233,109.09091,179.48718,115.38462,81.08108,95.89041,142.85714,129.62963,107.69231,107.14286,250,163.26531,132.07547,136.36364,259.25926,181.81818,139.53488,116.66667,125,184.21053,127.65957,136.36364,204.54545,177.77778,93.75,109.09091,184.21053,109.09091,100,120,111.11111]},"PREVALENCE_BY_MONTH":{"X_CALENDAR_MONTH":[210305,210402,210409,210511,211202,211307,211702,211708,211811,212003,212111,212201,212206,212502,212805,212905,213006,213009,213106,213512,213711,214107,214412,214512,214711,214810,214907,215005,215008,215106,215304,215403,215405,215406,215601,215612,215706,215812,215908,216008,216102,216103,216110,216203,216301,216506,216509,216704,216706,216708,216908,217003,217104,217207,217210,217302,217807,218004,218011,218108,218204,218303,218304,218307,218403,219007,219104,219202,219308,219608,219611,220002,220105],"Y_PREVALENCE_1000PP":[104.47761,85.71429,111.11111,113.20755,100,104.47761,85.71429,101.44928,115.38462,93.75,106.06061,86.41975,85.71429,88.23529,71.42857,82.19178,76.92308,95.2381,105.26316,95.2381,125,80,89.55224,86.95652,82.19178,98.36066,103.44828,103.44828,89.55224,80,86.95652,103.44828,108.10811,81.08108,78.94737,68.96552,95.89041,89.55224,95.89041,96.77419,116.66667,82.19178,82.19178,101.44928,75.94937,101.44928,88.23529,78.94737,125,92.30769,89.55224,114.28571,107.69231,101.44928,85.71429,95.2381,85.71429,114.28571,86.95652,89.55224,83.33333,88.23529,111.11111,88.23529,96.77419,98.36066,90.90909,127.65957,155.17241,109.375,90.90909,116.66667,155.17241]},"FREQUENCY_DISTRIBUTION":{"Y_NUM_PERSONS":[6,2,1,0,0,0,0,0,0,0,0,0,0,0,0],"X_COUNT":[1,2,3,4,5,6,7,8,9,10,11,13,14,15,16]},"MEASUREMENTS_BY_TYPE":{"CONCEPT_NAME":"Labs - Hemato","COUNT_VALUE":4689},"AGE_AT_FIRST_OCCURRENCE":{"CATEGORY":["FEMALE","MALE"],"MIN_VALUE":[0,0],"P10_VALUE":[0,0],"P25_VALUE":[35,27],"MEDIAN_VALUE":[54,52],"P75_VALUE":[67,66],"P90_VALUE":[78,78],"MAX_VALUE":[301,302]},"RECORDS_BY_UNIT":{"CONCEPT_NAME":"percent","COUNT_VALUE":4689},"MEASUREMENT_VALUE_DISTRIBUTION":{"CATEGORY":"percent","MIN_VALUE":0,"P10_VALUE":0,"P25_VALUE":0,"MEDIAN_VALUE":7,"P75_VALUE":50,"P90_VALUE":83,"MAX_VALUE":100},"LOWER_LIMIT_DISTRIBUTION":{"CATEGORY":[],"MIN_VALUE":[],"P10_VALUE":[],"P25_VALUE":[],"MEDIAN_VALUE":[],"P75_VALUE":[],"P90_VALUE":[],"MAX_VALUE":[]},"UPPER_LIMIT_DISTRIBUTION":{"CATEGORY":[],"MIN_VALUE":[],"P10_VALUE":[],"P25_VALUE":[],"MEDIAN_VALUE":[],"P75_VALUE":[],"P90_VALUE":[],"MAX_VALUE":[]},"VALUES_RELATIVE_TO_NORM":{"CONCEPT_NAME":[],"COUNT_VALUE":[]}}
