{"PREVALENCE_BY_GENDER_AGE_YEAR":{"TRELLIS_NAME":["50-59","50-59","60-69","50-59","60-69","70-79","60-69","60-69","50-59","50-59","70-79","50-59","60-69","50-59","70-79","60-69","60-69","60-69","60-69"],"SERIES_NAME":["MALE","MALE","FEMALE","FEMALE","FEMALE","MALE","MALE","FEMALE","MALE","MALE","MALE","MALE","FEMALE","MALE","FEMALE","MALE","FEMALE","MALE","FEMALE"],"X_CALENDAR_YEAR":[2104,2118,2118,2125,2132,2132,2138,2144,2147,2148,2163,2168,2170,2171,2176,2176,2191,2192,2196],"Y_PREVALENCE_1000PP":[107.14286,96.77419,153.84615,187.5,133.33333,107.69231,102.94118,139.53488,153.84615,134.61538,92.30769,152.17391,222.22222,148.93617,166.66667,113.20755,222.22222,100,130.43478]},"PREVALENCE_BY_MONTH":{"X_CALENDAR_MONTH":[210409,211003,211404,211408,211509,211604,211702,211804,211808,212308,212312,212409,213002,213105,213110,213112,213204,213302,213312,213403,213801,213806,213810,214012,214205,214401,214901,215102,215802,216007,216501,216703,216803,217007,217604,217701,217706,217910,219106,219111,219412,219703,220003],"Y_PREVALENCE_1000PP":[111.11111,95.2381,107.14286,92.10526,106.06061,104.47761,85.71429,114.28571,89.55224,95.2381,92.30769,93.75,90.90909,103.44828,90.90909,82.19178,108.10811,84.50704,142.85714,97.22222,109.09091,107.69231,115.38462,105.26316,74.07407,80,100,109.09091,103.44828,100,90.90909,92.30769,125,80,122.44898,83.33333,122.80702,75,113.20755,111.11111,80,93.75,94.59459]},"FREQUENCY_DISTRIBUTION":{"Y_NUM_PERSONS":[4,1,0,0,0,0,0,0,0,0,0,0,0,0,0,0,0,0,0,0,0,0,0],"X_COUNT":[1,2,3,4,5,6,7,8,9,10,11,12,13,14,15,16,17,18,19,20,21,22,23]},"MEASUREMENTS_BY_TYPE":{"CONCEPT_NAME":"Labs - Chemistry","COUNT_VALUE":3320},"AGE_AT_FIRST_OCCURRENCE":{"CATEGORY":["MALE","FEMALE"],"MIN_VALUE":[0,0],"P10_VALUE":[41,37],"P25_VALUE":[52,48],"MEDIAN_VALUE":[62,61],"P75_VALUE":[73,74],"P90_VALUE":[81,82],"MAX_VALUE":[305,305]},"RECORDS_BY_UNIT":{"CONCEPT_NAME":"milligram per deciliter","COUNT_VALUE":3320},"MEASUREMENT_VALUE_DISTRIBUTION":{"CATEGORY":"milligram per deciliter","MIN_VALUE":40,"P10_VALUE":382,"P25_VALUE":604,"MEDIAN_VALUE":987,"P75_VALUE":1551,"P90_VALUE":2569,"MAX_VALUE":11015},"LOWER_LIMIT_DISTRIBUTION":{"CATEGORY":[],"MIN_VALUE":[],"P10_VALUE":[],"P25_VALUE":[],"MEDIAN_VALUE":[],"P75_VALUE":[],"P90_VALUE":[],"MAX_VALUE":[]},"UPPER_LIMIT_DISTRIBUTION":{"CATEGORY":[],"MIN_VALUE":[],"P10_VALUE":[],"P25_VALUE":[],"MEDIAN_VALUE":[],"P75_VALUE":[],"P90_VALUE":[],"MAX_VALUE":[]},"VALUES_RELATIVE_TO_NORM":{"CONCEPT_NAME":[],"COUNT_VALUE":[]}}
