{"PREVALENCE_BY_GENDER_AGE_YEAR":{"TRELLIS_NAME":["0-9","0-9","50-59","60-69","0-9","50-59","70-79","0-9","60-69","0-9","60-69","0-9","40-49","50-59","60-69","60-69","0-9","0-9","50-59","0-9","50-59","0-9","50-59","0-9","60-69"],"SERIES_NAME":["MALE","MALE","MALE","FEMALE","FEMALE","MALE","MALE","FEMALE","MALE","MALE","MALE","MALE","FEMALE","FEMALE","MALE","FEMALE","MALE","MALE","FEMALE","MALE","MALE","MALE","MALE","MALE","MALE"],"X_CALENDAR_YEAR":[2104,2105,2105,2118,2130,2132,2134,2146,2146,2148,2154,2156,2156,2160,2165,2165,2170,2172,2175,2175,2181,2191,2192,2196,2196],"Y_PREVALENCE_1000PP":[130.43478,209.30233,133.33333,115.38462,142.85714,129.62963,92.30769,250,96.77419,163.26531,113.20755,136.36364,222.22222,181.81818,116.66667,139.53488,184.21053,136.36364,240,204.54545,133.33333,157.89474,109.09091,120,85.71429]},"PREVALENCE_BY_MONTH":{"X_CALENDAR_MONTH":[210305,210511,210512,211202,211307,211905,212111,212201,212701,212905,213009,213106,213906,214606,214907,215612,215706,215908,216506,216509,216706,216708,217003,217207,217606,218004,218011,218108,218212,218304,219308,219603,219608,220002],"Y_PREVALENCE_1000PP":[89.55224,132.07547,89.55224,85.71429,104.47761,86.95652,90.90909,86.41975,105.26316,82.19178,95.2381,92.10526,105.26316,109.09091,103.44828,68.96552,82.19178,109.58904,115.94203,88.23529,93.75,107.69231,100,115.94203,100,100,86.95652,89.55224,95.2381,95.2381,137.93103,88.23529,109.375,100]},"FREQUENCY_DISTRIBUTION":{"Y_NUM_PERSONS":[5,1,1,0,0,0,0,0,0,0,0,0,0,0,0,0,0],"X_COUNT":[1,2,3,4,5,6,7,8,9,10,11,12,13,14,15,16,17]},"MEASUREMENTS_BY_TYPE":{"CONCEPT_NAME":"Labs - Culture Organisms","COUNT_VALUE":4129},"AGE_AT_FIRST_OCCURRENCE":{"CATEGORY":["MALE","FEMALE"],"MIN_VALUE":[0,0],"P10_VALUE":[0,0],"P25_VALUE":[22,32],"MEDIAN_VALUE":[50,54],"P75_VALUE":[65,67],"P90_VALUE":[77,78],"MAX_VALUE":[302,301]},"RECORDS_BY_UNIT":{"CONCEPT_NAME":[],"COUNT_VALUE":[]},"MEASUREMENT_VALUE_DISTRIBUTION":{"CATEGORY":[],"MIN_VALUE":[],"P10_VALUE":[],"P25_VALUE":[],"MEDIAN_VALUE":[],"P75_VALUE":[],"P90_VALUE":[],"MAX_VALUE":[]},"LOWER_LIMIT_DISTRIBUTION":{"CATEGORY":[],"MIN_VALUE":[],"P10_VALUE":[],"P25_VALUE":[],"MEDIAN_VALUE":[],"P75_VALUE":[],"P90_VALUE":[],"MAX_VALUE":[]},"UPPER_LIMIT_DISTRIBUTION":{"CATEGORY":[],"MIN_VALUE":[],"P10_VALUE":[],"P25_VALUE":[],"MEDIAN_VALUE":[],"P75_VALUE":[],"P90_VALUE":[],"MAX_VALUE":[]},"VALUES_RELATIVE_TO_NORM":{"CONCEPT_NAME":[],"COUNT_VALUE":[]}}
