{"PREVALENCE_BY_GENDER_AGE_YEAR":{"TRELLIS_NAME":["50-59","50-59","70-79","60-69","50-59","40-49","50-59","60-69","50-59","70-79","50-59","60-69","60-69","50-59","40-49","40-49","50-59","50-59","60-69","60-69","40-49","60-69","40-49","50-59","50-59","50-59","50-59","60-69","70-79","50-59","40-49","40-49","50-59","60-69","50-59","50-59","50-59","40-49","50-59","40-49","40-49","60-69","50-59","40-49","40-49","50-59","50-59","40-49","40-49","60-69","50-59","60-69","40-49","50-59","40-49","50-59","40-49","70-79","50-59","40-49","60-69","50-59","40-49","50-59","60-69","50-59","40-49","60-69","70-79"],"SERIES_NAME":["MALE","MALE","MALE","MALE","MALE","MALE","FEMALE","MALE","FEMALE","MALE","MALE","MALE","MALE","MALE","MALE","MALE","MALE","MALE","MALE","MALE","MALE","MALE","MALE","MALE","MALE","MALE","MALE","MALE","MALE","MALE","MALE","MALE","MALE","MALE","MALE","FEMALE","MALE","MALE","MALE","MALE","MALE","MALE","MALE","MALE","FEMALE","FEMALE","MALE","MALE","FEMALE","MALE","MALE","MALE","MALE","MALE","MALE","MALE","MALE","FEMALE","MALE","MALE","MALE","MALE","MALE","MALE","FEMALE","MALE","MALE","MALE","MALE"],"X_CALENDAR_YEAR":[2102,2104,2108,2108,2109,2113,2114,2114,2115,2115,2118,2119,2121,2121,2121,2122,2123,2124,2124,2126,2132,2133,2133,2135,2136,2137,2139,2140,2140,2140,2140,2141,2141,2143,2145,2145,2148,2148,2150,2150,2151,2151,2153,2153,2154,2158,2159,2161,2165,2166,2167,2167,2168,2169,2179,2181,2181,2182,2182,2184,2186,2186,2187,2187,2188,2189,2191,2193,2200],"Y_PREVALENCE_1000PP":[155.55556,142.85714,95.2381,125,120.68966,206.89655,218.75,92.10526,179.48718,126.98413,96.77419,104.47761,111.11111,127.27273,222.22222,272.72727,170.73171,140,135.13514,109.58904,171.42857,117.64706,146.34146,95.2381,152.17391,150,117.64706,96.77419,155.55556,142.85714,187.5,171.42857,137.2549,95.2381,107.14286,193.54839,211.53846,250,133.33333,280,218.75,97.22222,111.11111,320,206.89655,214.28571,136.36364,212.12121,272.72727,122.44898,127.65957,146.34146,193.54839,130.43478,218.75,133.33333,181.81818,139.53488,139.53488,162.16216,127.65957,136.36364,176.47059,93.75,176.47059,120.68966,250,115.38462,107.69231]},"PREVALENCE_BY_MONTH":{"X_CALENDAR_MONTH":[210307,210801,210811,210911,211110,211112,211404,211412,211501,211504,211512,211601,211804,211810,211910,212004,212104,212201,212409,212411,212502,212712,212804,213304,213504,213611,213803,214004,214006,214007,214010,214012,214106,214308,214402,214501,214503,214505,214604,214806,214808,214812,215011,215105,215405,216106,216202,216301,216701,216904,217008,217310,217403,217501,217601,217701,217809,217908,218002,218008,218101,218109,218111,218707,219004,219403,220009],"Y_PREVALENCE_1000PP":[96.77419,93.75,95.2381,95.2381,114.28571,100,107.14286,97.22222,88.60759,88.23529,117.64706,101.69492,85.71429,96.77419,92.30769,93.75,114.7541,74.07407,93.75,96.77419,88.23529,92.30769,112.67606,75.94937,100,103.44828,84.50704,95.2381,121.21212,102.94118,145.16129,105.26316,101.69492,138.88889,114.28571,111.11111,86.95652,106.06061,101.69492,115.38462,92.30769,84.50704,89.55224,103.44828,94.59459,111.11111,98.36066,88.60759,107.69231,96.77419,101.69492,112.90323,78.94737,105.26316,125,83.33333,101.69492,73.17073,93.75,101.26582,88.23529,148.93617,96.77419,97.22222,117.64706,114.7541,89.55224]},"FREQUENCY_DISTRIBUTION":{"Y_NUM_PERSONS":[6,1,0,0,0],"X_COUNT":[1,2,3,4,5]},"MEASUREMENTS_BY_TYPE":{"CONCEPT_NAME":"Labs - Chemistry","COUNT_VALUE":3399},"AGE_AT_FIRST_OCCURRENCE":{"CATEGORY":["FEMALE","MALE"],"MIN_VALUE":[0,0],"P10_VALUE":[33,34],"P25_VALUE":[45,45],"MEDIAN_VALUE":[57,56],"P75_VALUE":[70,69],"P90_VALUE":[79,79],"MAX_VALUE":[302,301]},"RECORDS_BY_UNIT":{"CONCEPT_NAME":[],"COUNT_VALUE":[]},"MEASUREMENT_VALUE_DISTRIBUTION":{"CATEGORY":[],"MIN_VALUE":[],"P10_VALUE":[],"P25_VALUE":[],"MEDIAN_VALUE":[],"P75_VALUE":[],"P90_VALUE":[],"MAX_VALUE":[]},"LOWER_LIMIT_DISTRIBUTION":{"CATEGORY":[],"MIN_VALUE":[],"P10_VALUE":[],"P25_VALUE":[],"MEDIAN_VALUE":[],"P75_VALUE":[],"P90_VALUE":[],"MAX_VALUE":[]},"UPPER_LIMIT_DISTRIBUTION":{"CATEGORY":[],"MIN_VALUE":[],"P10_VALUE":[],"P25_VALUE":[],"MEDIAN_VALUE":[],"P75_VALUE":[],"P90_VALUE":[],"MAX_VALUE":[]},"VALUES_RELATIVE_TO_NORM":{"CONCEPT_NAME":[],"COUNT_VALUE":[]}}
