{"PREVALENCE_BY_GENDER_AGE_YEAR":{"TRELLIS_NAME":["50-59","50-59","50-59","60-69","50-59"],"SERIES_NAME":["MALE","MALE","MALE","MALE","MALE"],"X_CALENDAR_YEAR":[2139,2145,2155,2159,2184],"Y_PREVALENCE_1000PP":[117.64706,107.14286,166.66667,109.09091,96.77419]},"PREVALENCE_BY_MONTH":{"X_CALENDAR_MONTH":[210410,211505,211507,211604,211702,211810,211901,211905,211906,211908,211911,212201,212202,212205,212401,213203,213204,213205,213305,213405,213708,214006,214007,214008,214009,214012,214104,214111,214206,214210,214211,214212,214303,214902,215006,215010,215301,215307,215503,215505,215709,215710,215712,215801,215803,215805,215902,215905,215912,216701,217002,217003,217007,217008,217207,217210,217301,217306,217310,217311,217312,217401,217402,217403,217404,217405,217406,217502,217505,217506,217507,217508,217509,217511,217801,218011,218110,218210,218402,218712,218805,218808,218809,218905,218908,218909,219505,219506,219507,219508,219509,219512,219801,219802,219803,219804,219805,219806,219902,219907,219908,219909,219910,219911,219912,220001,220003,220004],"Y_PREVALENCE_1000PP":[96.77419,112.67606,122.80702,89.55224,114.28571,96.77419,93.75,101.44928,145.45455,100,88.23529,98.76543,86.95652,90.90909,86.95652,117.64706,81.08108,106.06061,79.54545,83.33333,82.19178,90.90909,88.23529,95.89041,93.33333,105.26316,84.50704,111.11111,78.94737,95.2381,123.07692,163.26531,100,113.20755,101.69492,120,88.23529,109.375,148.14815,140.625,106.06061,109.09091,114.28571,109.375,85.71429,100,102.5641,92.30769,103.44828,92.30769,103.44828,85.71429,93.33333,101.69492,101.44928,85.71429,101.69492,89.55224,96.77419,100,121.21212,100,145.45455,105.26316,157.89474,108.10811,103.44828,140.35088,90.90909,135.59322,102.94118,104.47761,97.22222,100,85.71429,101.44928,81.08108,101.69492,105.26316,90.90909,89.55224,84.50704,100,105.26316,100,84.50704,100,127.27273,95.2381,102.94118,107.69231,96.77419,89.55224,120.68966,137.93103,127.65957,114.28571,127.27273,113.20755,82.19178,98.59155,102.94118,89.55224,115.38462,95.2381,134.32836,94.59459,107.14286]},"FREQUENCY_DISTRIBUTION":{"Y_NUM_PERSONS":[1,1,1,1,1,1,1,1,1,1,1,1,1,1,1,1,1,1,1,1,1,1,1,1,1,1,1,1,1,1,1,0,0,0,0,0,0,0,0,0,0,0,0,0,0,0,0,0,0,0,0,0,0,0,0,0,0,0,0,0,0,0,0,0,0,0,0,0,0,0,0,0,0,0,0,0,0,0,0,0,0,0,0,0,0,0,0,0,0,0,0,0,0,0,0,0,0,0,0,0,0,0,0,0,0,0,0,0,0,0,0,0,0,0,0,0],"X_COUNT":[1,2,3,4,5,6,7,8,9,10,11,12,13,14,15,16,17,18,19,20,21,22,23,24,25,26,27,28,29,30,31,32,33,34,35,36,37,38,39,40,41,42,43,44,45,46,47,48,49,50,51,52,53,54,55,56,57,58,60,61,62,63,64,65,66,67,68,69,70,71,72,73,74,75,76,77,78,79,81,82,83,84,88,90,91,92,93,94,96,97,98,101,102,104,105,106,107,108,109,113,114,118,119,121,123,125,126,127,130,131,133,135,137,138,166,168]},"MEASUREMENTS_BY_TYPE":{"CONCEPT_NAME":"Labs - Chemistry","COUNT_VALUE":21630},"AGE_AT_FIRST_OCCURRENCE":{"CATEGORY":["FEMALE","MALE"],"MIN_VALUE":[16,21],"P10_VALUE":[37,42],"P25_VALUE":[45,48],"MEDIAN_VALUE":[52,55],"P75_VALUE":[61,62],"P90_VALUE":[68,69],"MAX_VALUE":[80,300]},"RECORDS_BY_UNIT":{"CONCEPT_NAME":"nanogram per milliliter","COUNT_VALUE":21630},"MEASUREMENT_VALUE_DISTRIBUTION":{"CATEGORY":"nanogram per milliliter","MIN_VALUE":0,"P10_VALUE":3.8,"P25_VALUE":5.8,"MEDIAN_VALUE":8.3,"P75_VALUE":11.3,"P90_VALUE":14.6,"MAX_VALUE":93.2},"LOWER_LIMIT_DISTRIBUTION":{"CATEGORY":[],"MIN_VALUE":[],"P10_VALUE":[],"P25_VALUE":[],"MEDIAN_VALUE":[],"P75_VALUE":[],"P90_VALUE":[],"MAX_VALUE":[]},"UPPER_LIMIT_DISTRIBUTION":{"CATEGORY":[],"MIN_VALUE":[],"P10_VALUE":[],"P25_VALUE":[],"MEDIAN_VALUE":[],"P75_VALUE":[],"P90_VALUE":[],"MAX_VALUE":[]},"VALUES_RELATIVE_TO_NORM":{"CONCEPT_NAME":[],"COUNT_VALUE":[]}}
